ISO-10303-21;
HEADER;
/* Generated by software containing ST-Developer
 * from STEP Tools, Inc. (www.steptools.com) 
 */
/* OPTION: using custom renumber hook */

FILE_DESCRIPTION(
/* description */ ('STEP AP242 Edition 2',
'CAx-IF Rec.Pracs.---Representation and Presentation of Product Manufa
cturing Information (PMI)---4.0---2014-10-13',
'CAx-IF Rec.Pracs.---3D Tessellated Geometry---0.4---2014-09-14','2;1',
'CAx-IF Rec.Pracs.---User Defined Attributes---1.5---2016-08-15'),
/* implementation_level */ '2;1');

FILE_NAME(
/* name */ 'base plate',
/* time_stamp */ '2026-08-14T04:18:48Z',
/* author */ (''),
/* organization */ (''),
/* preprocessor_version */ 'ST-DEVELOPER v20',
/* originating_system */ 'ONSHAPE BY PTC INC, 1.219',
/* authorisation */ '  ');

FILE_SCHEMA (('AP242_MANAGED_MODEL_BASED_3D_ENGINEERING_MIM_LF { 1 0 10303 442 3 1 4 }'));
ENDSEC;

DATA;
#10=SHAPE_REPRESENTATION_RELATIONSHIP('','',#2061,#11);
#11=ADVANCED_BREP_SHAPE_REPRESENTATION('',(#2059),#3370);
#12=CIRCLE('',#2067,0.0113765540838339);
#13=CIRCLE('',#2068,0.0113765540838339);
#14=CIRCLE('',#2073,0.01143);
#15=CIRCLE('',#2074,0.01143);
#16=CIRCLE('',#2087,0.0118713529562238);
#17=CIRCLE('',#2088,0.0118713529562238);
#18=CIRCLE('',#2091,0.00762);
#19=CIRCLE('',#2092,0.00762);
#20=CIRCLE('',#2097,0.0118713529562238);
#21=CIRCLE('',#2098,0.0118713529562238);
#22=CIRCLE('',#2101,0.00762);
#23=CIRCLE('',#2102,0.00762);
#24=CIRCLE('',#2107,0.0106524367549808);
#25=CIRCLE('',#2108,0.0106524367549808);
#26=CIRCLE('',#2111,0.0106524367549808);
#27=CIRCLE('',#2112,0.0106524367549808);
#28=CIRCLE('',#2115,0.01143);
#29=CIRCLE('',#2116,0.01143);
#30=CIRCLE('',#2120,0.00780077085224453);
#31=CIRCLE('',#2121,0.00780077085224453);
#32=CIRCLE('',#2131,0.00981136391748426);
#33=CIRCLE('',#2132,0.00981136391748426);
#34=CIRCLE('',#2135,0.00981136391748426);
#35=CIRCLE('',#2136,0.00981136391748426);
#36=CIRCLE('',#2138,0.0113765540838339);
#37=CIRCLE('',#2139,0.0113765540838339);
#38=CIRCLE('',#2145,0.00773409010302627);
#39=CIRCLE('',#2146,0.0116509946520126);
#40=CIRCLE('',#2147,0.0116509946520126);
#41=CIRCLE('',#2149,0.00773409010302627);
#42=CIRCLE('',#2150,0.0116509946520126);
#43=CIRCLE('',#2151,0.0116509946520126);
#44=CIRCLE('',#2160,0.0116509946520126);
#45=CIRCLE('',#2161,0.0116509946520126);
#46=CIRCLE('',#2167,0.0116509946520126);
#47=CIRCLE('',#2168,0.0116509946520126);
#48=CIRCLE('',#2170,0.00773409010302627);
#49=CIRCLE('',#2171,0.00773409010302627);
#50=CIRCLE('',#2177,0.0116509946520126);
#51=CIRCLE('',#2178,0.0116509946520126);
#52=CIRCLE('',#2181,0.0116509946520126);
#53=CIRCLE('',#2182,0.0116509946520126);
#54=CIRCLE('',#2185,0.00773409010302627);
#55=CIRCLE('',#2186,0.00773409010302627);
#56=CIRCLE('',#2192,0.00773409010302627);
#57=CIRCLE('',#2193,0.00773409010302627);
#58=CIRCLE('',#2196,0.0116509946520126);
#59=CIRCLE('',#2197,0.0116509946520126);
#60=CIRCLE('',#2200,0.0116509946520126);
#61=CIRCLE('',#2201,0.0116509946520126);
#62=CIRCLE('',#2214,0.00981136391748426);
#63=CIRCLE('',#2215,0.00981136391748426);
#64=CIRCLE('',#2218,0.00981136391748426);
#65=CIRCLE('',#2219,0.00981136391748426);
#66=CIRCLE('',#2221,0.0113765540838339);
#67=CIRCLE('',#2222,0.0113765540838339);
#68=CIRCLE('',#2226,0.00777913711269737);
#69=CIRCLE('',#2227,0.00777913711269737);
#70=CYLINDRICAL_SURFACE('',#2066,0.0113765540838339);
#71=CYLINDRICAL_SURFACE('',#2072,0.01143);
#72=CYLINDRICAL_SURFACE('',#2086,0.0118713529562238);
#73=CYLINDRICAL_SURFACE('',#2090,0.00762);
#74=CYLINDRICAL_SURFACE('',#2096,0.0118713529562238);
#75=CYLINDRICAL_SURFACE('',#2100,0.00762);
#76=CYLINDRICAL_SURFACE('',#2106,0.0106524367549808);
#77=CYLINDRICAL_SURFACE('',#2110,0.0106524367549808);
#78=CYLINDRICAL_SURFACE('',#2114,0.01143);
#79=CYLINDRICAL_SURFACE('',#2119,0.00780077085224453);
#80=CYLINDRICAL_SURFACE('',#2130,0.00981136391748426);
#81=CYLINDRICAL_SURFACE('',#2134,0.00981136391748426);
#82=CYLINDRICAL_SURFACE('',#2137,0.0113765540838339);
#83=CYLINDRICAL_SURFACE('',#2152,0.0116509946520126);
#84=CYLINDRICAL_SURFACE('',#2155,0.0116509946520126);
#85=CYLINDRICAL_SURFACE('',#2156,0.00773409010302627);
#86=CYLINDRICAL_SURFACE('',#2159,0.0116509946520126);
#87=CYLINDRICAL_SURFACE('',#2166,0.0116509946520126);
#88=CYLINDRICAL_SURFACE('',#2169,0.00773409010302627);
#89=CYLINDRICAL_SURFACE('',#2176,0.0116509946520126);
#90=CYLINDRICAL_SURFACE('',#2180,0.0116509946520126);
#91=CYLINDRICAL_SURFACE('',#2184,0.00773409010302627);
#92=CYLINDRICAL_SURFACE('',#2191,0.00773409010302627);
#93=CYLINDRICAL_SURFACE('',#2195,0.0116509946520126);
#94=CYLINDRICAL_SURFACE('',#2199,0.0116509946520126);
#95=CYLINDRICAL_SURFACE('',#2213,0.00981136391748426);
#96=CYLINDRICAL_SURFACE('',#2217,0.00981136391748426);
#97=CYLINDRICAL_SURFACE('',#2220,0.0113765540838339);
#98=CYLINDRICAL_SURFACE('',#2225,0.00777913711269737);
#99=ORIENTED_EDGE('',*,*,#649,.F.);
#100=ORIENTED_EDGE('',*,*,#650,.T.);
#101=ORIENTED_EDGE('',*,*,#651,.F.);
#102=ORIENTED_EDGE('',*,*,#652,.F.);
#103=ORIENTED_EDGE('',*,*,#653,.F.);
#104=ORIENTED_EDGE('',*,*,#654,.F.);
#105=ORIENTED_EDGE('',*,*,#655,.T.);
#106=ORIENTED_EDGE('',*,*,#656,.T.);
#107=ORIENTED_EDGE('',*,*,#657,.F.);
#108=ORIENTED_EDGE('',*,*,#658,.T.);
#109=ORIENTED_EDGE('',*,*,#652,.T.);
#110=ORIENTED_EDGE('',*,*,#659,.F.);
#111=ORIENTED_EDGE('',*,*,#660,.F.);
#112=ORIENTED_EDGE('',*,*,#661,.T.);
#113=ORIENTED_EDGE('',*,*,#662,.F.);
#114=ORIENTED_EDGE('',*,*,#663,.F.);
#115=ORIENTED_EDGE('',*,*,#664,.T.);
#116=ORIENTED_EDGE('',*,*,#665,.F.);
#117=ORIENTED_EDGE('',*,*,#666,.F.);
#118=ORIENTED_EDGE('',*,*,#667,.T.);
#119=ORIENTED_EDGE('',*,*,#668,.T.);
#120=ORIENTED_EDGE('',*,*,#669,.F.);
#121=ORIENTED_EDGE('',*,*,#670,.F.);
#122=ORIENTED_EDGE('',*,*,#671,.T.);
#123=ORIENTED_EDGE('',*,*,#672,.T.);
#124=ORIENTED_EDGE('',*,*,#673,.F.);
#125=ORIENTED_EDGE('',*,*,#674,.T.);
#126=ORIENTED_EDGE('',*,*,#675,.F.);
#127=ORIENTED_EDGE('',*,*,#676,.F.);
#128=ORIENTED_EDGE('',*,*,#677,.F.);
#129=ORIENTED_EDGE('',*,*,#678,.F.);
#130=ORIENTED_EDGE('',*,*,#679,.T.);
#131=ORIENTED_EDGE('',*,*,#680,.T.);
#132=ORIENTED_EDGE('',*,*,#681,.T.);
#133=ORIENTED_EDGE('',*,*,#682,.F.);
#134=ORIENTED_EDGE('',*,*,#683,.F.);
#135=ORIENTED_EDGE('',*,*,#684,.T.);
#136=ORIENTED_EDGE('',*,*,#685,.T.);
#137=ORIENTED_EDGE('',*,*,#686,.F.);
#138=ORIENTED_EDGE('',*,*,#687,.T.);
#139=ORIENTED_EDGE('',*,*,#659,.T.);
#140=ORIENTED_EDGE('',*,*,#651,.T.);
#141=ORIENTED_EDGE('',*,*,#688,.F.);
#142=ORIENTED_EDGE('',*,*,#689,.F.);
#143=ORIENTED_EDGE('',*,*,#690,.T.);
#144=ORIENTED_EDGE('',*,*,#677,.T.);
#145=ORIENTED_EDGE('',*,*,#691,.T.);
#146=ORIENTED_EDGE('',*,*,#692,.T.);
#147=ORIENTED_EDGE('',*,*,#693,.T.);
#148=ORIENTED_EDGE('',*,*,#694,.F.);
#149=ORIENTED_EDGE('',*,*,#695,.F.);
#150=ORIENTED_EDGE('',*,*,#696,.T.);
#151=ORIENTED_EDGE('',*,*,#669,.T.);
#152=ORIENTED_EDGE('',*,*,#697,.F.);
#153=ORIENTED_EDGE('',*,*,#698,.F.);
#154=ORIENTED_EDGE('',*,*,#699,.F.);
#155=ORIENTED_EDGE('',*,*,#700,.F.);
#156=ORIENTED_EDGE('',*,*,#701,.F.);
#157=ORIENTED_EDGE('',*,*,#702,.T.);
#158=ORIENTED_EDGE('',*,*,#703,.F.);
#159=ORIENTED_EDGE('',*,*,#704,.F.);
#160=ORIENTED_EDGE('',*,*,#705,.T.);
#161=ORIENTED_EDGE('',*,*,#675,.T.);
#162=ORIENTED_EDGE('',*,*,#706,.F.);
#163=ORIENTED_EDGE('',*,*,#707,.F.);
#164=ORIENTED_EDGE('',*,*,#708,.T.);
#165=ORIENTED_EDGE('',*,*,#709,.F.);
#166=ORIENTED_EDGE('',*,*,#710,.F.);
#167=ORIENTED_EDGE('',*,*,#711,.F.);
#168=ORIENTED_EDGE('',*,*,#712,.T.);
#169=ORIENTED_EDGE('',*,*,#713,.T.);
#170=ORIENTED_EDGE('',*,*,#681,.F.);
#171=ORIENTED_EDGE('',*,*,#714,.T.);
#172=ORIENTED_EDGE('',*,*,#715,.F.);
#173=ORIENTED_EDGE('',*,*,#716,.F.);
#174=ORIENTED_EDGE('',*,*,#689,.T.);
#175=ORIENTED_EDGE('',*,*,#717,.T.);
#176=ORIENTED_EDGE('',*,*,#704,.T.);
#177=ORIENTED_EDGE('',*,*,#718,.T.);
#178=ORIENTED_EDGE('',*,*,#719,.F.);
#179=ORIENTED_EDGE('',*,*,#720,.F.);
#180=ORIENTED_EDGE('',*,*,#715,.T.);
#181=ORIENTED_EDGE('',*,*,#721,.T.);
#182=ORIENTED_EDGE('',*,*,#722,.F.);
#183=ORIENTED_EDGE('',*,*,#723,.F.);
#184=ORIENTED_EDGE('',*,*,#719,.T.);
#185=ORIENTED_EDGE('',*,*,#724,.F.);
#186=ORIENTED_EDGE('',*,*,#725,.F.);
#187=ORIENTED_EDGE('',*,*,#726,.T.);
#188=ORIENTED_EDGE('',*,*,#722,.T.);
#189=ORIENTED_EDGE('',*,*,#727,.F.);
#190=ORIENTED_EDGE('',*,*,#712,.F.);
#191=ORIENTED_EDGE('',*,*,#728,.F.);
#192=ORIENTED_EDGE('',*,*,#729,.F.);
#193=ORIENTED_EDGE('',*,*,#730,.T.);
#194=ORIENTED_EDGE('',*,*,#725,.T.);
#195=ORIENTED_EDGE('',*,*,#731,.F.);
#196=ORIENTED_EDGE('',*,*,#732,.T.);
#197=ORIENTED_EDGE('',*,*,#733,.T.);
#198=ORIENTED_EDGE('',*,*,#734,.T.);
#199=ORIENTED_EDGE('',*,*,#729,.T.);
#200=ORIENTED_EDGE('',*,*,#735,.T.);
#201=ORIENTED_EDGE('',*,*,#679,.F.);
#202=ORIENTED_EDGE('',*,*,#736,.F.);
#203=ORIENTED_EDGE('',*,*,#678,.T.);
#204=ORIENTED_EDGE('',*,*,#690,.F.);
#205=ORIENTED_EDGE('',*,*,#716,.T.);
#206=ORIENTED_EDGE('',*,*,#720,.T.);
#207=ORIENTED_EDGE('',*,*,#723,.T.);
#208=ORIENTED_EDGE('',*,*,#726,.F.);
#209=ORIENTED_EDGE('',*,*,#730,.F.);
#210=ORIENTED_EDGE('',*,*,#736,.T.);
#211=ORIENTED_EDGE('',*,*,#674,.F.);
#212=ORIENTED_EDGE('',*,*,#713,.F.);
#213=ORIENTED_EDGE('',*,*,#727,.T.);
#214=ORIENTED_EDGE('',*,*,#724,.T.);
#215=ORIENTED_EDGE('',*,*,#721,.F.);
#216=ORIENTED_EDGE('',*,*,#718,.F.);
#217=ORIENTED_EDGE('',*,*,#714,.F.);
#218=ORIENTED_EDGE('',*,*,#706,.T.);
#219=ORIENTED_EDGE('',*,*,#737,.F.);
#220=ORIENTED_EDGE('',*,*,#738,.F.);
#221=ORIENTED_EDGE('',*,*,#739,.T.);
#222=ORIENTED_EDGE('',*,*,#728,.T.);
#223=ORIENTED_EDGE('',*,*,#740,.F.);
#224=ORIENTED_EDGE('',*,*,#741,.F.);
#225=ORIENTED_EDGE('',*,*,#742,.T.);
#226=ORIENTED_EDGE('',*,*,#738,.T.);
#227=ORIENTED_EDGE('',*,*,#743,.T.);
#228=ORIENTED_EDGE('',*,*,#680,.F.);
#229=ORIENTED_EDGE('',*,*,#744,.F.);
#230=ORIENTED_EDGE('',*,*,#741,.T.);
#231=ORIENTED_EDGE('',*,*,#745,.T.);
#232=ORIENTED_EDGE('',*,*,#746,.F.);
#233=ORIENTED_EDGE('',*,*,#735,.F.);
#234=ORIENTED_EDGE('',*,*,#739,.F.);
#235=ORIENTED_EDGE('',*,*,#742,.F.);
#236=ORIENTED_EDGE('',*,*,#744,.T.);
#237=ORIENTED_EDGE('',*,*,#745,.F.);
#238=ORIENTED_EDGE('',*,*,#711,.T.);
#239=ORIENTED_EDGE('',*,*,#743,.F.);
#240=ORIENTED_EDGE('',*,*,#740,.T.);
#241=ORIENTED_EDGE('',*,*,#737,.T.);
#242=ORIENTED_EDGE('',*,*,#746,.T.);
#243=ORIENTED_EDGE('',*,*,#747,.F.);
#244=ORIENTED_EDGE('',*,*,#748,.F.);
#245=ORIENTED_EDGE('',*,*,#749,.T.);
#246=ORIENTED_EDGE('',*,*,#676,.T.);
#247=ORIENTED_EDGE('',*,*,#750,.T.);
#248=ORIENTED_EDGE('',*,*,#751,.F.);
#249=ORIENTED_EDGE('',*,*,#752,.F.);
#250=ORIENTED_EDGE('',*,*,#748,.T.);
#251=ORIENTED_EDGE('',*,*,#753,.T.);
#252=ORIENTED_EDGE('',*,*,#717,.F.);
#253=ORIENTED_EDGE('',*,*,#754,.F.);
#254=ORIENTED_EDGE('',*,*,#751,.T.);
#255=ORIENTED_EDGE('',*,*,#755,.F.);
#256=ORIENTED_EDGE('',*,*,#756,.T.);
#257=ORIENTED_EDGE('',*,*,#749,.F.);
#258=ORIENTED_EDGE('',*,*,#752,.T.);
#259=ORIENTED_EDGE('',*,*,#754,.T.);
#260=ORIENTED_EDGE('',*,*,#688,.T.);
#261=ORIENTED_EDGE('',*,*,#755,.T.);
#262=ORIENTED_EDGE('',*,*,#747,.T.);
#263=ORIENTED_EDGE('',*,*,#705,.F.);
#264=ORIENTED_EDGE('',*,*,#753,.F.);
#265=ORIENTED_EDGE('',*,*,#750,.F.);
#266=ORIENTED_EDGE('',*,*,#756,.F.);
#267=ORIENTED_EDGE('',*,*,#757,.T.);
#268=ORIENTED_EDGE('',*,*,#758,.F.);
#269=ORIENTED_EDGE('',*,*,#759,.F.);
#270=ORIENTED_EDGE('',*,*,#670,.T.);
#271=ORIENTED_EDGE('',*,*,#760,.T.);
#272=ORIENTED_EDGE('',*,*,#761,.F.);
#273=ORIENTED_EDGE('',*,*,#762,.F.);
#274=ORIENTED_EDGE('',*,*,#758,.T.);
#275=ORIENTED_EDGE('',*,*,#763,.F.);
#276=ORIENTED_EDGE('',*,*,#764,.F.);
#277=ORIENTED_EDGE('',*,*,#765,.T.);
#278=ORIENTED_EDGE('',*,*,#761,.T.);
#279=ORIENTED_EDGE('',*,*,#766,.T.);
#280=ORIENTED_EDGE('',*,*,#767,.F.);
#281=ORIENTED_EDGE('',*,*,#768,.F.);
#282=ORIENTED_EDGE('',*,*,#764,.T.);
#283=ORIENTED_EDGE('',*,*,#769,.F.);
#284=ORIENTED_EDGE('',*,*,#672,.F.);
#285=ORIENTED_EDGE('',*,*,#770,.T.);
#286=ORIENTED_EDGE('',*,*,#767,.T.);
#287=ORIENTED_EDGE('',*,*,#771,.F.);
#288=ORIENTED_EDGE('',*,*,#772,.T.);
#289=ORIENTED_EDGE('',*,*,#671,.F.);
#290=ORIENTED_EDGE('',*,*,#759,.T.);
#291=ORIENTED_EDGE('',*,*,#762,.T.);
#292=ORIENTED_EDGE('',*,*,#765,.F.);
#293=ORIENTED_EDGE('',*,*,#768,.T.);
#294=ORIENTED_EDGE('',*,*,#770,.F.);
#295=ORIENTED_EDGE('',*,*,#772,.F.);
#296=ORIENTED_EDGE('',*,*,#673,.T.);
#297=ORIENTED_EDGE('',*,*,#769,.T.);
#298=ORIENTED_EDGE('',*,*,#766,.F.);
#299=ORIENTED_EDGE('',*,*,#763,.T.);
#300=ORIENTED_EDGE('',*,*,#760,.F.);
#301=ORIENTED_EDGE('',*,*,#757,.F.);
#302=ORIENTED_EDGE('',*,*,#699,.T.);
#303=ORIENTED_EDGE('',*,*,#773,.T.);
#304=ORIENTED_EDGE('',*,*,#774,.F.);
#305=ORIENTED_EDGE('',*,*,#773,.F.);
#306=ORIENTED_EDGE('',*,*,#771,.T.);
#307=ORIENTED_EDGE('',*,*,#667,.F.);
#308=ORIENTED_EDGE('',*,*,#775,.F.);
#309=ORIENTED_EDGE('',*,*,#776,.T.);
#310=ORIENTED_EDGE('',*,*,#777,.T.);
#311=ORIENTED_EDGE('',*,*,#666,.T.);
#312=ORIENTED_EDGE('',*,*,#778,.F.);
#313=ORIENTED_EDGE('',*,*,#779,.F.);
#314=ORIENTED_EDGE('',*,*,#775,.T.);
#315=ORIENTED_EDGE('',*,*,#665,.T.);
#316=ORIENTED_EDGE('',*,*,#780,.T.);
#317=ORIENTED_EDGE('',*,*,#781,.F.);
#318=ORIENTED_EDGE('',*,*,#778,.T.);
#319=ORIENTED_EDGE('',*,*,#668,.F.);
#320=ORIENTED_EDGE('',*,*,#777,.F.);
#321=ORIENTED_EDGE('',*,*,#782,.T.);
#322=ORIENTED_EDGE('',*,*,#697,.T.);
#323=ORIENTED_EDGE('',*,*,#783,.F.);
#324=ORIENTED_EDGE('',*,*,#695,.T.);
#325=ORIENTED_EDGE('',*,*,#782,.F.);
#326=ORIENTED_EDGE('',*,*,#776,.F.);
#327=ORIENTED_EDGE('',*,*,#779,.T.);
#328=ORIENTED_EDGE('',*,*,#781,.T.);
#329=ORIENTED_EDGE('',*,*,#784,.F.);
#330=ORIENTED_EDGE('',*,*,#785,.T.);
#331=ORIENTED_EDGE('',*,*,#696,.F.);
#332=ORIENTED_EDGE('',*,*,#783,.T.);
#333=ORIENTED_EDGE('',*,*,#786,.F.);
#334=ORIENTED_EDGE('',*,*,#787,.F.);
#335=ORIENTED_EDGE('',*,*,#788,.T.);
#336=ORIENTED_EDGE('',*,*,#662,.T.);
#337=ORIENTED_EDGE('',*,*,#780,.F.);
#338=ORIENTED_EDGE('',*,*,#664,.F.);
#339=ORIENTED_EDGE('',*,*,#789,.T.);
#340=ORIENTED_EDGE('',*,*,#790,.T.);
#341=ORIENTED_EDGE('',*,*,#791,.F.);
#342=ORIENTED_EDGE('',*,*,#784,.T.);
#343=ORIENTED_EDGE('',*,*,#792,.T.);
#344=ORIENTED_EDGE('',*,*,#793,.F.);
#345=ORIENTED_EDGE('',*,*,#794,.F.);
#346=ORIENTED_EDGE('',*,*,#787,.T.);
#347=ORIENTED_EDGE('',*,*,#795,.F.);
#348=ORIENTED_EDGE('',*,*,#796,.F.);
#349=ORIENTED_EDGE('',*,*,#797,.T.);
#350=ORIENTED_EDGE('',*,*,#793,.T.);
#351=ORIENTED_EDGE('',*,*,#798,.T.);
#352=ORIENTED_EDGE('',*,*,#790,.F.);
#353=ORIENTED_EDGE('',*,*,#799,.F.);
#354=ORIENTED_EDGE('',*,*,#796,.T.);
#355=ORIENTED_EDGE('',*,*,#800,.F.);
#356=ORIENTED_EDGE('',*,*,#801,.T.);
#357=ORIENTED_EDGE('',*,*,#788,.F.);
#358=ORIENTED_EDGE('',*,*,#794,.T.);
#359=ORIENTED_EDGE('',*,*,#797,.F.);
#360=ORIENTED_EDGE('',*,*,#799,.T.);
#361=ORIENTED_EDGE('',*,*,#789,.F.);
#362=ORIENTED_EDGE('',*,*,#663,.T.);
#363=ORIENTED_EDGE('',*,*,#801,.F.);
#364=ORIENTED_EDGE('',*,*,#785,.F.);
#365=ORIENTED_EDGE('',*,*,#791,.T.);
#366=ORIENTED_EDGE('',*,*,#798,.F.);
#367=ORIENTED_EDGE('',*,*,#795,.T.);
#368=ORIENTED_EDGE('',*,*,#792,.F.);
#369=ORIENTED_EDGE('',*,*,#786,.T.);
#370=ORIENTED_EDGE('',*,*,#660,.T.);
#371=ORIENTED_EDGE('',*,*,#802,.T.);
#372=ORIENTED_EDGE('',*,*,#709,.T.);
#373=ORIENTED_EDGE('',*,*,#803,.F.);
#374=ORIENTED_EDGE('',*,*,#804,.T.);
#375=ORIENTED_EDGE('',*,*,#805,.F.);
#376=ORIENTED_EDGE('',*,*,#707,.T.);
#377=ORIENTED_EDGE('',*,*,#806,.T.);
#378=ORIENTED_EDGE('',*,*,#807,.F.);
#379=ORIENTED_EDGE('',*,*,#808,.T.);
#380=ORIENTED_EDGE('',*,*,#708,.F.);
#381=ORIENTED_EDGE('',*,*,#805,.T.);
#382=ORIENTED_EDGE('',*,*,#809,.T.);
#383=ORIENTED_EDGE('',*,*,#810,.F.);
#384=ORIENTED_EDGE('',*,*,#811,.F.);
#385=ORIENTED_EDGE('',*,*,#812,.F.);
#386=ORIENTED_EDGE('',*,*,#813,.T.);
#387=ORIENTED_EDGE('',*,*,#803,.T.);
#388=ORIENTED_EDGE('',*,*,#814,.F.);
#389=ORIENTED_EDGE('',*,*,#806,.F.);
#390=ORIENTED_EDGE('',*,*,#710,.T.);
#391=ORIENTED_EDGE('',*,*,#802,.F.);
#392=ORIENTED_EDGE('',*,*,#815,.F.);
#393=ORIENTED_EDGE('',*,*,#816,.T.);
#394=ORIENTED_EDGE('',*,*,#817,.T.);
#395=ORIENTED_EDGE('',*,*,#818,.T.);
#396=ORIENTED_EDGE('',*,*,#819,.F.);
#397=ORIENTED_EDGE('',*,*,#816,.F.);
#398=ORIENTED_EDGE('',*,*,#820,.F.);
#399=ORIENTED_EDGE('',*,*,#812,.T.);
#400=ORIENTED_EDGE('',*,*,#821,.T.);
#401=ORIENTED_EDGE('',*,*,#815,.T.);
#402=ORIENTED_EDGE('',*,*,#804,.F.);
#403=ORIENTED_EDGE('',*,*,#813,.F.);
#404=ORIENTED_EDGE('',*,*,#820,.T.);
#405=ORIENTED_EDGE('',*,*,#819,.T.);
#406=ORIENTED_EDGE('',*,*,#822,.F.);
#407=ORIENTED_EDGE('',*,*,#809,.F.);
#408=ORIENTED_EDGE('',*,*,#807,.T.);
#409=ORIENTED_EDGE('',*,*,#818,.F.);
#410=ORIENTED_EDGE('',*,*,#823,.F.);
#411=ORIENTED_EDGE('',*,*,#810,.T.);
#412=ORIENTED_EDGE('',*,*,#822,.T.);
#413=ORIENTED_EDGE('',*,*,#808,.F.);
#414=ORIENTED_EDGE('',*,*,#814,.T.);
#415=ORIENTED_EDGE('',*,*,#817,.F.);
#416=ORIENTED_EDGE('',*,*,#821,.F.);
#417=ORIENTED_EDGE('',*,*,#811,.T.);
#418=ORIENTED_EDGE('',*,*,#823,.T.);
#419=ORIENTED_EDGE('',*,*,#824,.F.);
#420=ORIENTED_EDGE('',*,*,#825,.F.);
#421=ORIENTED_EDGE('',*,*,#826,.T.);
#422=ORIENTED_EDGE('',*,*,#827,.T.);
#423=ORIENTED_EDGE('',*,*,#828,.T.);
#424=ORIENTED_EDGE('',*,*,#829,.F.);
#425=ORIENTED_EDGE('',*,*,#830,.F.);
#426=ORIENTED_EDGE('',*,*,#825,.T.);
#427=ORIENTED_EDGE('',*,*,#831,.F.);
#428=ORIENTED_EDGE('',*,*,#832,.F.);
#429=ORIENTED_EDGE('',*,*,#833,.T.);
#430=ORIENTED_EDGE('',*,*,#829,.T.);
#431=ORIENTED_EDGE('',*,*,#834,.F.);
#432=ORIENTED_EDGE('',*,*,#701,.T.);
#433=ORIENTED_EDGE('',*,*,#835,.T.);
#434=ORIENTED_EDGE('',*,*,#832,.T.);
#435=ORIENTED_EDGE('',*,*,#836,.T.);
#436=ORIENTED_EDGE('',*,*,#703,.T.);
#437=ORIENTED_EDGE('',*,*,#837,.F.);
#438=ORIENTED_EDGE('',*,*,#838,.F.);
#439=ORIENTED_EDGE('',*,*,#839,.F.);
#440=ORIENTED_EDGE('',*,*,#840,.F.);
#441=ORIENTED_EDGE('',*,*,#841,.T.);
#442=ORIENTED_EDGE('',*,*,#838,.T.);
#443=ORIENTED_EDGE('',*,*,#842,.T.);
#444=ORIENTED_EDGE('',*,*,#827,.F.);
#445=ORIENTED_EDGE('',*,*,#843,.F.);
#446=ORIENTED_EDGE('',*,*,#840,.T.);
#447=ORIENTED_EDGE('',*,*,#844,.T.);
#448=ORIENTED_EDGE('',*,*,#845,.F.);
#449=ORIENTED_EDGE('',*,*,#835,.F.);
#450=ORIENTED_EDGE('',*,*,#700,.T.);
#451=ORIENTED_EDGE('',*,*,#836,.F.);
#452=ORIENTED_EDGE('',*,*,#841,.F.);
#453=ORIENTED_EDGE('',*,*,#843,.T.);
#454=ORIENTED_EDGE('',*,*,#826,.F.);
#455=ORIENTED_EDGE('',*,*,#830,.T.);
#456=ORIENTED_EDGE('',*,*,#833,.F.);
#457=ORIENTED_EDGE('',*,*,#844,.F.);
#458=ORIENTED_EDGE('',*,*,#702,.F.);
#459=ORIENTED_EDGE('',*,*,#834,.T.);
#460=ORIENTED_EDGE('',*,*,#831,.T.);
#461=ORIENTED_EDGE('',*,*,#828,.F.);
#462=ORIENTED_EDGE('',*,*,#824,.T.);
#463=ORIENTED_EDGE('',*,*,#842,.F.);
#464=ORIENTED_EDGE('',*,*,#839,.T.);
#465=ORIENTED_EDGE('',*,*,#837,.T.);
#466=ORIENTED_EDGE('',*,*,#845,.T.);
#467=ORIENTED_EDGE('',*,*,#774,.T.);
#468=ORIENTED_EDGE('',*,*,#698,.T.);
#469=ORIENTED_EDGE('',*,*,#846,.F.);
#470=ORIENTED_EDGE('',*,*,#847,.F.);
#471=ORIENTED_EDGE('',*,*,#848,.T.);
#472=ORIENTED_EDGE('',*,*,#849,.T.);
#473=ORIENTED_EDGE('',*,*,#850,.T.);
#474=ORIENTED_EDGE('',*,*,#851,.F.);
#475=ORIENTED_EDGE('',*,*,#852,.F.);
#476=ORIENTED_EDGE('',*,*,#847,.T.);
#477=ORIENTED_EDGE('',*,*,#853,.T.);
#478=ORIENTED_EDGE('',*,*,#854,.F.);
#479=ORIENTED_EDGE('',*,*,#855,.F.);
#480=ORIENTED_EDGE('',*,*,#851,.T.);
#481=ORIENTED_EDGE('',*,*,#856,.T.);
#482=ORIENTED_EDGE('',*,*,#857,.F.);
#483=ORIENTED_EDGE('',*,*,#858,.F.);
#484=ORIENTED_EDGE('',*,*,#854,.T.);
#485=ORIENTED_EDGE('',*,*,#859,.F.);
#486=ORIENTED_EDGE('',*,*,#860,.F.);
#487=ORIENTED_EDGE('',*,*,#861,.T.);
#488=ORIENTED_EDGE('',*,*,#857,.T.);
#489=ORIENTED_EDGE('',*,*,#862,.T.);
#490=ORIENTED_EDGE('',*,*,#863,.F.);
#491=ORIENTED_EDGE('',*,*,#862,.F.);
#492=ORIENTED_EDGE('',*,*,#731,.T.);
#493=ORIENTED_EDGE('',*,*,#864,.F.);
#494=ORIENTED_EDGE('',*,*,#848,.F.);
#495=ORIENTED_EDGE('',*,*,#852,.T.);
#496=ORIENTED_EDGE('',*,*,#855,.T.);
#497=ORIENTED_EDGE('',*,*,#858,.T.);
#498=ORIENTED_EDGE('',*,*,#861,.F.);
#499=ORIENTED_EDGE('',*,*,#865,.F.);
#500=ORIENTED_EDGE('',*,*,#863,.T.);
#501=ORIENTED_EDGE('',*,*,#866,.T.);
#502=ORIENTED_EDGE('',*,*,#859,.T.);
#503=ORIENTED_EDGE('',*,*,#856,.F.);
#504=ORIENTED_EDGE('',*,*,#853,.F.);
#505=ORIENTED_EDGE('',*,*,#850,.F.);
#506=ORIENTED_EDGE('',*,*,#846,.T.);
#507=ORIENTED_EDGE('',*,*,#867,.T.);
#508=ORIENTED_EDGE('',*,*,#733,.F.);
#509=ORIENTED_EDGE('',*,*,#867,.F.);
#510=ORIENTED_EDGE('',*,*,#849,.F.);
#511=ORIENTED_EDGE('',*,*,#864,.T.);
#512=ORIENTED_EDGE('',*,*,#734,.F.);
#513=ORIENTED_EDGE('',*,*,#865,.T.);
#514=ORIENTED_EDGE('',*,*,#860,.T.);
#515=ORIENTED_EDGE('',*,*,#866,.F.);
#516=ORIENTED_EDGE('',*,*,#732,.F.);
#517=ORIENTED_EDGE('',*,*,#868,.F.);
#518=ORIENTED_EDGE('',*,*,#869,.T.);
#519=ORIENTED_EDGE('',*,*,#870,.T.);
#520=ORIENTED_EDGE('',*,*,#871,.F.);
#521=ORIENTED_EDGE('',*,*,#872,.F.);
#522=ORIENTED_EDGE('',*,*,#873,.T.);
#523=ORIENTED_EDGE('',*,*,#874,.F.);
#524=ORIENTED_EDGE('',*,*,#875,.F.);
#525=ORIENTED_EDGE('',*,*,#876,.T.);
#526=ORIENTED_EDGE('',*,*,#871,.T.);
#527=ORIENTED_EDGE('',*,*,#877,.T.);
#528=ORIENTED_EDGE('',*,*,#878,.F.);
#529=ORIENTED_EDGE('',*,*,#879,.F.);
#530=ORIENTED_EDGE('',*,*,#875,.T.);
#531=ORIENTED_EDGE('',*,*,#880,.F.);
#532=ORIENTED_EDGE('',*,*,#881,.F.);
#533=ORIENTED_EDGE('',*,*,#882,.T.);
#534=ORIENTED_EDGE('',*,*,#878,.T.);
#535=ORIENTED_EDGE('',*,*,#883,.T.);
#536=ORIENTED_EDGE('',*,*,#884,.F.);
#537=ORIENTED_EDGE('',*,*,#885,.F.);
#538=ORIENTED_EDGE('',*,*,#881,.T.);
#539=ORIENTED_EDGE('',*,*,#694,.T.);
#540=ORIENTED_EDGE('',*,*,#886,.F.);
#541=ORIENTED_EDGE('',*,*,#883,.F.);
#542=ORIENTED_EDGE('',*,*,#880,.T.);
#543=ORIENTED_EDGE('',*,*,#877,.F.);
#544=ORIENTED_EDGE('',*,*,#874,.T.);
#545=ORIENTED_EDGE('',*,*,#870,.F.);
#546=ORIENTED_EDGE('',*,*,#887,.F.);
#547=ORIENTED_EDGE('',*,*,#869,.F.);
#548=ORIENTED_EDGE('',*,*,#888,.T.);
#549=ORIENTED_EDGE('',*,*,#872,.T.);
#550=ORIENTED_EDGE('',*,*,#876,.F.);
#551=ORIENTED_EDGE('',*,*,#879,.T.);
#552=ORIENTED_EDGE('',*,*,#882,.F.);
#553=ORIENTED_EDGE('',*,*,#885,.T.);
#554=ORIENTED_EDGE('',*,*,#889,.T.);
#555=ORIENTED_EDGE('',*,*,#692,.F.);
#556=ORIENTED_EDGE('',*,*,#868,.T.);
#557=ORIENTED_EDGE('',*,*,#889,.F.);
#558=ORIENTED_EDGE('',*,*,#884,.T.);
#559=ORIENTED_EDGE('',*,*,#886,.T.);
#560=ORIENTED_EDGE('',*,*,#693,.F.);
#561=ORIENTED_EDGE('',*,*,#887,.T.);
#562=ORIENTED_EDGE('',*,*,#873,.F.);
#563=ORIENTED_EDGE('',*,*,#888,.F.);
#564=ORIENTED_EDGE('',*,*,#691,.F.);
#565=ORIENTED_EDGE('',*,*,#683,.T.);
#566=ORIENTED_EDGE('',*,*,#890,.F.);
#567=ORIENTED_EDGE('',*,*,#891,.F.);
#568=ORIENTED_EDGE('',*,*,#892,.T.);
#569=ORIENTED_EDGE('',*,*,#684,.F.);
#570=ORIENTED_EDGE('',*,*,#892,.F.);
#571=ORIENTED_EDGE('',*,*,#893,.T.);
#572=ORIENTED_EDGE('',*,*,#894,.T.);
#573=ORIENTED_EDGE('',*,*,#685,.F.);
#574=ORIENTED_EDGE('',*,*,#894,.F.);
#575=ORIENTED_EDGE('',*,*,#895,.T.);
#576=ORIENTED_EDGE('',*,*,#896,.F.);
#577=ORIENTED_EDGE('',*,*,#682,.T.);
#578=ORIENTED_EDGE('',*,*,#650,.F.);
#579=ORIENTED_EDGE('',*,*,#897,.F.);
#580=ORIENTED_EDGE('',*,*,#898,.F.);
#581=ORIENTED_EDGE('',*,*,#890,.T.);
#582=ORIENTED_EDGE('',*,*,#653,.T.);
#583=ORIENTED_EDGE('',*,*,#899,.F.);
#584=ORIENTED_EDGE('',*,*,#900,.T.);
#585=ORIENTED_EDGE('',*,*,#895,.F.);
#586=ORIENTED_EDGE('',*,*,#893,.F.);
#587=ORIENTED_EDGE('',*,*,#891,.T.);
#588=ORIENTED_EDGE('',*,*,#898,.T.);
#589=ORIENTED_EDGE('',*,*,#901,.F.);
#590=ORIENTED_EDGE('',*,*,#902,.T.);
#591=ORIENTED_EDGE('',*,*,#903,.T.);
#592=ORIENTED_EDGE('',*,*,#896,.T.);
#593=ORIENTED_EDGE('',*,*,#900,.F.);
#594=ORIENTED_EDGE('',*,*,#904,.T.);
#595=ORIENTED_EDGE('',*,*,#905,.F.);
#596=ORIENTED_EDGE('',*,*,#906,.F.);
#597=ORIENTED_EDGE('',*,*,#686,.T.);
#598=ORIENTED_EDGE('',*,*,#907,.F.);
#599=ORIENTED_EDGE('',*,*,#655,.F.);
#600=ORIENTED_EDGE('',*,*,#908,.T.);
#601=ORIENTED_EDGE('',*,*,#909,.T.);
#602=ORIENTED_EDGE('',*,*,#910,.T.);
#603=ORIENTED_EDGE('',*,*,#909,.F.);
#604=ORIENTED_EDGE('',*,*,#911,.F.);
#605=ORIENTED_EDGE('',*,*,#912,.T.);
#606=ORIENTED_EDGE('',*,*,#913,.F.);
#607=ORIENTED_EDGE('',*,*,#912,.F.);
#608=ORIENTED_EDGE('',*,*,#914,.T.);
#609=ORIENTED_EDGE('',*,*,#905,.T.);
#610=ORIENTED_EDGE('',*,*,#915,.F.);
#611=ORIENTED_EDGE('',*,*,#916,.T.);
#612=ORIENTED_EDGE('',*,*,#654,.T.);
#613=ORIENTED_EDGE('',*,*,#903,.F.);
#614=ORIENTED_EDGE('',*,*,#917,.T.);
#615=ORIENTED_EDGE('',*,*,#918,.T.);
#616=ORIENTED_EDGE('',*,*,#657,.T.);
#617=ORIENTED_EDGE('',*,*,#687,.F.);
#618=ORIENTED_EDGE('',*,*,#906,.T.);
#619=ORIENTED_EDGE('',*,*,#914,.F.);
#620=ORIENTED_EDGE('',*,*,#911,.T.);
#621=ORIENTED_EDGE('',*,*,#908,.F.);
#622=ORIENTED_EDGE('',*,*,#915,.T.);
#623=ORIENTED_EDGE('',*,*,#899,.T.);
#624=ORIENTED_EDGE('',*,*,#656,.F.);
#625=ORIENTED_EDGE('',*,*,#907,.T.);
#626=ORIENTED_EDGE('',*,*,#910,.F.);
#627=ORIENTED_EDGE('',*,*,#913,.T.);
#628=ORIENTED_EDGE('',*,*,#904,.F.);
#629=ORIENTED_EDGE('',*,*,#916,.F.);
#630=ORIENTED_EDGE('',*,*,#919,.T.);
#631=ORIENTED_EDGE('',*,*,#920,.F.);
#632=ORIENTED_EDGE('',*,*,#919,.F.);
#633=ORIENTED_EDGE('',*,*,#800,.T.);
#634=ORIENTED_EDGE('',*,*,#920,.T.);
#635=ORIENTED_EDGE('',*,*,#661,.F.);
#636=ORIENTED_EDGE('',*,*,#901,.T.);
#637=ORIENTED_EDGE('',*,*,#897,.T.);
#638=ORIENTED_EDGE('',*,*,#921,.F.);
#639=ORIENTED_EDGE('',*,*,#922,.F.);
#640=ORIENTED_EDGE('',*,*,#658,.F.);
#641=ORIENTED_EDGE('',*,*,#918,.F.);
#642=ORIENTED_EDGE('',*,*,#923,.T.);
#643=ORIENTED_EDGE('',*,*,#921,.T.);
#644=ORIENTED_EDGE('',*,*,#649,.T.);
#645=ORIENTED_EDGE('',*,*,#902,.F.);
#646=ORIENTED_EDGE('',*,*,#922,.T.);
#647=ORIENTED_EDGE('',*,*,#923,.F.);
#648=ORIENTED_EDGE('',*,*,#917,.F.);
#649=EDGE_CURVE('',#924,#925,#1113,.T.);
#650=EDGE_CURVE('',#924,#926,#1114,.T.);
#651=EDGE_CURVE('',#927,#926,#1115,.T.);
#652=EDGE_CURVE('',#925,#927,#1116,.T.);
#653=EDGE_CURVE('',#928,#929,#1117,.T.);
#654=EDGE_CURVE('',#930,#928,#1118,.T.);
#655=EDGE_CURVE('',#930,#931,#1119,.T.);
#656=EDGE_CURVE('',#931,#929,#1120,.T.);
#657=EDGE_CURVE('',#932,#933,#1121,.T.);
#658=EDGE_CURVE('',#932,#925,#1122,.T.);
#659=EDGE_CURVE('',#933,#927,#1123,.T.);
#660=EDGE_CURVE('',#934,#934,#12,.T.);
#661=EDGE_CURVE('',#935,#935,#13,.T.);
#662=EDGE_CURVE('',#936,#937,#1124,.T.);
#663=EDGE_CURVE('',#938,#936,#1125,.T.);
#664=EDGE_CURVE('',#938,#939,#1126,.T.);
#665=EDGE_CURVE('',#940,#939,#1127,.T.);
#666=EDGE_CURVE('',#941,#940,#1128,.T.);
#667=EDGE_CURVE('',#941,#942,#1129,.T.);
#668=EDGE_CURVE('',#942,#943,#1130,.T.);
#669=EDGE_CURVE('',#937,#943,#1131,.T.);
#670=EDGE_CURVE('',#944,#945,#1132,.T.);
#671=EDGE_CURVE('',#944,#946,#1133,.T.);
#672=EDGE_CURVE('',#946,#947,#1134,.T.);
#673=EDGE_CURVE('',#945,#947,#1135,.T.);
#674=EDGE_CURVE('',#948,#949,#1136,.T.);
#675=EDGE_CURVE('',#950,#949,#1137,.T.);
#676=EDGE_CURVE('',#951,#950,#1138,.T.);
#677=EDGE_CURVE('',#952,#951,#1139,.T.);
#678=EDGE_CURVE('',#953,#952,#1140,.T.);
#679=EDGE_CURVE('',#953,#954,#1141,.T.);
#680=EDGE_CURVE('',#954,#955,#1142,.T.);
#681=EDGE_CURVE('',#955,#948,#1143,.T.);
#682=EDGE_CURVE('',#956,#926,#1144,.T.);
#683=EDGE_CURVE('',#957,#956,#1145,.T.);
#684=EDGE_CURVE('',#957,#958,#1146,.T.);
#685=EDGE_CURVE('',#958,#959,#1147,.T.);
#686=EDGE_CURVE('',#960,#959,#1148,.T.);
#687=EDGE_CURVE('',#960,#933,#1149,.T.);
#688=EDGE_CURVE('',#961,#951,#1150,.T.);
#689=EDGE_CURVE('',#962,#961,#1151,.T.);
#690=EDGE_CURVE('',#962,#952,#1152,.T.);
#691=EDGE_CURVE('',#963,#964,#1153,.T.);
#692=EDGE_CURVE('',#964,#965,#1154,.T.);
#693=EDGE_CURVE('',#965,#966,#1155,.T.);
#694=EDGE_CURVE('',#963,#966,#1156,.T.);
#695=EDGE_CURVE('',#967,#968,#1157,.T.);
#696=EDGE_CURVE('',#967,#937,#1158,.T.);
#697=EDGE_CURVE('',#968,#943,#1159,.T.);
#698=EDGE_CURVE('',#969,#969,#14,.T.);
#699=EDGE_CURVE('',#970,#970,#15,.T.);
#700=EDGE_CURVE('',#971,#972,#1160,.T.);
#701=EDGE_CURVE('',#973,#971,#1161,.T.);
#702=EDGE_CURVE('',#973,#974,#1162,.T.);
#703=EDGE_CURVE('',#972,#974,#1163,.T.);
#704=EDGE_CURVE('',#975,#976,#1164,.T.);
#705=EDGE_CURVE('',#975,#950,#1165,.T.);
#706=EDGE_CURVE('',#976,#949,#1166,.T.);
#707=EDGE_CURVE('',#977,#978,#1167,.T.);
#708=EDGE_CURVE('',#977,#979,#1168,.T.);
#709=EDGE_CURVE('',#980,#979,#1169,.T.);
#710=EDGE_CURVE('',#978,#980,#1170,.T.);
#711=EDGE_CURVE('',#981,#955,#1171,.T.);
#712=EDGE_CURVE('',#981,#982,#1172,.T.);
#713=EDGE_CURVE('',#982,#948,#1173,.T.);
#714=EDGE_CURVE('',#976,#983,#1174,.T.);
#715=EDGE_CURVE('',#984,#983,#1175,.T.);
#716=EDGE_CURVE('',#962,#984,#1176,.T.);
#717=EDGE_CURVE('',#961,#975,#1177,.T.);
#718=EDGE_CURVE('',#983,#985,#1178,.T.);
#719=EDGE_CURVE('',#986,#985,#1179,.T.);
#720=EDGE_CURVE('',#984,#986,#1180,.T.);
#721=EDGE_CURVE('',#985,#987,#1181,.T.);
#722=EDGE_CURVE('',#988,#987,#1182,.T.);
#723=EDGE_CURVE('',#986,#988,#1183,.T.);
#724=EDGE_CURVE('',#989,#987,#1184,.T.);
#725=EDGE_CURVE('',#990,#989,#1185,.T.);
#726=EDGE_CURVE('',#990,#988,#1186,.T.);
#727=EDGE_CURVE('',#982,#989,#1187,.T.);
#728=EDGE_CURVE('',#991,#981,#1188,.T.);
#729=EDGE_CURVE('',#992,#991,#1189,.T.);
#730=EDGE_CURVE('',#992,#990,#1190,.T.);
#731=EDGE_CURVE('',#993,#994,#1191,.T.);
#732=EDGE_CURVE('',#993,#995,#1192,.T.);
#733=EDGE_CURVE('',#995,#996,#1193,.T.);
#734=EDGE_CURVE('',#996,#994,#1194,.T.);
#735=EDGE_CURVE('',#991,#954,#1195,.T.);
#736=EDGE_CURVE('',#992,#953,#1196,.T.);
#737=EDGE_CURVE('',#997,#981,#1197,.T.);
#738=EDGE_CURVE('',#998,#997,#1198,.T.);
#739=EDGE_CURVE('',#998,#991,#1199,.T.);
#740=EDGE_CURVE('',#999,#997,#16,.T.);
#741=EDGE_CURVE('',#1000,#999,#1200,.T.);
#742=EDGE_CURVE('',#1000,#998,#17,.T.);
#743=EDGE_CURVE('',#999,#955,#1201,.T.);
#744=EDGE_CURVE('',#1000,#954,#1202,.T.);
#745=EDGE_CURVE('',#1001,#1001,#18,.T.);
#746=EDGE_CURVE('',#1002,#1002,#19,.T.);
#747=EDGE_CURVE('',#1003,#950,#1203,.T.);
#748=EDGE_CURVE('',#1004,#1003,#1204,.T.);
#749=EDGE_CURVE('',#1004,#951,#1205,.T.);
#750=EDGE_CURVE('',#1003,#1005,#20,.T.);
#751=EDGE_CURVE('',#1006,#1005,#1206,.T.);
#752=EDGE_CURVE('',#1004,#1006,#21,.T.);
#753=EDGE_CURVE('',#1005,#975,#1207,.T.);
#754=EDGE_CURVE('',#1006,#961,#1208,.T.);
#755=EDGE_CURVE('',#1007,#1007,#22,.T.);
#756=EDGE_CURVE('',#1008,#1008,#23,.T.);
#757=EDGE_CURVE('',#945,#1009,#1209,.T.);
#758=EDGE_CURVE('',#1010,#1009,#1210,.T.);
#759=EDGE_CURVE('',#944,#1010,#1211,.T.);
#760=EDGE_CURVE('',#1009,#1011,#24,.T.);
#761=EDGE_CURVE('',#1012,#1011,#1212,.T.);
#762=EDGE_CURVE('',#1010,#1012,#25,.T.);
#763=EDGE_CURVE('',#1013,#1011,#1213,.T.);
#764=EDGE_CURVE('',#1014,#1013,#1214,.T.);
#765=EDGE_CURVE('',#1014,#1012,#1215,.T.);
#766=EDGE_CURVE('',#1013,#1015,#26,.T.);
#767=EDGE_CURVE('',#1016,#1015,#1216,.T.);
#768=EDGE_CURVE('',#1014,#1016,#27,.T.);
#769=EDGE_CURVE('',#947,#1015,#1217,.T.);
#770=EDGE_CURVE('',#946,#1016,#1218,.T.);
#771=EDGE_CURVE('',#1017,#1017,#28,.T.);
#772=EDGE_CURVE('',#1018,#1018,#29,.T.);
#773=EDGE_CURVE('',#1019,#1019,#30,.T.);
#774=EDGE_CURVE('',#1020,#1020,#31,.T.);
#775=EDGE_CURVE('',#1021,#941,#1219,.T.);
#776=EDGE_CURVE('',#1021,#1022,#1220,.T.);
#777=EDGE_CURVE('',#1022,#942,#1221,.T.);
#778=EDGE_CURVE('',#1023,#940,#1222,.T.);
#779=EDGE_CURVE('',#1021,#1023,#1223,.T.);
#780=EDGE_CURVE('',#939,#1024,#1224,.T.);
#781=EDGE_CURVE('',#1023,#1024,#1225,.T.);
#782=EDGE_CURVE('',#1022,#968,#1226,.T.);
#783=EDGE_CURVE('',#967,#1025,#1227,.T.);
#784=EDGE_CURVE('',#1026,#1024,#1228,.T.);
#785=EDGE_CURVE('',#1026,#1025,#1229,.T.);
#786=EDGE_CURVE('',#1027,#1025,#1230,.T.);
#787=EDGE_CURVE('',#1028,#1027,#1231,.T.);
#788=EDGE_CURVE('',#1028,#936,#1232,.T.);
#789=EDGE_CURVE('',#938,#1029,#1233,.T.);
#790=EDGE_CURVE('',#1029,#1030,#1234,.T.);
#791=EDGE_CURVE('',#1026,#1030,#1235,.T.);
#792=EDGE_CURVE('',#1027,#1031,#32,.T.);
#793=EDGE_CURVE('',#1032,#1031,#1236,.T.);
#794=EDGE_CURVE('',#1028,#1032,#33,.T.);
#795=EDGE_CURVE('',#1033,#1031,#1237,.T.);
#796=EDGE_CURVE('',#1034,#1033,#1238,.T.);
#797=EDGE_CURVE('',#1034,#1032,#1239,.T.);
#798=EDGE_CURVE('',#1033,#1030,#34,.T.);
#799=EDGE_CURVE('',#1034,#1029,#35,.T.);
#800=EDGE_CURVE('',#1035,#1035,#36,.T.);
#801=EDGE_CURVE('',#1036,#1036,#37,.T.);
#802=EDGE_CURVE('',#1037,#980,#1240,.T.);
#803=EDGE_CURVE('',#1038,#979,#1241,.T.);
#804=EDGE_CURVE('',#1038,#1037,#1242,.T.);
#805=EDGE_CURVE('',#977,#1039,#1243,.T.);
#806=EDGE_CURVE('',#978,#1040,#1244,.T.);
#807=EDGE_CURVE('',#1039,#1040,#1245,.T.);
#808=EDGE_CURVE('',#1041,#1041,#38,.T.);
#809=EDGE_CURVE('',#1039,#1042,#1246,.T.);
#810=EDGE_CURVE('',#1043,#1042,#39,.T.);
#811=EDGE_CURVE('',#1044,#1043,#1247,.T.);
#812=EDGE_CURVE('',#1045,#1044,#40,.T.);
#813=EDGE_CURVE('',#1045,#1038,#1248,.T.);
#814=EDGE_CURVE('',#1046,#1046,#41,.T.);
#815=EDGE_CURVE('',#1047,#1037,#1249,.T.);
#816=EDGE_CURVE('',#1047,#1048,#42,.T.);
#817=EDGE_CURVE('',#1048,#1049,#1250,.T.);
#818=EDGE_CURVE('',#1049,#1050,#43,.T.);
#819=EDGE_CURVE('',#1040,#1050,#1251,.T.);
#820=EDGE_CURVE('',#1045,#1047,#1252,.T.);
#821=EDGE_CURVE('',#1044,#1048,#1253,.T.);
#822=EDGE_CURVE('',#1042,#1050,#1254,.T.);
#823=EDGE_CURVE('',#1043,#1049,#1255,.T.);
#824=EDGE_CURVE('',#1051,#1052,#1256,.T.);
#825=EDGE_CURVE('',#1053,#1051,#1257,.T.);
#826=EDGE_CURVE('',#1053,#1054,#1258,.T.);
#827=EDGE_CURVE('',#1054,#1052,#1259,.T.);
#828=EDGE_CURVE('',#1051,#1055,#44,.T.);
#829=EDGE_CURVE('',#1056,#1055,#1260,.T.);
#830=EDGE_CURVE('',#1053,#1056,#45,.T.);
#831=EDGE_CURVE('',#1057,#1055,#1261,.T.);
#832=EDGE_CURVE('',#1058,#1057,#1262,.T.);
#833=EDGE_CURVE('',#1058,#1056,#1263,.T.);
#834=EDGE_CURVE('',#973,#1057,#1264,.T.);
#835=EDGE_CURVE('',#971,#1058,#1265,.T.);
#836=EDGE_CURVE('',#1059,#972,#1266,.T.);
#837=EDGE_CURVE('',#1060,#974,#1267,.T.);
#838=EDGE_CURVE('',#1059,#1060,#1268,.T.);
#839=EDGE_CURVE('',#1061,#1060,#1269,.T.);
#840=EDGE_CURVE('',#1062,#1061,#1270,.T.);
#841=EDGE_CURVE('',#1062,#1059,#1271,.T.);
#842=EDGE_CURVE('',#1061,#1052,#46,.T.);
#843=EDGE_CURVE('',#1062,#1054,#47,.T.);
#844=EDGE_CURVE('',#1063,#1063,#48,.T.);
#845=EDGE_CURVE('',#1064,#1064,#49,.T.);
#846=EDGE_CURVE('',#1065,#1066,#1272,.T.);
#847=EDGE_CURVE('',#1067,#1065,#1273,.T.);
#848=EDGE_CURVE('',#1067,#1068,#1274,.T.);
#849=EDGE_CURVE('',#1068,#1066,#1275,.T.);
#850=EDGE_CURVE('',#1065,#1069,#50,.T.);
#851=EDGE_CURVE('',#1070,#1069,#1276,.T.);
#852=EDGE_CURVE('',#1067,#1070,#51,.T.);
#853=EDGE_CURVE('',#1069,#1071,#1277,.T.);
#854=EDGE_CURVE('',#1072,#1071,#1278,.T.);
#855=EDGE_CURVE('',#1070,#1072,#1279,.T.);
#856=EDGE_CURVE('',#1071,#1073,#52,.T.);
#857=EDGE_CURVE('',#1074,#1073,#1280,.T.);
#858=EDGE_CURVE('',#1072,#1074,#53,.T.);
#859=EDGE_CURVE('',#1075,#1073,#1281,.T.);
#860=EDGE_CURVE('',#1076,#1075,#1282,.T.);
#861=EDGE_CURVE('',#1076,#1074,#1283,.T.);
#862=EDGE_CURVE('',#1077,#1077,#54,.T.);
#863=EDGE_CURVE('',#1078,#1078,#55,.T.);
#864=EDGE_CURVE('',#1068,#994,#1284,.T.);
#865=EDGE_CURVE('',#993,#1076,#1285,.T.);
#866=EDGE_CURVE('',#995,#1075,#1286,.T.);
#867=EDGE_CURVE('',#1066,#996,#1287,.T.);
#868=EDGE_CURVE('',#1079,#1079,#56,.T.);
#869=EDGE_CURVE('',#1080,#1080,#57,.T.);
#870=EDGE_CURVE('',#1081,#1082,#1288,.T.);
#871=EDGE_CURVE('',#1083,#1082,#1289,.T.);
#872=EDGE_CURVE('',#1084,#1083,#1290,.T.);
#873=EDGE_CURVE('',#1084,#1081,#1291,.T.);
#874=EDGE_CURVE('',#1085,#1082,#58,.T.);
#875=EDGE_CURVE('',#1086,#1085,#1292,.T.);
#876=EDGE_CURVE('',#1086,#1083,#59,.T.);
#877=EDGE_CURVE('',#1085,#1087,#1293,.T.);
#878=EDGE_CURVE('',#1088,#1087,#1294,.T.);
#879=EDGE_CURVE('',#1086,#1088,#1295,.T.);
#880=EDGE_CURVE('',#1089,#1087,#60,.T.);
#881=EDGE_CURVE('',#1090,#1089,#1296,.T.);
#882=EDGE_CURVE('',#1090,#1088,#61,.T.);
#883=EDGE_CURVE('',#1089,#1091,#1297,.T.);
#884=EDGE_CURVE('',#1092,#1091,#1298,.T.);
#885=EDGE_CURVE('',#1090,#1092,#1299,.T.);
#886=EDGE_CURVE('',#1091,#966,#1300,.T.);
#887=EDGE_CURVE('',#963,#1081,#1301,.T.);
#888=EDGE_CURVE('',#964,#1084,#1302,.T.);
#889=EDGE_CURVE('',#1092,#965,#1303,.T.);
#890=EDGE_CURVE('',#1093,#956,#1304,.T.);
#891=EDGE_CURVE('',#1094,#1093,#1305,.T.);
#892=EDGE_CURVE('',#1094,#957,#1306,.T.);
#893=EDGE_CURVE('',#1094,#1095,#1307,.T.);
#894=EDGE_CURVE('',#1095,#958,#1308,.T.);
#895=EDGE_CURVE('',#1095,#1096,#1309,.T.);
#896=EDGE_CURVE('',#959,#1096,#1310,.T.);
#897=EDGE_CURVE('',#1097,#924,#1311,.T.);
#898=EDGE_CURVE('',#1093,#1097,#1312,.T.);
#899=EDGE_CURVE('',#1098,#929,#1313,.T.);
#900=EDGE_CURVE('',#1098,#1096,#1314,.T.);
#901=EDGE_CURVE('',#1099,#1097,#1315,.T.);
#902=EDGE_CURVE('',#1099,#1100,#1316,.T.);
#903=EDGE_CURVE('',#1100,#928,#1317,.T.);
#904=EDGE_CURVE('',#1098,#1101,#1318,.T.);
#905=EDGE_CURVE('',#1102,#1101,#1319,.T.);
#906=EDGE_CURVE('',#960,#1102,#1320,.T.);
#907=EDGE_CURVE('',#931,#1103,#62,.T.);
#908=EDGE_CURVE('',#930,#1104,#63,.T.);
#909=EDGE_CURVE('',#1104,#1103,#1321,.T.);
#910=EDGE_CURVE('',#1105,#1103,#1322,.T.);
#911=EDGE_CURVE('',#1106,#1104,#1323,.T.);
#912=EDGE_CURVE('',#1106,#1105,#1324,.T.);
#913=EDGE_CURVE('',#1105,#1101,#64,.T.);
#914=EDGE_CURVE('',#1106,#1102,#65,.T.);
#915=EDGE_CURVE('',#1107,#1107,#66,.T.);
#916=EDGE_CURVE('',#1108,#1108,#67,.T.);
#917=EDGE_CURVE('',#1100,#1109,#1325,.T.);
#918=EDGE_CURVE('',#1109,#932,#1326,.T.);
#919=EDGE_CURVE('',#1110,#1110,#68,.T.);
#920=EDGE_CURVE('',#1111,#1111,#69,.T.);
#921=EDGE_CURVE('',#1112,#924,#1327,.T.);
#922=EDGE_CURVE('',#1099,#1112,#1328,.T.);
#923=EDGE_CURVE('',#1109,#1112,#1329,.T.);
#924=VERTEX_POINT('',#2795);
#925=VERTEX_POINT('',#2796);
#926=VERTEX_POINT('',#2798);
#927=VERTEX_POINT('',#2800);
#928=VERTEX_POINT('',#2804);
#929=VERTEX_POINT('',#2805);
#930=VERTEX_POINT('',#2807);
#931=VERTEX_POINT('',#2809);
#932=VERTEX_POINT('',#2813);
#933=VERTEX_POINT('',#2814);
#934=VERTEX_POINT('',#2819);
#935=VERTEX_POINT('',#2821);
#936=VERTEX_POINT('',#2824);
#937=VERTEX_POINT('',#2825);
#938=VERTEX_POINT('',#2827);
#939=VERTEX_POINT('',#2829);
#940=VERTEX_POINT('',#2831);
#941=VERTEX_POINT('',#2833);
#942=VERTEX_POINT('',#2835);
#943=VERTEX_POINT('',#2837);
#944=VERTEX_POINT('',#2840);
#945=VERTEX_POINT('',#2841);
#946=VERTEX_POINT('',#2843);
#947=VERTEX_POINT('',#2845);
#948=VERTEX_POINT('',#2848);
#949=VERTEX_POINT('',#2849);
#950=VERTEX_POINT('',#2851);
#951=VERTEX_POINT('',#2853);
#952=VERTEX_POINT('',#2855);
#953=VERTEX_POINT('',#2857);
#954=VERTEX_POINT('',#2859);
#955=VERTEX_POINT('',#2861);
#956=VERTEX_POINT('',#2864);
#957=VERTEX_POINT('',#2866);
#958=VERTEX_POINT('',#2868);
#959=VERTEX_POINT('',#2870);
#960=VERTEX_POINT('',#2872);
#961=VERTEX_POINT('',#2876);
#962=VERTEX_POINT('',#2878);
#963=VERTEX_POINT('',#2881);
#964=VERTEX_POINT('',#2882);
#965=VERTEX_POINT('',#2884);
#966=VERTEX_POINT('',#2886);
#967=VERTEX_POINT('',#2890);
#968=VERTEX_POINT('',#2891);
#969=VERTEX_POINT('',#2896);
#970=VERTEX_POINT('',#2898);
#971=VERTEX_POINT('',#2901);
#972=VERTEX_POINT('',#2902);
#973=VERTEX_POINT('',#2904);
#974=VERTEX_POINT('',#2906);
#975=VERTEX_POINT('',#2909);
#976=VERTEX_POINT('',#2910);
#977=VERTEX_POINT('',#2915);
#978=VERTEX_POINT('',#2916);
#979=VERTEX_POINT('',#2918);
#980=VERTEX_POINT('',#2920);
#981=VERTEX_POINT('',#2923);
#982=VERTEX_POINT('',#2925);
#983=VERTEX_POINT('',#2929);
#984=VERTEX_POINT('',#2931);
#985=VERTEX_POINT('',#2936);
#986=VERTEX_POINT('',#2938);
#987=VERTEX_POINT('',#2942);
#988=VERTEX_POINT('',#2944);
#989=VERTEX_POINT('',#2948);
#990=VERTEX_POINT('',#2950);
#991=VERTEX_POINT('',#2955);
#992=VERTEX_POINT('',#2957);
#993=VERTEX_POINT('',#2961);
#994=VERTEX_POINT('',#2962);
#995=VERTEX_POINT('',#2964);
#996=VERTEX_POINT('',#2966);
#997=VERTEX_POINT('',#2974);
#998=VERTEX_POINT('',#2976);
#999=VERTEX_POINT('',#2980);
#1000=VERTEX_POINT('',#2982);
#1001=VERTEX_POINT('',#2989);
#1002=VERTEX_POINT('',#2991);
#1003=VERTEX_POINT('',#2996);
#1004=VERTEX_POINT('',#2998);
#1005=VERTEX_POINT('',#3002);
#1006=VERTEX_POINT('',#3004);
#1007=VERTEX_POINT('',#3011);
#1008=VERTEX_POINT('',#3013);
#1009=VERTEX_POINT('',#3018);
#1010=VERTEX_POINT('',#3020);
#1011=VERTEX_POINT('',#3024);
#1012=VERTEX_POINT('',#3026);
#1013=VERTEX_POINT('',#3030);
#1014=VERTEX_POINT('',#3032);
#1015=VERTEX_POINT('',#3036);
#1016=VERTEX_POINT('',#3038);
#1017=VERTEX_POINT('',#3045);
#1018=VERTEX_POINT('',#3047);
#1019=VERTEX_POINT('',#3052);
#1020=VERTEX_POINT('',#3054);
#1021=VERTEX_POINT('',#3058);
#1022=VERTEX_POINT('',#3060);
#1023=VERTEX_POINT('',#3064);
#1024=VERTEX_POINT('',#3068);
#1025=VERTEX_POINT('',#3074);
#1026=VERTEX_POINT('',#3076);
#1027=VERTEX_POINT('',#3080);
#1028=VERTEX_POINT('',#3082);
#1029=VERTEX_POINT('',#3086);
#1030=VERTEX_POINT('',#3088);
#1031=VERTEX_POINT('',#3092);
#1032=VERTEX_POINT('',#3094);
#1033=VERTEX_POINT('',#3098);
#1034=VERTEX_POINT('',#3100);
#1035=VERTEX_POINT('',#3107);
#1036=VERTEX_POINT('',#3109);
#1037=VERTEX_POINT('',#3114);
#1038=VERTEX_POINT('',#3116);
#1039=VERTEX_POINT('',#3120);
#1040=VERTEX_POINT('',#3122);
#1041=VERTEX_POINT('',#3126);
#1042=VERTEX_POINT('',#3128);
#1043=VERTEX_POINT('',#3130);
#1044=VERTEX_POINT('',#3132);
#1045=VERTEX_POINT('',#3134);
#1046=VERTEX_POINT('',#3138);
#1047=VERTEX_POINT('',#3140);
#1048=VERTEX_POINT('',#3142);
#1049=VERTEX_POINT('',#3144);
#1050=VERTEX_POINT('',#3146);
#1051=VERTEX_POINT('',#3160);
#1052=VERTEX_POINT('',#3161);
#1053=VERTEX_POINT('',#3163);
#1054=VERTEX_POINT('',#3165);
#1055=VERTEX_POINT('',#3169);
#1056=VERTEX_POINT('',#3171);
#1057=VERTEX_POINT('',#3175);
#1058=VERTEX_POINT('',#3177);
#1059=VERTEX_POINT('',#3184);
#1060=VERTEX_POINT('',#3186);
#1061=VERTEX_POINT('',#3190);
#1062=VERTEX_POINT('',#3192);
#1063=VERTEX_POINT('',#3199);
#1064=VERTEX_POINT('',#3201);
#1065=VERTEX_POINT('',#3207);
#1066=VERTEX_POINT('',#3208);
#1067=VERTEX_POINT('',#3210);
#1068=VERTEX_POINT('',#3212);
#1069=VERTEX_POINT('',#3216);
#1070=VERTEX_POINT('',#3218);
#1071=VERTEX_POINT('',#3222);
#1072=VERTEX_POINT('',#3224);
#1073=VERTEX_POINT('',#3228);
#1074=VERTEX_POINT('',#3230);
#1075=VERTEX_POINT('',#3234);
#1076=VERTEX_POINT('',#3236);
#1077=VERTEX_POINT('',#3240);
#1078=VERTEX_POINT('',#3242);
#1079=VERTEX_POINT('',#3253);
#1080=VERTEX_POINT('',#3255);
#1081=VERTEX_POINT('',#3258);
#1082=VERTEX_POINT('',#3259);
#1083=VERTEX_POINT('',#3261);
#1084=VERTEX_POINT('',#3263);
#1085=VERTEX_POINT('',#3267);
#1086=VERTEX_POINT('',#3269);
#1087=VERTEX_POINT('',#3273);
#1088=VERTEX_POINT('',#3275);
#1089=VERTEX_POINT('',#3279);
#1090=VERTEX_POINT('',#3281);
#1091=VERTEX_POINT('',#3285);
#1092=VERTEX_POINT('',#3287);
#1093=VERTEX_POINT('',#3299);
#1094=VERTEX_POINT('',#3301);
#1095=VERTEX_POINT('',#3305);
#1096=VERTEX_POINT('',#3309);
#1097=VERTEX_POINT('',#3313);
#1098=VERTEX_POINT('',#3317);
#1099=VERTEX_POINT('',#3320);
#1100=VERTEX_POINT('',#3322);
#1101=VERTEX_POINT('',#3326);
#1102=VERTEX_POINT('',#3328);
#1103=VERTEX_POINT('',#3332);
#1104=VERTEX_POINT('',#3334);
#1105=VERTEX_POINT('',#3338);
#1106=VERTEX_POINT('',#3340);
#1107=VERTEX_POINT('',#3347);
#1108=VERTEX_POINT('',#3349);
#1109=VERTEX_POINT('',#3352);
#1110=VERTEX_POINT('',#3357);
#1111=VERTEX_POINT('',#3359);
#1112=VERTEX_POINT('',#3364);
#1113=LINE('',#2794,#1330);
#1114=LINE('',#2797,#1331);
#1115=LINE('',#2799,#1332);
#1116=LINE('',#2801,#1333);
#1117=LINE('',#2803,#1334);
#1118=LINE('',#2806,#1335);
#1119=LINE('',#2808,#1336);
#1120=LINE('',#2810,#1337);
#1121=LINE('',#2812,#1338);
#1122=LINE('',#2815,#1339);
#1123=LINE('',#2816,#1340);
#1124=LINE('',#2823,#1341);
#1125=LINE('',#2826,#1342);
#1126=LINE('',#2828,#1343);
#1127=LINE('',#2830,#1344);
#1128=LINE('',#2832,#1345);
#1129=LINE('',#2834,#1346);
#1130=LINE('',#2836,#1347);
#1131=LINE('',#2838,#1348);
#1132=LINE('',#2839,#1349);
#1133=LINE('',#2842,#1350);
#1134=LINE('',#2844,#1351);
#1135=LINE('',#2846,#1352);
#1136=LINE('',#2847,#1353);
#1137=LINE('',#2850,#1354);
#1138=LINE('',#2852,#1355);
#1139=LINE('',#2854,#1356);
#1140=LINE('',#2856,#1357);
#1141=LINE('',#2858,#1358);
#1142=LINE('',#2860,#1359);
#1143=LINE('',#2862,#1360);
#1144=LINE('',#2863,#1361);
#1145=LINE('',#2865,#1362);
#1146=LINE('',#2867,#1363);
#1147=LINE('',#2869,#1364);
#1148=LINE('',#2871,#1365);
#1149=LINE('',#2873,#1366);
#1150=LINE('',#2875,#1367);
#1151=LINE('',#2877,#1368);
#1152=LINE('',#2879,#1369);
#1153=LINE('',#2880,#1370);
#1154=LINE('',#2883,#1371);
#1155=LINE('',#2885,#1372);
#1156=LINE('',#2887,#1373);
#1157=LINE('',#2889,#1374);
#1158=LINE('',#2892,#1375);
#1159=LINE('',#2893,#1376);
#1160=LINE('',#2900,#1377);
#1161=LINE('',#2903,#1378);
#1162=LINE('',#2905,#1379);
#1163=LINE('',#2907,#1380);
#1164=LINE('',#2908,#1381);
#1165=LINE('',#2911,#1382);
#1166=LINE('',#2912,#1383);
#1167=LINE('',#2914,#1384);
#1168=LINE('',#2917,#1385);
#1169=LINE('',#2919,#1386);
#1170=LINE('',#2921,#1387);
#1171=LINE('',#2922,#1388);
#1172=LINE('',#2924,#1389);
#1173=LINE('',#2926,#1390);
#1174=LINE('',#2928,#1391);
#1175=LINE('',#2930,#1392);
#1176=LINE('',#2932,#1393);
#1177=LINE('',#2933,#1394);
#1178=LINE('',#2935,#1395);
#1179=LINE('',#2937,#1396);
#1180=LINE('',#2939,#1397);
#1181=LINE('',#2941,#1398);
#1182=LINE('',#2943,#1399);
#1183=LINE('',#2945,#1400);
#1184=LINE('',#2947,#1401);
#1185=LINE('',#2949,#1402);
#1186=LINE('',#2951,#1403);
#1187=LINE('',#2953,#1404);
#1188=LINE('',#2954,#1405);
#1189=LINE('',#2956,#1406);
#1190=LINE('',#2958,#1407);
#1191=LINE('',#2960,#1408);
#1192=LINE('',#2963,#1409);
#1193=LINE('',#2965,#1410);
#1194=LINE('',#2967,#1411);
#1195=LINE('',#2968,#1412);
#1196=LINE('',#2969,#1413);
#1197=LINE('',#2973,#1414);
#1198=LINE('',#2975,#1415);
#1199=LINE('',#2977,#1416);
#1200=LINE('',#2981,#1417);
#1201=LINE('',#2985,#1418);
#1202=LINE('',#2986,#1419);
#1203=LINE('',#2995,#1420);
#1204=LINE('',#2997,#1421);
#1205=LINE('',#2999,#1422);
#1206=LINE('',#3003,#1423);
#1207=LINE('',#3007,#1424);
#1208=LINE('',#3008,#1425);
#1209=LINE('',#3017,#1426);
#1210=LINE('',#3019,#1427);
#1211=LINE('',#3021,#1428);
#1212=LINE('',#3025,#1429);
#1213=LINE('',#3029,#1430);
#1214=LINE('',#3031,#1431);
#1215=LINE('',#3033,#1432);
#1216=LINE('',#3037,#1433);
#1217=LINE('',#3041,#1434);
#1218=LINE('',#3042,#1435);
#1219=LINE('',#3057,#1436);
#1220=LINE('',#3059,#1437);
#1221=LINE('',#3061,#1438);
#1222=LINE('',#3063,#1439);
#1223=LINE('',#3065,#1440);
#1224=LINE('',#3067,#1441);
#1225=LINE('',#3069,#1442);
#1226=LINE('',#3071,#1443);
#1227=LINE('',#3073,#1444);
#1228=LINE('',#3075,#1445);
#1229=LINE('',#3077,#1446);
#1230=LINE('',#3079,#1447);
#1231=LINE('',#3081,#1448);
#1232=LINE('',#3083,#1449);
#1233=LINE('',#3085,#1450);
#1234=LINE('',#3087,#1451);
#1235=LINE('',#3089,#1452);
#1236=LINE('',#3093,#1453);
#1237=LINE('',#3097,#1454);
#1238=LINE('',#3099,#1455);
#1239=LINE('',#3101,#1456);
#1240=LINE('',#3113,#1457);
#1241=LINE('',#3115,#1458);
#1242=LINE('',#3117,#1459);
#1243=LINE('',#3119,#1460);
#1244=LINE('',#3121,#1461);
#1245=LINE('',#3123,#1462);
#1246=LINE('',#3127,#1463);
#1247=LINE('',#3131,#1464);
#1248=LINE('',#3135,#1465);
#1249=LINE('',#3139,#1466);
#1250=LINE('',#3143,#1467);
#1251=LINE('',#3147,#1468);
#1252=LINE('',#3149,#1469);
#1253=LINE('',#3150,#1470);
#1254=LINE('',#3153,#1471);
#1255=LINE('',#3155,#1472);
#1256=LINE('',#3159,#1473);
#1257=LINE('',#3162,#1474);
#1258=LINE('',#3164,#1475);
#1259=LINE('',#3166,#1476);
#1260=LINE('',#3170,#1477);
#1261=LINE('',#3174,#1478);
#1262=LINE('',#3176,#1479);
#1263=LINE('',#3178,#1480);
#1264=LINE('',#3180,#1481);
#1265=LINE('',#3181,#1482);
#1266=LINE('',#3183,#1483);
#1267=LINE('',#3185,#1484);
#1268=LINE('',#3187,#1485);
#1269=LINE('',#3189,#1486);
#1270=LINE('',#3191,#1487);
#1271=LINE('',#3193,#1488);
#1272=LINE('',#3206,#1489);
#1273=LINE('',#3209,#1490);
#1274=LINE('',#3211,#1491);
#1275=LINE('',#3213,#1492);
#1276=LINE('',#3217,#1493);
#1277=LINE('',#3221,#1494);
#1278=LINE('',#3223,#1495);
#1279=LINE('',#3225,#1496);
#1280=LINE('',#3229,#1497);
#1281=LINE('',#3233,#1498);
#1282=LINE('',#3235,#1499);
#1283=LINE('',#3237,#1500);
#1284=LINE('',#3244,#1501);
#1285=LINE('',#3245,#1502);
#1286=LINE('',#3247,#1503);
#1287=LINE('',#3248,#1504);
#1288=LINE('',#3257,#1505);
#1289=LINE('',#3260,#1506);
#1290=LINE('',#3262,#1507);
#1291=LINE('',#3264,#1508);
#1292=LINE('',#3268,#1509);
#1293=LINE('',#3272,#1510);
#1294=LINE('',#3274,#1511);
#1295=LINE('',#3276,#1512);
#1296=LINE('',#3280,#1513);
#1297=LINE('',#3284,#1514);
#1298=LINE('',#3286,#1515);
#1299=LINE('',#3288,#1516);
#1300=LINE('',#3290,#1517);
#1301=LINE('',#3291,#1518);
#1302=LINE('',#3293,#1519);
#1303=LINE('',#3294,#1520);
#1304=LINE('',#3298,#1521);
#1305=LINE('',#3300,#1522);
#1306=LINE('',#3302,#1523);
#1307=LINE('',#3304,#1524);
#1308=LINE('',#3306,#1525);
#1309=LINE('',#3308,#1526);
#1310=LINE('',#3310,#1527);
#1311=LINE('',#3312,#1528);
#1312=LINE('',#3314,#1529);
#1313=LINE('',#3316,#1530);
#1314=LINE('',#3318,#1531);
#1315=LINE('',#3319,#1532);
#1316=LINE('',#3321,#1533);
#1317=LINE('',#3323,#1534);
#1318=LINE('',#3325,#1535);
#1319=LINE('',#3327,#1536);
#1320=LINE('',#3329,#1537);
#1321=LINE('',#3335,#1538);
#1322=LINE('',#3337,#1539);
#1323=LINE('',#3339,#1540);
#1324=LINE('',#3341,#1541);
#1325=LINE('',#3351,#1542);
#1326=LINE('',#3353,#1543);
#1327=LINE('',#3363,#1544);
#1328=LINE('',#3365,#1545);
#1329=LINE('',#3367,#1546);
#1330=VECTOR('',#2237,1.);
#1331=VECTOR('',#2238,1.);
#1332=VECTOR('',#2239,1.);
#1333=VECTOR('',#2240,1.);
#1334=VECTOR('',#2243,1.);
#1335=VECTOR('',#2244,1.);
#1336=VECTOR('',#2245,1.);
#1337=VECTOR('',#2246,1.);
#1338=VECTOR('',#2249,1.);
#1339=VECTOR('',#2250,1.);
#1340=VECTOR('',#2251,1.);
#1341=VECTOR('',#2260,1.);
#1342=VECTOR('',#2261,1.);
#1343=VECTOR('',#2262,1.);
#1344=VECTOR('',#2263,1.);
#1345=VECTOR('',#2264,1.);
#1346=VECTOR('',#2265,1.);
#1347=VECTOR('',#2266,1.);
#1348=VECTOR('',#2267,1.);
#1349=VECTOR('',#2268,1.);
#1350=VECTOR('',#2269,1.);
#1351=VECTOR('',#2270,1.);
#1352=VECTOR('',#2271,1.);
#1353=VECTOR('',#2272,1.);
#1354=VECTOR('',#2273,1.);
#1355=VECTOR('',#2274,1.);
#1356=VECTOR('',#2275,1.);
#1357=VECTOR('',#2276,1.);
#1358=VECTOR('',#2277,1.);
#1359=VECTOR('',#2278,1.);
#1360=VECTOR('',#2279,1.);
#1361=VECTOR('',#2280,1.);
#1362=VECTOR('',#2281,1.);
#1363=VECTOR('',#2282,1.);
#1364=VECTOR('',#2283,1.);
#1365=VECTOR('',#2284,1.);
#1366=VECTOR('',#2285,1.);
#1367=VECTOR('',#2288,1.);
#1368=VECTOR('',#2289,1.);
#1369=VECTOR('',#2290,1.);
#1370=VECTOR('',#2291,1.);
#1371=VECTOR('',#2292,1.);
#1372=VECTOR('',#2293,1.);
#1373=VECTOR('',#2294,1.);
#1374=VECTOR('',#2297,1.);
#1375=VECTOR('',#2298,1.);
#1376=VECTOR('',#2299,1.);
#1377=VECTOR('',#2308,1.);
#1378=VECTOR('',#2309,1.);
#1379=VECTOR('',#2310,1.);
#1380=VECTOR('',#2311,1.);
#1381=VECTOR('',#2312,1.);
#1382=VECTOR('',#2313,1.);
#1383=VECTOR('',#2314,1.);
#1384=VECTOR('',#2317,1.);
#1385=VECTOR('',#2318,1.);
#1386=VECTOR('',#2319,1.);
#1387=VECTOR('',#2320,1.);
#1388=VECTOR('',#2321,1.);
#1389=VECTOR('',#2322,1.);
#1390=VECTOR('',#2323,1.);
#1391=VECTOR('',#2326,1.);
#1392=VECTOR('',#2327,1.);
#1393=VECTOR('',#2328,1.);
#1394=VECTOR('',#2329,1.);
#1395=VECTOR('',#2332,1.);
#1396=VECTOR('',#2333,1.);
#1397=VECTOR('',#2334,1.);
#1398=VECTOR('',#2337,1.);
#1399=VECTOR('',#2338,1.);
#1400=VECTOR('',#2339,1.);
#1401=VECTOR('',#2342,1.);
#1402=VECTOR('',#2343,1.);
#1403=VECTOR('',#2344,1.);
#1404=VECTOR('',#2347,1.);
#1405=VECTOR('',#2348,1.);
#1406=VECTOR('',#2349,1.);
#1407=VECTOR('',#2350,1.);
#1408=VECTOR('',#2353,1.);
#1409=VECTOR('',#2354,1.);
#1410=VECTOR('',#2355,1.);
#1411=VECTOR('',#2356,1.);
#1412=VECTOR('',#2357,1.);
#1413=VECTOR('',#2358,1.);
#1414=VECTOR('',#2365,1.);
#1415=VECTOR('',#2366,1.);
#1416=VECTOR('',#2367,1.);
#1417=VECTOR('',#2372,1.);
#1418=VECTOR('',#2377,1.);
#1419=VECTOR('',#2378,1.);
#1420=VECTOR('',#2391,1.);
#1421=VECTOR('',#2392,1.);
#1422=VECTOR('',#2393,1.);
#1423=VECTOR('',#2398,1.);
#1424=VECTOR('',#2403,1.);
#1425=VECTOR('',#2404,1.);
#1426=VECTOR('',#2417,1.);
#1427=VECTOR('',#2418,1.);
#1428=VECTOR('',#2419,1.);
#1429=VECTOR('',#2424,1.);
#1430=VECTOR('',#2429,1.);
#1431=VECTOR('',#2430,1.);
#1432=VECTOR('',#2431,1.);
#1433=VECTOR('',#2436,1.);
#1434=VECTOR('',#2441,1.);
#1435=VECTOR('',#2442,1.);
#1436=VECTOR('',#2463,1.);
#1437=VECTOR('',#2464,1.);
#1438=VECTOR('',#2465,1.);
#1439=VECTOR('',#2468,1.);
#1440=VECTOR('',#2469,1.);
#1441=VECTOR('',#2472,1.);
#1442=VECTOR('',#2473,1.);
#1443=VECTOR('',#2476,1.);
#1444=VECTOR('',#2479,1.);
#1445=VECTOR('',#2480,1.);
#1446=VECTOR('',#2481,1.);
#1447=VECTOR('',#2484,1.);
#1448=VECTOR('',#2485,1.);
#1449=VECTOR('',#2486,1.);
#1450=VECTOR('',#2489,1.);
#1451=VECTOR('',#2490,1.);
#1452=VECTOR('',#2491,1.);
#1453=VECTOR('',#2496,1.);
#1454=VECTOR('',#2501,1.);
#1455=VECTOR('',#2502,1.);
#1456=VECTOR('',#2503,1.);
#1457=VECTOR('',#2522,1.);
#1458=VECTOR('',#2523,1.);
#1459=VECTOR('',#2524,1.);
#1460=VECTOR('',#2527,1.);
#1461=VECTOR('',#2528,1.);
#1462=VECTOR('',#2529,1.);
#1463=VECTOR('',#2534,1.);
#1464=VECTOR('',#2537,1.);
#1465=VECTOR('',#2540,1.);
#1466=VECTOR('',#2545,1.);
#1467=VECTOR('',#2548,1.);
#1468=VECTOR('',#2551,1.);
#1469=VECTOR('',#2554,1.);
#1470=VECTOR('',#2555,1.);
#1471=VECTOR('',#2560,1.);
#1472=VECTOR('',#2563,1.);
#1473=VECTOR('',#2570,1.);
#1474=VECTOR('',#2571,1.);
#1475=VECTOR('',#2572,1.);
#1476=VECTOR('',#2573,1.);
#1477=VECTOR('',#2578,1.);
#1478=VECTOR('',#2583,1.);
#1479=VECTOR('',#2584,1.);
#1480=VECTOR('',#2585,1.);
#1481=VECTOR('',#2588,1.);
#1482=VECTOR('',#2589,1.);
#1483=VECTOR('',#2592,1.);
#1484=VECTOR('',#2593,1.);
#1485=VECTOR('',#2594,1.);
#1486=VECTOR('',#2597,1.);
#1487=VECTOR('',#2598,1.);
#1488=VECTOR('',#2599,1.);
#1489=VECTOR('',#2620,1.);
#1490=VECTOR('',#2621,1.);
#1491=VECTOR('',#2622,1.);
#1492=VECTOR('',#2623,1.);
#1493=VECTOR('',#2628,1.);
#1494=VECTOR('',#2633,1.);
#1495=VECTOR('',#2634,1.);
#1496=VECTOR('',#2635,1.);
#1497=VECTOR('',#2640,1.);
#1498=VECTOR('',#2645,1.);
#1499=VECTOR('',#2646,1.);
#1500=VECTOR('',#2647,1.);
#1501=VECTOR('',#2656,1.);
#1502=VECTOR('',#2657,1.);
#1503=VECTOR('',#2660,1.);
#1504=VECTOR('',#2661,1.);
#1505=VECTOR('',#2674,1.);
#1506=VECTOR('',#2675,1.);
#1507=VECTOR('',#2676,1.);
#1508=VECTOR('',#2677,1.);
#1509=VECTOR('',#2682,1.);
#1510=VECTOR('',#2687,1.);
#1511=VECTOR('',#2688,1.);
#1512=VECTOR('',#2689,1.);
#1513=VECTOR('',#2694,1.);
#1514=VECTOR('',#2699,1.);
#1515=VECTOR('',#2700,1.);
#1516=VECTOR('',#2701,1.);
#1517=VECTOR('',#2704,1.);
#1518=VECTOR('',#2705,1.);
#1519=VECTOR('',#2708,1.);
#1520=VECTOR('',#2709,1.);
#1521=VECTOR('',#2716,1.);
#1522=VECTOR('',#2717,1.);
#1523=VECTOR('',#2718,1.);
#1524=VECTOR('',#2721,1.);
#1525=VECTOR('',#2722,1.);
#1526=VECTOR('',#2725,1.);
#1527=VECTOR('',#2726,1.);
#1528=VECTOR('',#2729,1.);
#1529=VECTOR('',#2730,1.);
#1530=VECTOR('',#2733,1.);
#1531=VECTOR('',#2734,1.);
#1532=VECTOR('',#2735,1.);
#1533=VECTOR('',#2736,1.);
#1534=VECTOR('',#2737,1.);
#1535=VECTOR('',#2740,1.);
#1536=VECTOR('',#2741,1.);
#1537=VECTOR('',#2742,1.);
#1538=VECTOR('',#2749,1.);
#1539=VECTOR('',#2752,1.);
#1540=VECTOR('',#2753,1.);
#1541=VECTOR('',#2754,1.);
#1542=VECTOR('',#2769,1.);
#1543=VECTOR('',#2770,1.);
#1544=VECTOR('',#2785,1.);
#1545=VECTOR('',#2786,1.);
#1546=VECTOR('',#2789,1.);
#1547=EDGE_LOOP('',(#99,#100,#101,#102));
#1548=EDGE_LOOP('',(#103,#104,#105,#106));
#1549=EDGE_LOOP('',(#107,#108,#109,#110));
#1550=EDGE_LOOP('',(#111));
#1551=EDGE_LOOP('',(#112));
#1552=EDGE_LOOP('',(#113,#114,#115,#116,#117,#118,#119,#120));
#1553=EDGE_LOOP('',(#121,#122,#123,#124));
#1554=EDGE_LOOP('',(#125,#126,#127,#128,#129,#130,#131,#132));
#1555=EDGE_LOOP('',(#133,#134,#135,#136,#137,#138,#139,#140));
#1556=EDGE_LOOP('',(#141,#142,#143,#144));
#1557=EDGE_LOOP('',(#145,#146,#147,#148));
#1558=EDGE_LOOP('',(#149,#150,#151,#152));
#1559=EDGE_LOOP('',(#153));
#1560=EDGE_LOOP('',(#154));
#1561=EDGE_LOOP('',(#155,#156,#157,#158));
#1562=EDGE_LOOP('',(#159,#160,#161,#162));
#1563=EDGE_LOOP('',(#163,#164,#165,#166));
#1564=EDGE_LOOP('',(#167,#168,#169,#170));
#1565=EDGE_LOOP('',(#171,#172,#173,#174,#175,#176));
#1566=EDGE_LOOP('',(#177,#178,#179,#180));
#1567=EDGE_LOOP('',(#181,#182,#183,#184));
#1568=EDGE_LOOP('',(#185,#186,#187,#188));
#1569=EDGE_LOOP('',(#189,#190,#191,#192,#193,#194));
#1570=EDGE_LOOP('',(#195,#196,#197,#198));
#1571=EDGE_LOOP('',(#199,#200,#201,#202));
#1572=EDGE_LOOP('',(#203,#204,#205,#206,#207,#208,#209,#210));
#1573=EDGE_LOOP('',(#211,#212,#213,#214,#215,#216,#217,#218));
#1574=EDGE_LOOP('',(#219,#220,#221,#222));
#1575=EDGE_LOOP('',(#223,#224,#225,#226));
#1576=EDGE_LOOP('',(#227,#228,#229,#230));
#1577=EDGE_LOOP('',(#231));
#1578=EDGE_LOOP('',(#232));
#1579=EDGE_LOOP('',(#233,#234,#235,#236));
#1580=EDGE_LOOP('',(#237));
#1581=EDGE_LOOP('',(#238,#239,#240,#241));
#1582=EDGE_LOOP('',(#242));
#1583=EDGE_LOOP('',(#243,#244,#245,#246));
#1584=EDGE_LOOP('',(#247,#248,#249,#250));
#1585=EDGE_LOOP('',(#251,#252,#253,#254));
#1586=EDGE_LOOP('',(#255));
#1587=EDGE_LOOP('',(#256));
#1588=EDGE_LOOP('',(#257,#258,#259,#260));
#1589=EDGE_LOOP('',(#261));
#1590=EDGE_LOOP('',(#262,#263,#264,#265));
#1591=EDGE_LOOP('',(#266));
#1592=EDGE_LOOP('',(#267,#268,#269,#270));
#1593=EDGE_LOOP('',(#271,#272,#273,#274));
#1594=EDGE_LOOP('',(#275,#276,#277,#278));
#1595=EDGE_LOOP('',(#279,#280,#281,#282));
#1596=EDGE_LOOP('',(#283,#284,#285,#286));
#1597=EDGE_LOOP('',(#287));
#1598=EDGE_LOOP('',(#288));
#1599=EDGE_LOOP('',(#289,#290,#291,#292,#293,#294));
#1600=EDGE_LOOP('',(#295));
#1601=EDGE_LOOP('',(#296,#297,#298,#299,#300,#301));
#1602=EDGE_LOOP('',(#302));
#1603=EDGE_LOOP('',(#303));
#1604=EDGE_LOOP('',(#304));
#1605=EDGE_LOOP('',(#305));
#1606=EDGE_LOOP('',(#306));
#1607=EDGE_LOOP('',(#307,#308,#309,#310));
#1608=EDGE_LOOP('',(#311,#312,#313,#314));
#1609=EDGE_LOOP('',(#315,#316,#317,#318));
#1610=EDGE_LOOP('',(#319,#320,#321,#322));
#1611=EDGE_LOOP('',(#323,#324,#325,#326,#327,#328,#329,#330));
#1612=EDGE_LOOP('',(#331,#332,#333,#334,#335,#336));
#1613=EDGE_LOOP('',(#337,#338,#339,#340,#341,#342));
#1614=EDGE_LOOP('',(#343,#344,#345,#346));
#1615=EDGE_LOOP('',(#347,#348,#349,#350));
#1616=EDGE_LOOP('',(#351,#352,#353,#354));
#1617=EDGE_LOOP('',(#355));
#1618=EDGE_LOOP('',(#356));
#1619=EDGE_LOOP('',(#357,#358,#359,#360,#361,#362));
#1620=EDGE_LOOP('',(#363));
#1621=EDGE_LOOP('',(#364,#365,#366,#367,#368,#369));
#1622=EDGE_LOOP('',(#370));
#1623=EDGE_LOOP('',(#371,#372,#373,#374));
#1624=EDGE_LOOP('',(#375,#376,#377,#378));
#1625=EDGE_LOOP('',(#379));
#1626=EDGE_LOOP('',(#380,#381,#382,#383,#384,#385,#386,#387));
#1627=EDGE_LOOP('',(#388));
#1628=EDGE_LOOP('',(#389,#390,#391,#392,#393,#394,#395,#396));
#1629=EDGE_LOOP('',(#397,#398,#399,#400));
#1630=EDGE_LOOP('',(#401,#402,#403,#404));
#1631=EDGE_LOOP('',(#405,#406,#407,#408));
#1632=EDGE_LOOP('',(#409,#410,#411,#412));
#1633=EDGE_LOOP('',(#413));
#1634=EDGE_LOOP('',(#414));
#1635=EDGE_LOOP('',(#415,#416,#417,#418));
#1636=EDGE_LOOP('',(#419,#420,#421,#422));
#1637=EDGE_LOOP('',(#423,#424,#425,#426));
#1638=EDGE_LOOP('',(#427,#428,#429,#430));
#1639=EDGE_LOOP('',(#431,#432,#433,#434));
#1640=EDGE_LOOP('',(#435,#436,#437,#438));
#1641=EDGE_LOOP('',(#439,#440,#441,#442));
#1642=EDGE_LOOP('',(#443,#444,#445,#446));
#1643=EDGE_LOOP('',(#447));
#1644=EDGE_LOOP('',(#448));
#1645=EDGE_LOOP('',(#449,#450,#451,#452,#453,#454,#455,#456));
#1646=EDGE_LOOP('',(#457));
#1647=EDGE_LOOP('',(#458,#459,#460,#461,#462,#463,#464,#465));
#1648=EDGE_LOOP('',(#466));
#1649=EDGE_LOOP('',(#467));
#1650=EDGE_LOOP('',(#468));
#1651=EDGE_LOOP('',(#469,#470,#471,#472));
#1652=EDGE_LOOP('',(#473,#474,#475,#476));
#1653=EDGE_LOOP('',(#477,#478,#479,#480));
#1654=EDGE_LOOP('',(#481,#482,#483,#484));
#1655=EDGE_LOOP('',(#485,#486,#487,#488));
#1656=EDGE_LOOP('',(#489));
#1657=EDGE_LOOP('',(#490));
#1658=EDGE_LOOP('',(#491));
#1659=EDGE_LOOP('',(#492,#493,#494,#495,#496,#497,#498,#499));
#1660=EDGE_LOOP('',(#500));
#1661=EDGE_LOOP('',(#501,#502,#503,#504,#505,#506,#507,#508));
#1662=EDGE_LOOP('',(#509,#510,#511,#512));
#1663=EDGE_LOOP('',(#513,#514,#515,#516));
#1664=EDGE_LOOP('',(#517));
#1665=EDGE_LOOP('',(#518));
#1666=EDGE_LOOP('',(#519,#520,#521,#522));
#1667=EDGE_LOOP('',(#523,#524,#525,#526));
#1668=EDGE_LOOP('',(#527,#528,#529,#530));
#1669=EDGE_LOOP('',(#531,#532,#533,#534));
#1670=EDGE_LOOP('',(#535,#536,#537,#538));
#1671=EDGE_LOOP('',(#539,#540,#541,#542,#543,#544,#545,#546));
#1672=EDGE_LOOP('',(#547));
#1673=EDGE_LOOP('',(#548,#549,#550,#551,#552,#553,#554,#555));
#1674=EDGE_LOOP('',(#556));
#1675=EDGE_LOOP('',(#557,#558,#559,#560));
#1676=EDGE_LOOP('',(#561,#562,#563,#564));
#1677=EDGE_LOOP('',(#565,#566,#567,#568));
#1678=EDGE_LOOP('',(#569,#570,#571,#572));
#1679=EDGE_LOOP('',(#573,#574,#575,#576));
#1680=EDGE_LOOP('',(#577,#578,#579,#580,#581));
#1681=EDGE_LOOP('',(#582,#583,#584,#585,#586,#587,#588,#589,#590,#591));
#1682=EDGE_LOOP('',(#592,#593,#594,#595,#596,#597));
#1683=EDGE_LOOP('',(#598,#599,#600,#601));
#1684=EDGE_LOOP('',(#602,#603,#604,#605));
#1685=EDGE_LOOP('',(#606,#607,#608,#609));
#1686=EDGE_LOOP('',(#610));
#1687=EDGE_LOOP('',(#611));
#1688=EDGE_LOOP('',(#612,#613,#614,#615,#616,#617,#618,#619,#620,#621));
#1689=EDGE_LOOP('',(#622));
#1690=EDGE_LOOP('',(#623,#624,#625,#626,#627,#628));
#1691=EDGE_LOOP('',(#629));
#1692=EDGE_LOOP('',(#630));
#1693=EDGE_LOOP('',(#631));
#1694=EDGE_LOOP('',(#632));
#1695=EDGE_LOOP('',(#633));
#1696=EDGE_LOOP('',(#634));
#1697=EDGE_LOOP('',(#635));
#1698=EDGE_LOOP('',(#636,#637,#638,#639));
#1699=EDGE_LOOP('',(#640,#641,#642,#643,#644));
#1700=EDGE_LOOP('',(#645,#646,#647,#648));
#1701=FACE_BOUND('',#1547,.T.);
#1702=FACE_BOUND('',#1548,.T.);
#1703=FACE_BOUND('',#1549,.T.);
#1704=FACE_BOUND('',#1550,.T.);
#1705=FACE_BOUND('',#1551,.T.);
#1706=FACE_BOUND('',#1552,.T.);
#1707=FACE_BOUND('',#1553,.T.);
#1708=FACE_BOUND('',#1554,.T.);
#1709=FACE_BOUND('',#1555,.T.);
#1710=FACE_BOUND('',#1556,.T.);
#1711=FACE_BOUND('',#1557,.T.);
#1712=FACE_BOUND('',#1558,.T.);
#1713=FACE_BOUND('',#1559,.T.);
#1714=FACE_BOUND('',#1560,.T.);
#1715=FACE_BOUND('',#1561,.T.);
#1716=FACE_BOUND('',#1562,.T.);
#1717=FACE_BOUND('',#1563,.T.);
#1718=FACE_BOUND('',#1564,.T.);
#1719=FACE_BOUND('',#1565,.T.);
#1720=FACE_BOUND('',#1566,.T.);
#1721=FACE_BOUND('',#1567,.T.);
#1722=FACE_BOUND('',#1568,.T.);
#1723=FACE_BOUND('',#1569,.T.);
#1724=FACE_BOUND('',#1570,.T.);
#1725=FACE_BOUND('',#1571,.T.);
#1726=FACE_BOUND('',#1572,.T.);
#1727=FACE_BOUND('',#1573,.T.);
#1728=FACE_BOUND('',#1574,.T.);
#1729=FACE_BOUND('',#1575,.T.);
#1730=FACE_BOUND('',#1576,.T.);
#1731=FACE_BOUND('',#1577,.T.);
#1732=FACE_BOUND('',#1578,.T.);
#1733=FACE_BOUND('',#1579,.T.);
#1734=FACE_BOUND('',#1580,.T.);
#1735=FACE_BOUND('',#1581,.T.);
#1736=FACE_BOUND('',#1582,.T.);
#1737=FACE_BOUND('',#1583,.T.);
#1738=FACE_BOUND('',#1584,.T.);
#1739=FACE_BOUND('',#1585,.T.);
#1740=FACE_BOUND('',#1586,.T.);
#1741=FACE_BOUND('',#1587,.T.);
#1742=FACE_BOUND('',#1588,.T.);
#1743=FACE_BOUND('',#1589,.T.);
#1744=FACE_BOUND('',#1590,.T.);
#1745=FACE_BOUND('',#1591,.T.);
#1746=FACE_BOUND('',#1592,.T.);
#1747=FACE_BOUND('',#1593,.T.);
#1748=FACE_BOUND('',#1594,.T.);
#1749=FACE_BOUND('',#1595,.T.);
#1750=FACE_BOUND('',#1596,.T.);
#1751=FACE_BOUND('',#1597,.T.);
#1752=FACE_BOUND('',#1598,.T.);
#1753=FACE_BOUND('',#1599,.T.);
#1754=FACE_BOUND('',#1600,.T.);
#1755=FACE_BOUND('',#1601,.T.);
#1756=FACE_BOUND('',#1602,.T.);
#1757=FACE_BOUND('',#1603,.T.);
#1758=FACE_BOUND('',#1604,.T.);
#1759=FACE_BOUND('',#1605,.T.);
#1760=FACE_BOUND('',#1606,.T.);
#1761=FACE_BOUND('',#1607,.T.);
#1762=FACE_BOUND('',#1608,.T.);
#1763=FACE_BOUND('',#1609,.T.);
#1764=FACE_BOUND('',#1610,.T.);
#1765=FACE_BOUND('',#1611,.T.);
#1766=FACE_BOUND('',#1612,.T.);
#1767=FACE_BOUND('',#1613,.T.);
#1768=FACE_BOUND('',#1614,.T.);
#1769=FACE_BOUND('',#1615,.T.);
#1770=FACE_BOUND('',#1616,.T.);
#1771=FACE_BOUND('',#1617,.T.);
#1772=FACE_BOUND('',#1618,.T.);
#1773=FACE_BOUND('',#1619,.T.);
#1774=FACE_BOUND('',#1620,.T.);
#1775=FACE_BOUND('',#1621,.T.);
#1776=FACE_BOUND('',#1622,.T.);
#1777=FACE_BOUND('',#1623,.T.);
#1778=FACE_BOUND('',#1624,.T.);
#1779=FACE_BOUND('',#1625,.T.);
#1780=FACE_BOUND('',#1626,.T.);
#1781=FACE_BOUND('',#1627,.T.);
#1782=FACE_BOUND('',#1628,.T.);
#1783=FACE_BOUND('',#1629,.T.);
#1784=FACE_BOUND('',#1630,.T.);
#1785=FACE_BOUND('',#1631,.T.);
#1786=FACE_BOUND('',#1632,.T.);
#1787=FACE_BOUND('',#1633,.T.);
#1788=FACE_BOUND('',#1634,.T.);
#1789=FACE_BOUND('',#1635,.T.);
#1790=FACE_BOUND('',#1636,.T.);
#1791=FACE_BOUND('',#1637,.T.);
#1792=FACE_BOUND('',#1638,.T.);
#1793=FACE_BOUND('',#1639,.T.);
#1794=FACE_BOUND('',#1640,.T.);
#1795=FACE_BOUND('',#1641,.T.);
#1796=FACE_BOUND('',#1642,.T.);
#1797=FACE_BOUND('',#1643,.T.);
#1798=FACE_BOUND('',#1644,.T.);
#1799=FACE_BOUND('',#1645,.T.);
#1800=FACE_BOUND('',#1646,.T.);
#1801=FACE_BOUND('',#1647,.T.);
#1802=FACE_BOUND('',#1648,.T.);
#1803=FACE_BOUND('',#1649,.T.);
#1804=FACE_BOUND('',#1650,.T.);
#1805=FACE_BOUND('',#1651,.T.);
#1806=FACE_BOUND('',#1652,.T.);
#1807=FACE_BOUND('',#1653,.T.);
#1808=FACE_BOUND('',#1654,.T.);
#1809=FACE_BOUND('',#1655,.T.);
#1810=FACE_BOUND('',#1656,.T.);
#1811=FACE_BOUND('',#1657,.T.);
#1812=FACE_BOUND('',#1658,.T.);
#1813=FACE_BOUND('',#1659,.T.);
#1814=FACE_BOUND('',#1660,.T.);
#1815=FACE_BOUND('',#1661,.T.);
#1816=FACE_BOUND('',#1662,.T.);
#1817=FACE_BOUND('',#1663,.T.);
#1818=FACE_BOUND('',#1664,.T.);
#1819=FACE_BOUND('',#1665,.T.);
#1820=FACE_BOUND('',#1666,.T.);
#1821=FACE_BOUND('',#1667,.T.);
#1822=FACE_BOUND('',#1668,.T.);
#1823=FACE_BOUND('',#1669,.T.);
#1824=FACE_BOUND('',#1670,.T.);
#1825=FACE_BOUND('',#1671,.T.);
#1826=FACE_BOUND('',#1672,.T.);
#1827=FACE_BOUND('',#1673,.T.);
#1828=FACE_BOUND('',#1674,.T.);
#1829=FACE_BOUND('',#1675,.T.);
#1830=FACE_BOUND('',#1676,.T.);
#1831=FACE_BOUND('',#1677,.T.);
#1832=FACE_BOUND('',#1678,.T.);
#1833=FACE_BOUND('',#1679,.T.);
#1834=FACE_BOUND('',#1680,.T.);
#1835=FACE_BOUND('',#1681,.T.);
#1836=FACE_BOUND('',#1682,.T.);
#1837=FACE_BOUND('',#1683,.T.);
#1838=FACE_BOUND('',#1684,.T.);
#1839=FACE_BOUND('',#1685,.T.);
#1840=FACE_BOUND('',#1686,.T.);
#1841=FACE_BOUND('',#1687,.T.);
#1842=FACE_BOUND('',#1688,.T.);
#1843=FACE_BOUND('',#1689,.T.);
#1844=FACE_BOUND('',#1690,.T.);
#1845=FACE_BOUND('',#1691,.T.);
#1846=FACE_BOUND('',#1692,.T.);
#1847=FACE_BOUND('',#1693,.T.);
#1848=FACE_BOUND('',#1694,.T.);
#1849=FACE_BOUND('',#1695,.T.);
#1850=FACE_BOUND('',#1696,.T.);
#1851=FACE_BOUND('',#1697,.T.);
#1852=FACE_BOUND('',#1698,.T.);
#1853=FACE_BOUND('',#1699,.T.);
#1854=FACE_BOUND('',#1700,.T.);
#1855=PLANE('',#2063);
#1856=PLANE('',#2064);
#1857=PLANE('',#2065);
#1858=PLANE('',#2069);
#1859=PLANE('',#2070);
#1860=PLANE('',#2071);
#1861=PLANE('',#2075);
#1862=PLANE('',#2076);
#1863=PLANE('',#2077);
#1864=PLANE('',#2078);
#1865=PLANE('',#2079);
#1866=PLANE('',#2080);
#1867=PLANE('',#2081);
#1868=PLANE('',#2082);
#1869=PLANE('',#2083);
#1870=PLANE('',#2084);
#1871=PLANE('',#2085);
#1872=PLANE('',#2089);
#1873=PLANE('',#2093);
#1874=PLANE('',#2094);
#1875=PLANE('',#2095);
#1876=PLANE('',#2099);
#1877=PLANE('',#2103);
#1878=PLANE('',#2104);
#1879=PLANE('',#2105);
#1880=PLANE('',#2109);
#1881=PLANE('',#2113);
#1882=PLANE('',#2117);
#1883=PLANE('',#2118);
#1884=PLANE('',#2122);
#1885=PLANE('',#2123);
#1886=PLANE('',#2124);
#1887=PLANE('',#2125);
#1888=PLANE('',#2126);
#1889=PLANE('',#2127);
#1890=PLANE('',#2128);
#1891=PLANE('',#2129);
#1892=PLANE('',#2133);
#1893=PLANE('',#2140);
#1894=PLANE('',#2141);
#1895=PLANE('',#2142);
#1896=PLANE('',#2143);
#1897=PLANE('',#2144);
#1898=PLANE('',#2148);
#1899=PLANE('',#2153);
#1900=PLANE('',#2154);
#1901=PLANE('',#2157);
#1902=PLANE('',#2158);
#1903=PLANE('',#2162);
#1904=PLANE('',#2163);
#1905=PLANE('',#2164);
#1906=PLANE('',#2165);
#1907=PLANE('',#2172);
#1908=PLANE('',#2173);
#1909=PLANE('',#2174);
#1910=PLANE('',#2175);
#1911=PLANE('',#2179);
#1912=PLANE('',#2183);
#1913=PLANE('',#2187);
#1914=PLANE('',#2188);
#1915=PLANE('',#2189);
#1916=PLANE('',#2190);
#1917=PLANE('',#2194);
#1918=PLANE('',#2198);
#1919=PLANE('',#2202);
#1920=PLANE('',#2203);
#1921=PLANE('',#2204);
#1922=PLANE('',#2205);
#1923=PLANE('',#2206);
#1924=PLANE('',#2207);
#1925=PLANE('',#2208);
#1926=PLANE('',#2209);
#1927=PLANE('',#2210);
#1928=PLANE('',#2211);
#1929=PLANE('',#2212);
#1930=PLANE('',#2216);
#1931=PLANE('',#2223);
#1932=PLANE('',#2224);
#1933=PLANE('',#2228);
#1934=PLANE('',#2229);
#1935=PLANE('',#2230);
#1936=PLANE('',#2231);
#1937=PLANE('',#2232);
#1938=ADVANCED_FACE('',(#1701),#1855,.F.);
#1939=ADVANCED_FACE('',(#1702),#1856,.T.);
#1940=ADVANCED_FACE('',(#1703),#1857,.T.);
#1941=ADVANCED_FACE('',(#1704,#1705),#70,.F.);
#1942=ADVANCED_FACE('',(#1706,#1707,#1708,#1709),#1858,.F.);
#1943=ADVANCED_FACE('',(#1710,#1711),#1859,.T.);
#1944=ADVANCED_FACE('',(#1712),#1860,.F.);
#1945=ADVANCED_FACE('',(#1713,#1714),#71,.F.);
#1946=ADVANCED_FACE('',(#1715,#1716),#1861,.T.);
#1947=ADVANCED_FACE('',(#1717,#1718),#1862,.F.);
#1948=ADVANCED_FACE('',(#1719),#1863,.F.);
#1949=ADVANCED_FACE('',(#1720),#1864,.F.);
#1950=ADVANCED_FACE('',(#1721),#1865,.F.);
#1951=ADVANCED_FACE('',(#1722),#1866,.T.);
#1952=ADVANCED_FACE('',(#1723),#1867,.T.);
#1953=ADVANCED_FACE('',(#1724,#1725),#1868,.F.);
#1954=ADVANCED_FACE('',(#1726),#1869,.T.);
#1955=ADVANCED_FACE('',(#1727),#1870,.F.);
#1956=ADVANCED_FACE('',(#1728),#1871,.T.);
#1957=ADVANCED_FACE('',(#1729),#72,.T.);
#1958=ADVANCED_FACE('',(#1730),#1872,.F.);
#1959=ADVANCED_FACE('',(#1731,#1732),#73,.F.);
#1960=ADVANCED_FACE('',(#1733,#1734),#1873,.T.);
#1961=ADVANCED_FACE('',(#1735,#1736),#1874,.F.);
#1962=ADVANCED_FACE('',(#1737),#1875,.T.);
#1963=ADVANCED_FACE('',(#1738),#74,.T.);
#1964=ADVANCED_FACE('',(#1739),#1876,.F.);
#1965=ADVANCED_FACE('',(#1740,#1741),#75,.F.);
#1966=ADVANCED_FACE('',(#1742,#1743),#1877,.T.);
#1967=ADVANCED_FACE('',(#1744,#1745),#1878,.F.);
#1968=ADVANCED_FACE('',(#1746),#1879,.F.);
#1969=ADVANCED_FACE('',(#1747),#76,.T.);
#1970=ADVANCED_FACE('',(#1748),#1880,.T.);
#1971=ADVANCED_FACE('',(#1749),#77,.T.);
#1972=ADVANCED_FACE('',(#1750),#1881,.T.);
#1973=ADVANCED_FACE('',(#1751,#1752),#78,.F.);
#1974=ADVANCED_FACE('',(#1753,#1754),#1882,.T.);
#1975=ADVANCED_FACE('',(#1755,#1756),#1883,.F.);
#1976=ADVANCED_FACE('',(#1757,#1758),#79,.F.);
#1977=ADVANCED_FACE('',(#1759,#1760),#1884,.T.);
#1978=ADVANCED_FACE('',(#1761),#1885,.T.);
#1979=ADVANCED_FACE('',(#1762),#1886,.F.);
#1980=ADVANCED_FACE('',(#1763),#1887,.F.);
#1981=ADVANCED_FACE('',(#1764),#1888,.T.);
#1982=ADVANCED_FACE('',(#1765),#1889,.T.);
#1983=ADVANCED_FACE('',(#1766),#1890,.T.);
#1984=ADVANCED_FACE('',(#1767),#1891,.T.);
#1985=ADVANCED_FACE('',(#1768),#80,.T.);
#1986=ADVANCED_FACE('',(#1769),#1892,.T.);
#1987=ADVANCED_FACE('',(#1770),#81,.T.);
#1988=ADVANCED_FACE('',(#1771,#1772),#82,.F.);
#1989=ADVANCED_FACE('',(#1773,#1774),#1893,.T.);
#1990=ADVANCED_FACE('',(#1775,#1776),#1894,.F.);
#1991=ADVANCED_FACE('',(#1777),#1895,.F.);
#1992=ADVANCED_FACE('',(#1778),#1896,.F.);
#1993=ADVANCED_FACE('',(#1779,#1780),#1897,.T.);
#1994=ADVANCED_FACE('',(#1781,#1782),#1898,.F.);
#1995=ADVANCED_FACE('',(#1783),#83,.T.);
#1996=ADVANCED_FACE('',(#1784),#1899,.F.);
#1997=ADVANCED_FACE('',(#1785),#1900,.F.);
#1998=ADVANCED_FACE('',(#1786),#84,.T.);
#1999=ADVANCED_FACE('',(#1787,#1788),#85,.F.);
#2000=ADVANCED_FACE('',(#1789),#1901,.T.);
#2001=ADVANCED_FACE('',(#1790),#1902,.T.);
#2002=ADVANCED_FACE('',(#1791),#86,.T.);
#2003=ADVANCED_FACE('',(#1792),#1903,.T.);
#2004=ADVANCED_FACE('',(#1793),#1904,.T.);
#2005=ADVANCED_FACE('',(#1794),#1905,.T.);
#2006=ADVANCED_FACE('',(#1795),#1906,.T.);
#2007=ADVANCED_FACE('',(#1796),#87,.T.);
#2008=ADVANCED_FACE('',(#1797,#1798),#88,.F.);
#2009=ADVANCED_FACE('',(#1799,#1800),#1907,.T.);
#2010=ADVANCED_FACE('',(#1801,#1802),#1908,.F.);
#2011=ADVANCED_FACE('',(#1803,#1804),#1909,.T.);
#2012=ADVANCED_FACE('',(#1805),#1910,.F.);
#2013=ADVANCED_FACE('',(#1806),#89,.T.);
#2014=ADVANCED_FACE('',(#1807),#1911,.T.);
#2015=ADVANCED_FACE('',(#1808),#90,.T.);
#2016=ADVANCED_FACE('',(#1809),#1912,.F.);
#2017=ADVANCED_FACE('',(#1810,#1811),#91,.F.);
#2018=ADVANCED_FACE('',(#1812,#1813),#1913,.T.);
#2019=ADVANCED_FACE('',(#1814,#1815),#1914,.F.);
#2020=ADVANCED_FACE('',(#1816),#1915,.F.);
#2021=ADVANCED_FACE('',(#1817),#1916,.F.);
#2022=ADVANCED_FACE('',(#1818,#1819),#92,.F.);
#2023=ADVANCED_FACE('',(#1820),#1917,.T.);
#2024=ADVANCED_FACE('',(#1821),#93,.T.);
#2025=ADVANCED_FACE('',(#1822),#1918,.T.);
#2026=ADVANCED_FACE('',(#1823),#94,.T.);
#2027=ADVANCED_FACE('',(#1824),#1919,.T.);
#2028=ADVANCED_FACE('',(#1825,#1826),#1920,.F.);
#2029=ADVANCED_FACE('',(#1827,#1828),#1921,.T.);
#2030=ADVANCED_FACE('',(#1829),#1922,.T.);
#2031=ADVANCED_FACE('',(#1830),#1923,.T.);
#2032=ADVANCED_FACE('',(#1831),#1924,.T.);
#2033=ADVANCED_FACE('',(#1832),#1925,.F.);
#2034=ADVANCED_FACE('',(#1833),#1926,.F.);
#2035=ADVANCED_FACE('',(#1834),#1927,.T.);
#2036=ADVANCED_FACE('',(#1835),#1928,.T.);
#2037=ADVANCED_FACE('',(#1836),#1929,.T.);
#2038=ADVANCED_FACE('',(#1837),#95,.T.);
#2039=ADVANCED_FACE('',(#1838),#1930,.T.);
#2040=ADVANCED_FACE('',(#1839),#96,.T.);
#2041=ADVANCED_FACE('',(#1840,#1841),#97,.F.);
#2042=ADVANCED_FACE('',(#1842,#1843),#1931,.T.);
#2043=ADVANCED_FACE('',(#1844,#1845),#1932,.F.);
#2044=ADVANCED_FACE('',(#1846,#1847),#98,.F.);
#2045=ADVANCED_FACE('',(#1848,#1849),#1933,.T.);
#2046=ADVANCED_FACE('',(#1850,#1851),#1934,.F.);
#2047=ADVANCED_FACE('',(#1852),#1935,.F.);
#2048=ADVANCED_FACE('',(#1853),#1936,.T.);
#2049=ADVANCED_FACE('',(#1854),#1937,.T.);
#2050=CLOSED_SHELL('',(#1938,#1939,#1940,#1941,#1942,#1943,#1944,#1945,
#1946,#1947,#1948,#1949,#1950,#1951,#1952,#1953,#1954,#1955,#1956,#1957,
#1958,#1959,#1960,#1961,#1962,#1963,#1964,#1965,#1966,#1967,#1968,#1969,
#1970,#1971,#1972,#1973,#1974,#1975,#1976,#1977,#1978,#1979,#1980,#1981,
#1982,#1983,#1984,#1985,#1986,#1987,#1988,#1989,#1990,#1991,#1992,#1993,
#1994,#1995,#1996,#1997,#1998,#1999,#2000,#2001,#2002,#2003,#2004,#2005,
#2006,#2007,#2008,#2009,#2010,#2011,#2012,#2013,#2014,#2015,#2016,#2017,
#2018,#2019,#2020,#2021,#2022,#2023,#2024,#2025,#2026,#2027,#2028,#2029,
#2030,#2031,#2032,#2033,#2034,#2035,#2036,#2037,#2038,#2039,#2040,#2041,
#2042,#2043,#2044,#2045,#2046,#2047,#2048,#2049));
#2051=STYLED_ITEM('',(#2052),#2059);
#2052=PRESENTATION_STYLE_ASSIGNMENT((#2053));
#2053=SURFACE_STYLE_USAGE(.BOTH.,#2054);
#2054=SURFACE_SIDE_STYLE('',(#2055));
#2055=SURFACE_STYLE_FILL_AREA(#2056);
#2056=FILL_AREA_STYLE('',(#2057));
#2057=FILL_AREA_STYLE_COLOUR('',#2058);
#2058=COLOUR_RGB('',0.615686274509804,0.811764705882353,0.929411764705882);
#2059=MANIFOLD_SOLID_BREP('bed plate',#2050);
#2060=SHAPE_DEFINITION_REPRESENTATION(#3375,#2061);
#2061=SHAPE_REPRESENTATION('bed plate',(#2062),#3370);
#2062=AXIS2_PLACEMENT_3D('',#2792,#2233,#2234);
#2063=AXIS2_PLACEMENT_3D('',#2793,#2235,#2236);
#2064=AXIS2_PLACEMENT_3D('',#2802,#2241,#2242);
#2065=AXIS2_PLACEMENT_3D('',#2811,#2247,#2248);
#2066=AXIS2_PLACEMENT_3D('',#2817,#2252,#2253);
#2067=AXIS2_PLACEMENT_3D('',#2818,#2254,#2255);
#2068=AXIS2_PLACEMENT_3D('',#2820,#2256,#2257);
#2069=AXIS2_PLACEMENT_3D('',#2822,#2258,#2259);
#2070=AXIS2_PLACEMENT_3D('',#2874,#2286,#2287);
#2071=AXIS2_PLACEMENT_3D('',#2888,#2295,#2296);
#2072=AXIS2_PLACEMENT_3D('',#2894,#2300,#2301);
#2073=AXIS2_PLACEMENT_3D('',#2895,#2302,#2303);
#2074=AXIS2_PLACEMENT_3D('',#2897,#2304,#2305);
#2075=AXIS2_PLACEMENT_3D('',#2899,#2306,#2307);
#2076=AXIS2_PLACEMENT_3D('',#2913,#2315,#2316);
#2077=AXIS2_PLACEMENT_3D('',#2927,#2324,#2325);
#2078=AXIS2_PLACEMENT_3D('',#2934,#2330,#2331);
#2079=AXIS2_PLACEMENT_3D('',#2940,#2335,#2336);
#2080=AXIS2_PLACEMENT_3D('',#2946,#2340,#2341);
#2081=AXIS2_PLACEMENT_3D('',#2952,#2345,#2346);
#2082=AXIS2_PLACEMENT_3D('',#2959,#2351,#2352);
#2083=AXIS2_PLACEMENT_3D('',#2970,#2359,#2360);
#2084=AXIS2_PLACEMENT_3D('',#2971,#2361,#2362);
#2085=AXIS2_PLACEMENT_3D('',#2972,#2363,#2364);
#2086=AXIS2_PLACEMENT_3D('',#2978,#2368,#2369);
#2087=AXIS2_PLACEMENT_3D('',#2979,#2370,#2371);
#2088=AXIS2_PLACEMENT_3D('',#2983,#2373,#2374);
#2089=AXIS2_PLACEMENT_3D('',#2984,#2375,#2376);
#2090=AXIS2_PLACEMENT_3D('',#2987,#2379,#2380);
#2091=AXIS2_PLACEMENT_3D('',#2988,#2381,#2382);
#2092=AXIS2_PLACEMENT_3D('',#2990,#2383,#2384);
#2093=AXIS2_PLACEMENT_3D('',#2992,#2385,#2386);
#2094=AXIS2_PLACEMENT_3D('',#2993,#2387,#2388);
#2095=AXIS2_PLACEMENT_3D('',#2994,#2389,#2390);
#2096=AXIS2_PLACEMENT_3D('',#3000,#2394,#2395);
#2097=AXIS2_PLACEMENT_3D('',#3001,#2396,#2397);
#2098=AXIS2_PLACEMENT_3D('',#3005,#2399,#2400);
#2099=AXIS2_PLACEMENT_3D('',#3006,#2401,#2402);
#2100=AXIS2_PLACEMENT_3D('',#3009,#2405,#2406);
#2101=AXIS2_PLACEMENT_3D('',#3010,#2407,#2408);
#2102=AXIS2_PLACEMENT_3D('',#3012,#2409,#2410);
#2103=AXIS2_PLACEMENT_3D('',#3014,#2411,#2412);
#2104=AXIS2_PLACEMENT_3D('',#3015,#2413,#2414);
#2105=AXIS2_PLACEMENT_3D('',#3016,#2415,#2416);
#2106=AXIS2_PLACEMENT_3D('',#3022,#2420,#2421);
#2107=AXIS2_PLACEMENT_3D('',#3023,#2422,#2423);
#2108=AXIS2_PLACEMENT_3D('',#3027,#2425,#2426);
#2109=AXIS2_PLACEMENT_3D('',#3028,#2427,#2428);
#2110=AXIS2_PLACEMENT_3D('',#3034,#2432,#2433);
#2111=AXIS2_PLACEMENT_3D('',#3035,#2434,#2435);
#2112=AXIS2_PLACEMENT_3D('',#3039,#2437,#2438);
#2113=AXIS2_PLACEMENT_3D('',#3040,#2439,#2440);
#2114=AXIS2_PLACEMENT_3D('',#3043,#2443,#2444);
#2115=AXIS2_PLACEMENT_3D('',#3044,#2445,#2446);
#2116=AXIS2_PLACEMENT_3D('',#3046,#2447,#2448);
#2117=AXIS2_PLACEMENT_3D('',#3048,#2449,#2450);
#2118=AXIS2_PLACEMENT_3D('',#3049,#2451,#2452);
#2119=AXIS2_PLACEMENT_3D('',#3050,#2453,#2454);
#2120=AXIS2_PLACEMENT_3D('',#3051,#2455,#2456);
#2121=AXIS2_PLACEMENT_3D('',#3053,#2457,#2458);
#2122=AXIS2_PLACEMENT_3D('',#3055,#2459,#2460);
#2123=AXIS2_PLACEMENT_3D('',#3056,#2461,#2462);
#2124=AXIS2_PLACEMENT_3D('',#3062,#2466,#2467);
#2125=AXIS2_PLACEMENT_3D('',#3066,#2470,#2471);
#2126=AXIS2_PLACEMENT_3D('',#3070,#2474,#2475);
#2127=AXIS2_PLACEMENT_3D('',#3072,#2477,#2478);
#2128=AXIS2_PLACEMENT_3D('',#3078,#2482,#2483);
#2129=AXIS2_PLACEMENT_3D('',#3084,#2487,#2488);
#2130=AXIS2_PLACEMENT_3D('',#3090,#2492,#2493);
#2131=AXIS2_PLACEMENT_3D('',#3091,#2494,#2495);
#2132=AXIS2_PLACEMENT_3D('',#3095,#2497,#2498);
#2133=AXIS2_PLACEMENT_3D('',#3096,#2499,#2500);
#2134=AXIS2_PLACEMENT_3D('',#3102,#2504,#2505);
#2135=AXIS2_PLACEMENT_3D('',#3103,#2506,#2507);
#2136=AXIS2_PLACEMENT_3D('',#3104,#2508,#2509);
#2137=AXIS2_PLACEMENT_3D('',#3105,#2510,#2511);
#2138=AXIS2_PLACEMENT_3D('',#3106,#2512,#2513);
#2139=AXIS2_PLACEMENT_3D('',#3108,#2514,#2515);
#2140=AXIS2_PLACEMENT_3D('',#3110,#2516,#2517);
#2141=AXIS2_PLACEMENT_3D('',#3111,#2518,#2519);
#2142=AXIS2_PLACEMENT_3D('',#3112,#2520,#2521);
#2143=AXIS2_PLACEMENT_3D('',#3118,#2525,#2526);
#2144=AXIS2_PLACEMENT_3D('',#3124,#2530,#2531);
#2145=AXIS2_PLACEMENT_3D('',#3125,#2532,#2533);
#2146=AXIS2_PLACEMENT_3D('',#3129,#2535,#2536);
#2147=AXIS2_PLACEMENT_3D('',#3133,#2538,#2539);
#2148=AXIS2_PLACEMENT_3D('',#3136,#2541,#2542);
#2149=AXIS2_PLACEMENT_3D('',#3137,#2543,#2544);
#2150=AXIS2_PLACEMENT_3D('',#3141,#2546,#2547);
#2151=AXIS2_PLACEMENT_3D('',#3145,#2549,#2550);
#2152=AXIS2_PLACEMENT_3D('',#3148,#2552,#2553);
#2153=AXIS2_PLACEMENT_3D('',#3151,#2556,#2557);
#2154=AXIS2_PLACEMENT_3D('',#3152,#2558,#2559);
#2155=AXIS2_PLACEMENT_3D('',#3154,#2561,#2562);
#2156=AXIS2_PLACEMENT_3D('',#3156,#2564,#2565);
#2157=AXIS2_PLACEMENT_3D('',#3157,#2566,#2567);
#2158=AXIS2_PLACEMENT_3D('',#3158,#2568,#2569);
#2159=AXIS2_PLACEMENT_3D('',#3167,#2574,#2575);
#2160=AXIS2_PLACEMENT_3D('',#3168,#2576,#2577);
#2161=AXIS2_PLACEMENT_3D('',#3172,#2579,#2580);
#2162=AXIS2_PLACEMENT_3D('',#3173,#2581,#2582);
#2163=AXIS2_PLACEMENT_3D('',#3179,#2586,#2587);
#2164=AXIS2_PLACEMENT_3D('',#3182,#2590,#2591);
#2165=AXIS2_PLACEMENT_3D('',#3188,#2595,#2596);
#2166=AXIS2_PLACEMENT_3D('',#3194,#2600,#2601);
#2167=AXIS2_PLACEMENT_3D('',#3195,#2602,#2603);
#2168=AXIS2_PLACEMENT_3D('',#3196,#2604,#2605);
#2169=AXIS2_PLACEMENT_3D('',#3197,#2606,#2607);
#2170=AXIS2_PLACEMENT_3D('',#3198,#2608,#2609);
#2171=AXIS2_PLACEMENT_3D('',#3200,#2610,#2611);
#2172=AXIS2_PLACEMENT_3D('',#3202,#2612,#2613);
#2173=AXIS2_PLACEMENT_3D('',#3203,#2614,#2615);
#2174=AXIS2_PLACEMENT_3D('',#3204,#2616,#2617);
#2175=AXIS2_PLACEMENT_3D('',#3205,#2618,#2619);
#2176=AXIS2_PLACEMENT_3D('',#3214,#2624,#2625);
#2177=AXIS2_PLACEMENT_3D('',#3215,#2626,#2627);
#2178=AXIS2_PLACEMENT_3D('',#3219,#2629,#2630);
#2179=AXIS2_PLACEMENT_3D('',#3220,#2631,#2632);
#2180=AXIS2_PLACEMENT_3D('',#3226,#2636,#2637);
#2181=AXIS2_PLACEMENT_3D('',#3227,#2638,#2639);
#2182=AXIS2_PLACEMENT_3D('',#3231,#2641,#2642);
#2183=AXIS2_PLACEMENT_3D('',#3232,#2643,#2644);
#2184=AXIS2_PLACEMENT_3D('',#3238,#2648,#2649);
#2185=AXIS2_PLACEMENT_3D('',#3239,#2650,#2651);
#2186=AXIS2_PLACEMENT_3D('',#3241,#2652,#2653);
#2187=AXIS2_PLACEMENT_3D('',#3243,#2654,#2655);
#2188=AXIS2_PLACEMENT_3D('',#3246,#2658,#2659);
#2189=AXIS2_PLACEMENT_3D('',#3249,#2662,#2663);
#2190=AXIS2_PLACEMENT_3D('',#3250,#2664,#2665);
#2191=AXIS2_PLACEMENT_3D('',#3251,#2666,#2667);
#2192=AXIS2_PLACEMENT_3D('',#3252,#2668,#2669);
#2193=AXIS2_PLACEMENT_3D('',#3254,#2670,#2671);
#2194=AXIS2_PLACEMENT_3D('',#3256,#2672,#2673);
#2195=AXIS2_PLACEMENT_3D('',#3265,#2678,#2679);
#2196=AXIS2_PLACEMENT_3D('',#3266,#2680,#2681);
#2197=AXIS2_PLACEMENT_3D('',#3270,#2683,#2684);
#2198=AXIS2_PLACEMENT_3D('',#3271,#2685,#2686);
#2199=AXIS2_PLACEMENT_3D('',#3277,#2690,#2691);
#2200=AXIS2_PLACEMENT_3D('',#3278,#2692,#2693);
#2201=AXIS2_PLACEMENT_3D('',#3282,#2695,#2696);
#2202=AXIS2_PLACEMENT_3D('',#3283,#2697,#2698);
#2203=AXIS2_PLACEMENT_3D('',#3289,#2702,#2703);
#2204=AXIS2_PLACEMENT_3D('',#3292,#2706,#2707);
#2205=AXIS2_PLACEMENT_3D('',#3295,#2710,#2711);
#2206=AXIS2_PLACEMENT_3D('',#3296,#2712,#2713);
#2207=AXIS2_PLACEMENT_3D('',#3297,#2714,#2715);
#2208=AXIS2_PLACEMENT_3D('',#3303,#2719,#2720);
#2209=AXIS2_PLACEMENT_3D('',#3307,#2723,#2724);
#2210=AXIS2_PLACEMENT_3D('',#3311,#2727,#2728);
#2211=AXIS2_PLACEMENT_3D('',#3315,#2731,#2732);
#2212=AXIS2_PLACEMENT_3D('',#3324,#2738,#2739);
#2213=AXIS2_PLACEMENT_3D('',#3330,#2743,#2744);
#2214=AXIS2_PLACEMENT_3D('',#3331,#2745,#2746);
#2215=AXIS2_PLACEMENT_3D('',#3333,#2747,#2748);
#2216=AXIS2_PLACEMENT_3D('',#3336,#2750,#2751);
#2217=AXIS2_PLACEMENT_3D('',#3342,#2755,#2756);
#2218=AXIS2_PLACEMENT_3D('',#3343,#2757,#2758);
#2219=AXIS2_PLACEMENT_3D('',#3344,#2759,#2760);
#2220=AXIS2_PLACEMENT_3D('',#3345,#2761,#2762);
#2221=AXIS2_PLACEMENT_3D('',#3346,#2763,#2764);
#2222=AXIS2_PLACEMENT_3D('',#3348,#2765,#2766);
#2223=AXIS2_PLACEMENT_3D('',#3350,#2767,#2768);
#2224=AXIS2_PLACEMENT_3D('',#3354,#2771,#2772);
#2225=AXIS2_PLACEMENT_3D('',#3355,#2773,#2774);
#2226=AXIS2_PLACEMENT_3D('',#3356,#2775,#2776);
#2227=AXIS2_PLACEMENT_3D('',#3358,#2777,#2778);
#2228=AXIS2_PLACEMENT_3D('',#3360,#2779,#2780);
#2229=AXIS2_PLACEMENT_3D('',#3361,#2781,#2782);
#2230=AXIS2_PLACEMENT_3D('',#3362,#2783,#2784);
#2231=AXIS2_PLACEMENT_3D('',#3366,#2787,#2788);
#2232=AXIS2_PLACEMENT_3D('',#3368,#2790,#2791);
#2233=DIRECTION('',(0.,0.,1.));
#2234=DIRECTION('',(1.,0.,0.));
#2235=DIRECTION('',(-1.,0.,0.));
#2236=DIRECTION('',(0.,0.,-1.));
#2237=DIRECTION('',(0.,-1.,0.));
#2238=DIRECTION('',(0.,0.,1.));
#2239=DIRECTION('',(0.,1.,0.));
#2240=DIRECTION('',(0.,0.,1.));
#2241=DIRECTION('',(0.,1.,0.));
#2242=DIRECTION('',(0.,0.,1.));
#2243=DIRECTION('',(-1.,0.,0.));
#2244=DIRECTION('',(0.,0.,1.));
#2245=DIRECTION('',(-1.,0.,0.));
#2246=DIRECTION('',(0.,0.,1.));
#2247=DIRECTION('',(0.,1.,0.));
#2248=DIRECTION('',(0.,0.,1.));
#2249=DIRECTION('',(0.,0.,1.));
#2250=DIRECTION('',(-1.,0.,0.));
#2251=DIRECTION('',(-1.,0.,0.));
#2252=DIRECTION('',(1.,0.,0.));
#2253=DIRECTION('',(0.,0.,-1.));
#2254=DIRECTION('',(-1.,0.,0.));
#2255=DIRECTION('',(0.,0.,1.));
#2256=DIRECTION('',(-1.,0.,0.));
#2257=DIRECTION('',(0.,0.,1.));
#2258=DIRECTION('',(0.,0.,1.));
#2259=DIRECTION('',(1.,0.,0.));
#2260=DIRECTION('',(1.,0.,0.));
#2261=DIRECTION('',(0.,1.,0.));
#2262=DIRECTION('',(1.,0.,0.));
#2263=DIRECTION('',(0.,1.,0.));
#2264=DIRECTION('',(-1.,0.,0.));
#2265=DIRECTION('',(0.,1.,0.));
#2266=DIRECTION('',(-1.,0.,0.));
#2267=DIRECTION('',(0.,1.,0.));
#2268=DIRECTION('',(-1.,0.,0.));
#2269=DIRECTION('',(0.,1.,0.));
#2270=DIRECTION('',(-1.,0.,0.));
#2271=DIRECTION('',(0.,1.,0.));
#2272=DIRECTION('',(0.,1.,0.));
#2273=DIRECTION('',(-1.,0.,0.));
#2274=DIRECTION('',(-1.,0.,0.));
#2275=DIRECTION('',(-1.,0.,0.));
#2276=DIRECTION('',(0.,1.,0.));
#2277=DIRECTION('',(-1.,0.,0.));
#2278=DIRECTION('',(-1.,0.,0.));
#2279=DIRECTION('',(-1.,0.,0.));
#2280=DIRECTION('',(1.,0.,0.));
#2281=DIRECTION('',(0.,1.,0.));
#2282=DIRECTION('',(1.,0.,0.));
#2283=DIRECTION('',(0.,1.,0.));
#2284=DIRECTION('',(-1.,0.,0.));
#2285=DIRECTION('',(0.,1.,0.));
#2286=DIRECTION('',(0.,0.0992386211600406,-0.995063664330205));
#2287=DIRECTION('',(0.,0.995063664330205,0.0992386211600406));
#2288=DIRECTION('',(0.,-0.995063664330205,-0.0992386211600406));
#2289=DIRECTION('',(-1.,0.,0.));
#2290=DIRECTION('',(0.,-0.995063664330205,-0.0992386211600406));
#2291=DIRECTION('',(1.,0.,0.));
#2292=DIRECTION('',(0.,0.995063664330205,0.0992386211600406));
#2293=DIRECTION('',(-1.,0.,0.));
#2294=DIRECTION('',(0.,0.995063664330205,0.0992386211600406));
#2295=DIRECTION('',(1.,0.,0.));
#2296=DIRECTION('',(0.,0.,-1.));
#2297=DIRECTION('',(0.,1.,0.));
#2298=DIRECTION('',(0.,0.,1.));
#2299=DIRECTION('',(0.,0.,1.));
#2300=DIRECTION('',(-1.,0.,0.));
#2301=DIRECTION('',(0.,0.,1.));
#2302=DIRECTION('',(-1.,0.,0.));
#2303=DIRECTION('',(0.,0.,1.));
#2304=DIRECTION('',(1.,0.,0.));
#2305=DIRECTION('',(0.,0.,-1.));
#2306=DIRECTION('',(0.,0.0992386211600406,-0.995063664330205));
#2307=DIRECTION('',(0.,0.995063664330205,0.0992386211600406));
#2308=DIRECTION('',(0.,0.995063664330205,0.0992386211600406));
#2309=DIRECTION('',(-1.,0.,0.));
#2310=DIRECTION('',(0.,0.995063664330205,0.0992386211600406));
#2311=DIRECTION('',(1.,0.,0.));
#2312=DIRECTION('',(-1.,0.,0.));
#2313=DIRECTION('',(0.,-0.995063664330205,-0.0992386211600406));
#2314=DIRECTION('',(0.,-0.995063664330205,-0.0992386211600406));
#2315=DIRECTION('',(0.,0.0992386211600408,0.995063664330204));
#2316=DIRECTION('',(0.,-0.995063664330205,0.0992386211600408));
#2317=DIRECTION('',(1.,0.,0.));
#2318=DIRECTION('',(0.,-0.995063664330205,0.0992386211600408));
#2319=DIRECTION('',(-1.,0.,0.));
#2320=DIRECTION('',(0.,-0.995063664330205,0.0992386211600408));
#2321=DIRECTION('',(0.,0.995063664330205,-0.0992386211600408));
#2322=DIRECTION('',(-1.,0.,0.));
#2323=DIRECTION('',(0.,0.995063664330205,-0.0992386211600408));
#2324=DIRECTION('',(0.,-2.59420963765757E-16,1.));
#2325=DIRECTION('',(0.,-1.,-2.59420963765757E-16));
#2326=DIRECTION('',(0.,1.,2.59420963765757E-16));
#2327=DIRECTION('',(-1.,0.,0.));
#2328=DIRECTION('',(0.,1.,2.59420963765757E-16));
#2329=DIRECTION('',(-1.,0.,0.));
#2330=DIRECTION('',(0.,-0.705823044004826,0.708388191990635));
#2331=DIRECTION('',(0.,-0.708388191990635,-0.705823044004826));
#2332=DIRECTION('',(0.,0.708388191990635,0.705823044004826));
#2333=DIRECTION('',(-1.,0.,0.));
#2334=DIRECTION('',(0.,0.708388191990635,0.705823044004826));
#2335=DIRECTION('',(0.,1.1595045910315E-16,-1.));
#2336=DIRECTION('',(0.,1.,1.1595045910315E-16));
#2337=DIRECTION('',(0.,-1.,-1.1595045910315E-16));
#2338=DIRECTION('',(-1.,0.,0.));
#2339=DIRECTION('',(0.,-1.,-1.1595045910315E-16));
#2340=DIRECTION('',(0.,-0.705823044004826,-0.708388191990635));
#2341=DIRECTION('',(0.,0.708388191990635,-0.705823044004826));
#2342=DIRECTION('',(0.,-0.708388191990635,0.705823044004826));
#2343=DIRECTION('',(-1.,0.,0.));
#2344=DIRECTION('',(0.,-0.708388191990635,0.705823044004826));
#2345=DIRECTION('',(0.,0.,-1.));
#2346=DIRECTION('',(-1.,0.,0.));
#2347=DIRECTION('',(0.,-1.,0.));
#2348=DIRECTION('',(-1.,0.,0.));
#2349=DIRECTION('',(-1.,0.,0.));
#2350=DIRECTION('',(0.,-1.,0.));
#2351=DIRECTION('',(0.,0.0992386211600408,0.995063664330204));
#2352=DIRECTION('',(0.,-0.995063664330205,0.0992386211600408));
#2353=DIRECTION('',(0.,-0.995063664330205,0.0992386211600408));
#2354=DIRECTION('',(-1.,0.,0.));
#2355=DIRECTION('',(0.,-0.995063664330205,0.0992386211600408));
#2356=DIRECTION('',(1.,0.,0.));
#2357=DIRECTION('',(0.,0.995063664330205,-0.0992386211600408));
#2358=DIRECTION('',(0.,0.995063664330205,-0.0992386211600408));
#2359=DIRECTION('',(1.,0.,0.));
#2360=DIRECTION('',(0.,1.,0.));
#2361=DIRECTION('',(1.,0.,0.));
#2362=DIRECTION('',(0.,1.,0.));
#2363=DIRECTION('',(0.,-1.,0.));
#2364=DIRECTION('',(0.,0.,-1.));
#2365=DIRECTION('',(0.,0.,1.));
#2366=DIRECTION('',(-1.,0.,0.));
#2367=DIRECTION('',(0.,0.,1.));
#2368=DIRECTION('',(-1.,0.,0.));
#2369=DIRECTION('',(0.,0.,1.));
#2370=DIRECTION('',(-1.,0.,0.));
#2371=DIRECTION('',(0.,0.,-1.));
#2372=DIRECTION('',(-1.,0.,0.));
#2373=DIRECTION('',(-1.,0.,0.));
#2374=DIRECTION('',(0.,0.,-1.));
#2375=DIRECTION('',(0.,-1.,0.));
#2376=DIRECTION('',(0.,0.,-1.));
#2377=DIRECTION('',(0.,0.,1.));
#2378=DIRECTION('',(0.,0.,1.));
#2379=DIRECTION('',(-1.,0.,0.));
#2380=DIRECTION('',(0.,0.,1.));
#2381=DIRECTION('',(1.,0.,0.));
#2382=DIRECTION('',(0.,0.,-1.));
#2383=DIRECTION('',(1.,0.,0.));
#2384=DIRECTION('',(0.,0.,-1.));
#2385=DIRECTION('',(1.,0.,0.));
#2386=DIRECTION('',(0.,1.,0.));
#2387=DIRECTION('',(1.,0.,0.));
#2388=DIRECTION('',(0.,1.,0.));
#2389=DIRECTION('',(0.,-1.,0.));
#2390=DIRECTION('',(0.,0.,-1.));
#2391=DIRECTION('',(0.,0.,1.));
#2392=DIRECTION('',(-1.,0.,0.));
#2393=DIRECTION('',(0.,0.,1.));
#2394=DIRECTION('',(-1.,0.,0.));
#2395=DIRECTION('',(0.,0.,1.));
#2396=DIRECTION('',(1.,0.,0.));
#2397=DIRECTION('',(0.,0.,-1.));
#2398=DIRECTION('',(-1.,0.,0.));
#2399=DIRECTION('',(1.,0.,0.));
#2400=DIRECTION('',(0.,0.,-1.));
#2401=DIRECTION('',(0.,-1.,0.));
#2402=DIRECTION('',(0.,0.,-1.));
#2403=DIRECTION('',(0.,0.,1.));
#2404=DIRECTION('',(0.,0.,1.));
#2405=DIRECTION('',(-1.,0.,0.));
#2406=DIRECTION('',(0.,0.,1.));
#2407=DIRECTION('',(-1.,0.,0.));
#2408=DIRECTION('',(0.,0.,-1.));
#2409=DIRECTION('',(-1.,0.,0.));
#2410=DIRECTION('',(0.,0.,-1.));
#2411=DIRECTION('',(1.,0.,0.));
#2412=DIRECTION('',(0.,1.,0.));
#2413=DIRECTION('',(1.,0.,0.));
#2414=DIRECTION('',(0.,1.,0.));
#2415=DIRECTION('',(0.,1.,0.));
#2416=DIRECTION('',(0.,0.,1.));
#2417=DIRECTION('',(0.,0.,-1.));
#2418=DIRECTION('',(-1.,0.,0.));
#2419=DIRECTION('',(0.,0.,-1.));
#2420=DIRECTION('',(-1.,0.,0.));
#2421=DIRECTION('',(0.,0.,1.));
#2422=DIRECTION('',(1.,0.,0.));
#2423=DIRECTION('',(0.,0.,-1.));
#2424=DIRECTION('',(-1.,0.,0.));
#2425=DIRECTION('',(1.,0.,0.));
#2426=DIRECTION('',(0.,0.,-1.));
#2427=DIRECTION('',(0.,4.2360681170573E-16,-1.));
#2428=DIRECTION('',(0.,1.,4.2360681170573E-16));
#2429=DIRECTION('',(0.,-1.,-4.2360681170573E-16));
#2430=DIRECTION('',(-1.,0.,0.));
#2431=DIRECTION('',(0.,-1.,-4.2360681170573E-16));
#2432=DIRECTION('',(-1.,0.,0.));
#2433=DIRECTION('',(0.,0.,1.));
#2434=DIRECTION('',(1.,0.,0.));
#2435=DIRECTION('',(0.,0.,-1.));
#2436=DIRECTION('',(-1.,0.,0.));
#2437=DIRECTION('',(1.,0.,0.));
#2438=DIRECTION('',(0.,0.,-1.));
#2439=DIRECTION('',(0.,1.,0.));
#2440=DIRECTION('',(0.,0.,1.));
#2441=DIRECTION('',(0.,0.,-1.));
#2442=DIRECTION('',(0.,0.,-1.));
#2443=DIRECTION('',(-1.,0.,0.));
#2444=DIRECTION('',(0.,0.,1.));
#2445=DIRECTION('',(1.,0.,0.));
#2446=DIRECTION('',(0.,0.,-1.));
#2447=DIRECTION('',(1.,0.,0.));
#2448=DIRECTION('',(0.,0.,-1.));
#2449=DIRECTION('',(1.,0.,0.));
#2450=DIRECTION('',(0.,1.,0.));
#2451=DIRECTION('',(1.,0.,0.));
#2452=DIRECTION('',(0.,1.,0.));
#2453=DIRECTION('',(-1.,0.,0.));
#2454=DIRECTION('',(0.,0.,1.));
#2455=DIRECTION('',(1.,0.,0.));
#2456=DIRECTION('',(0.,0.,-1.));
#2457=DIRECTION('',(1.,0.,0.));
#2458=DIRECTION('',(0.,0.,-1.));
#2459=DIRECTION('',(1.,0.,0.));
#2460=DIRECTION('',(0.,1.,0.));
#2461=DIRECTION('',(1.,0.,0.));
#2462=DIRECTION('',(0.,0.,-1.));
#2463=DIRECTION('',(0.,0.,1.));
#2464=DIRECTION('',(0.,1.,0.));
#2465=DIRECTION('',(0.,0.,1.));
#2466=DIRECTION('',(0.,1.,0.));
#2467=DIRECTION('',(0.,0.,1.));
#2468=DIRECTION('',(0.,0.,1.));
#2469=DIRECTION('',(-1.,0.,0.));
#2470=DIRECTION('',(1.,0.,0.));
#2471=DIRECTION('',(0.,0.,-1.));
#2472=DIRECTION('',(0.,0.,-1.));
#2473=DIRECTION('',(0.,1.,0.));
#2474=DIRECTION('',(0.,1.,0.));
#2475=DIRECTION('',(0.,0.,1.));
#2476=DIRECTION('',(-1.,0.,0.));
#2477=DIRECTION('',(0.,0.,-1.));
#2478=DIRECTION('',(1.,0.,0.));
#2479=DIRECTION('',(1.,0.,0.));
#2480=DIRECTION('',(-1.,0.,0.));
#2481=DIRECTION('',(0.,1.,0.));
#2482=DIRECTION('',(0.,1.,0.));
#2483=DIRECTION('',(0.,0.,1.));
#2484=DIRECTION('',(0.,0.,1.));
#2485=DIRECTION('',(1.,0.,0.));
#2486=DIRECTION('',(0.,0.,1.));
#2487=DIRECTION('',(0.,-1.,0.));
#2488=DIRECTION('',(0.,0.,-1.));
#2489=DIRECTION('',(0.,0.,-1.));
#2490=DIRECTION('',(1.,0.,0.));
#2491=DIRECTION('',(0.,0.,-1.));
#2492=DIRECTION('',(1.,0.,0.));
#2493=DIRECTION('',(0.,0.,-1.));
#2494=DIRECTION('',(-1.,0.,0.));
#2495=DIRECTION('',(0.,0.,1.));
#2496=DIRECTION('',(1.,0.,0.));
#2497=DIRECTION('',(-1.,0.,0.));
#2498=DIRECTION('',(0.,0.,1.));
#2499=DIRECTION('',(0.,0.,-1.));
#2500=DIRECTION('',(-1.,0.,0.));
#2501=DIRECTION('',(0.,1.,0.));
#2502=DIRECTION('',(1.,0.,0.));
#2503=DIRECTION('',(0.,1.,0.));
#2504=DIRECTION('',(1.,0.,0.));
#2505=DIRECTION('',(0.,0.,-1.));
#2506=DIRECTION('',(-1.,0.,0.));
#2507=DIRECTION('',(0.,0.,1.));
#2508=DIRECTION('',(-1.,0.,0.));
#2509=DIRECTION('',(0.,0.,1.));
#2510=DIRECTION('',(1.,0.,0.));
#2511=DIRECTION('',(0.,0.,-1.));
#2512=DIRECTION('',(-1.,0.,0.));
#2513=DIRECTION('',(0.,0.,1.));
#2514=DIRECTION('',(-1.,0.,0.));
#2515=DIRECTION('',(0.,0.,1.));
#2516=DIRECTION('',(-1.,0.,0.));
#2517=DIRECTION('',(0.,-1.,0.));
#2518=DIRECTION('',(-1.,0.,0.));
#2519=DIRECTION('',(0.,-1.,0.));
#2520=DIRECTION('',(0.,1.,0.));
#2521=DIRECTION('',(0.,0.,1.));
#2522=DIRECTION('',(0.,0.,1.));
#2523=DIRECTION('',(0.,0.,1.));
#2524=DIRECTION('',(1.,0.,0.));
#2525=DIRECTION('',(0.,-0.11499703536453,-0.9933658348551));
#2526=DIRECTION('',(0.,0.9933658348551,-0.11499703536453));
#2527=DIRECTION('',(0.,0.9933658348551,-0.11499703536453));
#2528=DIRECTION('',(0.,0.9933658348551,-0.11499703536453));
#2529=DIRECTION('',(1.,0.,0.));
#2530=DIRECTION('',(-1.,0.,0.));
#2531=DIRECTION('',(0.,-1.,0.));
#2532=DIRECTION('',(1.,0.,0.));
#2533=DIRECTION('',(0.,0.,1.));
#2534=DIRECTION('',(0.,0.,-1.));
#2535=DIRECTION('',(1.,0.,0.));
#2536=DIRECTION('',(0.,0.,1.));
#2537=DIRECTION('',(0.,1.,-1.31714692613595E-14));
#2538=DIRECTION('',(1.,0.,0.));
#2539=DIRECTION('',(0.,0.,1.));
#2540=DIRECTION('',(0.,-0.024478724341146,0.999700351132593));
#2541=DIRECTION('',(-1.,0.,0.));
#2542=DIRECTION('',(0.,-1.,0.));
#2543=DIRECTION('',(1.,0.,0.));
#2544=DIRECTION('',(0.,0.,1.));
#2545=DIRECTION('',(0.,-0.024478724341146,0.999700351132593));
#2546=DIRECTION('',(1.,0.,0.));
#2547=DIRECTION('',(0.,0.,1.));
#2548=DIRECTION('',(0.,1.,-1.31714692613595E-14));
#2549=DIRECTION('',(1.,0.,0.));
#2550=DIRECTION('',(0.,0.,1.));
#2551=DIRECTION('',(0.,0.,-1.));
#2552=DIRECTION('',(1.,0.,0.));
#2553=DIRECTION('',(0.,0.,-1.));
#2554=DIRECTION('',(1.,0.,0.));
#2555=DIRECTION('',(1.,0.,0.));
#2556=DIRECTION('',(0.,0.999700351132593,0.024478724341146));
#2557=DIRECTION('',(0.,-0.024478724341146,0.999700351132593));
#2558=DIRECTION('',(0.,-1.,0.));
#2559=DIRECTION('',(0.,0.,-1.));
#2560=DIRECTION('',(1.,0.,0.));
#2561=DIRECTION('',(1.,0.,0.));
#2562=DIRECTION('',(0.,0.,-1.));
#2563=DIRECTION('',(1.,0.,0.));
#2564=DIRECTION('',(1.,0.,0.));
#2565=DIRECTION('',(0.,0.,-1.));
#2566=DIRECTION('',(0.,-1.31714692613595E-14,-1.));
#2567=DIRECTION('',(0.,1.,-1.31714692613595E-14));
#2568=DIRECTION('',(0.,0.,-1.));
#2569=DIRECTION('',(-1.,0.,0.));
#2570=DIRECTION('',(0.,1.,0.));
#2571=DIRECTION('',(1.,0.,0.));
#2572=DIRECTION('',(0.,1.,0.));
#2573=DIRECTION('',(1.,0.,0.));
#2574=DIRECTION('',(1.,0.,0.));
#2575=DIRECTION('',(0.,0.,-1.));
#2576=DIRECTION('',(-1.,0.,0.));
#2577=DIRECTION('',(0.,0.,1.));
#2578=DIRECTION('',(1.,0.,0.));
#2579=DIRECTION('',(-1.,0.,0.));
#2580=DIRECTION('',(0.,0.,1.));
#2581=DIRECTION('',(0.,-1.,0.));
#2582=DIRECTION('',(0.,0.,-1.));
#2583=DIRECTION('',(0.,0.,-1.));
#2584=DIRECTION('',(1.,0.,0.));
#2585=DIRECTION('',(0.,0.,-1.));
#2586=DIRECTION('',(0.,-0.11499703536453,0.9933658348551));
#2587=DIRECTION('',(0.,-0.9933658348551,-0.11499703536453));
#2588=DIRECTION('',(0.,-0.9933658348551,-0.11499703536453));
#2589=DIRECTION('',(0.,-0.9933658348551,-0.11499703536453));
#2590=DIRECTION('',(0.,1.,0.));
#2591=DIRECTION('',(0.,0.,1.));
#2592=DIRECTION('',(0.,0.,1.));
#2593=DIRECTION('',(0.,0.,1.));
#2594=DIRECTION('',(1.,0.,0.));
#2595=DIRECTION('',(0.,0.999700351132593,-0.024478724341146));
#2596=DIRECTION('',(0.,0.024478724341146,0.999700351132593));
#2597=DIRECTION('',(0.,0.024478724341146,0.999700351132593));
#2598=DIRECTION('',(1.,0.,0.));
#2599=DIRECTION('',(0.,0.024478724341146,0.999700351132593));
#2600=DIRECTION('',(1.,0.,0.));
#2601=DIRECTION('',(0.,0.,-1.));
#2602=DIRECTION('',(-1.,0.,0.));
#2603=DIRECTION('',(0.,0.,1.));
#2604=DIRECTION('',(-1.,0.,0.));
#2605=DIRECTION('',(0.,0.,1.));
#2606=DIRECTION('',(1.,0.,0.));
#2607=DIRECTION('',(0.,0.,-1.));
#2608=DIRECTION('',(-1.,0.,0.));
#2609=DIRECTION('',(0.,0.,1.));
#2610=DIRECTION('',(-1.,0.,0.));
#2611=DIRECTION('',(0.,0.,1.));
#2612=DIRECTION('',(-1.,0.,0.));
#2613=DIRECTION('',(0.,-1.,0.));
#2614=DIRECTION('',(-1.,0.,0.));
#2615=DIRECTION('',(0.,-1.,0.));
#2616=DIRECTION('',(-1.,0.,0.));
#2617=DIRECTION('',(0.,1.,0.));
#2618=DIRECTION('',(0.,0.999700351132593,0.024478724341146));
#2619=DIRECTION('',(0.,-0.024478724341146,0.999700351132593));
#2620=DIRECTION('',(0.,-0.024478724341146,0.999700351132593));
#2621=DIRECTION('',(-1.,0.,0.));
#2622=DIRECTION('',(0.,-0.024478724341146,0.999700351132593));
#2623=DIRECTION('',(-1.,0.,0.));
#2624=DIRECTION('',(-1.,0.,0.));
#2625=DIRECTION('',(0.,0.,-1.));
#2626=DIRECTION('',(1.,0.,0.));
#2627=DIRECTION('',(0.,0.,1.));
#2628=DIRECTION('',(-1.,0.,0.));
#2629=DIRECTION('',(1.,0.,0.));
#2630=DIRECTION('',(0.,0.,1.));
#2631=DIRECTION('',(0.,-1.31714692613595E-14,-1.));
#2632=DIRECTION('',(0.,1.,-1.31714692613595E-14));
#2633=DIRECTION('',(0.,1.,-1.31714692613595E-14));
#2634=DIRECTION('',(-1.,0.,0.));
#2635=DIRECTION('',(0.,1.,-1.31714692613595E-14));
#2636=DIRECTION('',(-1.,0.,0.));
#2637=DIRECTION('',(0.,0.,-1.));
#2638=DIRECTION('',(1.,0.,0.));
#2639=DIRECTION('',(0.,0.,1.));
#2640=DIRECTION('',(-1.,0.,0.));
#2641=DIRECTION('',(1.,0.,0.));
#2642=DIRECTION('',(0.,0.,1.));
#2643=DIRECTION('',(0.,-1.,0.));
#2644=DIRECTION('',(0.,0.,-1.));
#2645=DIRECTION('',(0.,0.,-1.));
#2646=DIRECTION('',(-1.,0.,0.));
#2647=DIRECTION('',(0.,0.,-1.));
#2648=DIRECTION('',(-1.,0.,0.));
#2649=DIRECTION('',(0.,0.,-1.));
#2650=DIRECTION('',(1.,0.,0.));
#2651=DIRECTION('',(0.,0.,1.));
#2652=DIRECTION('',(1.,0.,0.));
#2653=DIRECTION('',(0.,0.,1.));
#2654=DIRECTION('',(1.,0.,0.));
#2655=DIRECTION('',(0.,-1.,0.));
#2656=DIRECTION('',(0.,0.,1.));
#2657=DIRECTION('',(0.,0.9933658348551,-0.11499703536453));
#2658=DIRECTION('',(1.,0.,0.));
#2659=DIRECTION('',(0.,-1.,0.));
#2660=DIRECTION('',(0.,0.9933658348551,-0.11499703536453));
#2661=DIRECTION('',(0.,0.,1.));
#2662=DIRECTION('',(0.,1.,0.));
#2663=DIRECTION('',(0.,0.,1.));
#2664=DIRECTION('',(0.,-0.11499703536453,-0.9933658348551));
#2665=DIRECTION('',(0.,0.9933658348551,-0.11499703536453));
#2666=DIRECTION('',(-1.,0.,0.));
#2667=DIRECTION('',(0.,0.,-1.));
#2668=DIRECTION('',(-1.,0.,0.));
#2669=DIRECTION('',(0.,0.,1.));
#2670=DIRECTION('',(-1.,0.,0.));
#2671=DIRECTION('',(0.,0.,1.));
#2672=DIRECTION('',(0.,-1.,0.));
#2673=DIRECTION('',(0.,0.,-1.));
#2674=DIRECTION('',(0.,0.,-1.));
#2675=DIRECTION('',(-1.,0.,0.));
#2676=DIRECTION('',(0.,0.,-1.));
#2677=DIRECTION('',(-1.,0.,0.));
#2678=DIRECTION('',(-1.,0.,0.));
#2679=DIRECTION('',(0.,0.,-1.));
#2680=DIRECTION('',(-1.,0.,0.));
#2681=DIRECTION('',(0.,0.,1.));
#2682=DIRECTION('',(-1.,0.,0.));
#2683=DIRECTION('',(-1.,0.,0.));
#2684=DIRECTION('',(0.,0.,1.));
#2685=DIRECTION('',(0.,0.,-1.));
#2686=DIRECTION('',(1.,0.,0.));
#2687=DIRECTION('',(0.,1.,0.));
#2688=DIRECTION('',(-1.,0.,0.));
#2689=DIRECTION('',(0.,1.,0.));
#2690=DIRECTION('',(-1.,0.,0.));
#2691=DIRECTION('',(0.,0.,-1.));
#2692=DIRECTION('',(-1.,0.,0.));
#2693=DIRECTION('',(0.,0.,1.));
#2694=DIRECTION('',(-1.,0.,0.));
#2695=DIRECTION('',(-1.,0.,0.));
#2696=DIRECTION('',(0.,0.,1.));
#2697=DIRECTION('',(0.,0.999700351132593,-0.024478724341146));
#2698=DIRECTION('',(0.,0.024478724341146,0.999700351132593));
#2699=DIRECTION('',(0.,0.024478724341146,0.999700351132593));
#2700=DIRECTION('',(-1.,0.,0.));
#2701=DIRECTION('',(0.,0.024478724341146,0.999700351132593));
#2702=DIRECTION('',(1.,0.,0.));
#2703=DIRECTION('',(0.,-1.,0.));
#2704=DIRECTION('',(0.,0.,1.));
#2705=DIRECTION('',(0.,-0.9933658348551,-0.11499703536453));
#2706=DIRECTION('',(1.,0.,0.));
#2707=DIRECTION('',(0.,-1.,0.));
#2708=DIRECTION('',(0.,-0.9933658348551,-0.11499703536453));
#2709=DIRECTION('',(0.,0.,1.));
#2710=DIRECTION('',(0.,1.,0.));
#2711=DIRECTION('',(0.,0.,1.));
#2712=DIRECTION('',(0.,-0.11499703536453,0.9933658348551));
#2713=DIRECTION('',(0.,-0.9933658348551,-0.11499703536453));
#2714=DIRECTION('',(-1.,0.,0.));
#2715=DIRECTION('',(0.,0.,-1.));
#2716=DIRECTION('',(0.,0.,1.));
#2717=DIRECTION('',(0.,1.,0.));
#2718=DIRECTION('',(0.,0.,1.));
#2719=DIRECTION('',(0.,1.,0.));
#2720=DIRECTION('',(0.,0.,1.));
#2721=DIRECTION('',(1.,0.,0.));
#2722=DIRECTION('',(0.,0.,1.));
#2723=DIRECTION('',(-1.,0.,0.));
#2724=DIRECTION('',(0.,0.,-1.));
#2725=DIRECTION('',(0.,1.,0.));
#2726=DIRECTION('',(0.,0.,-1.));
#2727=DIRECTION('',(0.,1.,0.));
#2728=DIRECTION('',(0.,0.,1.));
#2729=DIRECTION('',(0.,0.,1.));
#2730=DIRECTION('',(1.,0.,0.));
#2731=DIRECTION('',(0.,0.,-1.));
#2732=DIRECTION('',(-1.,0.,0.));
#2733=DIRECTION('',(0.,1.,0.));
#2734=DIRECTION('',(1.,0.,0.));
#2735=DIRECTION('',(0.,-1.,0.));
#2736=DIRECTION('',(1.,0.,0.));
#2737=DIRECTION('',(0.,-1.,0.));
#2738=DIRECTION('',(0.,-1.,0.));
#2739=DIRECTION('',(0.,0.,-1.));
#2740=DIRECTION('',(0.,0.,-1.));
#2741=DIRECTION('',(-1.,0.,0.));
#2742=DIRECTION('',(0.,0.,-1.));
#2743=DIRECTION('',(-1.,0.,0.));
#2744=DIRECTION('',(0.,0.,-1.));
#2745=DIRECTION('',(-1.,0.,0.));
#2746=DIRECTION('',(0.,0.,1.));
#2747=DIRECTION('',(-1.,0.,0.));
#2748=DIRECTION('',(0.,0.,1.));
#2749=DIRECTION('',(-1.,0.,0.));
#2750=DIRECTION('',(0.,0.,-1.));
#2751=DIRECTION('',(1.,0.,0.));
#2752=DIRECTION('',(0.,1.,0.));
#2753=DIRECTION('',(0.,1.,0.));
#2754=DIRECTION('',(-1.,0.,0.));
#2755=DIRECTION('',(-1.,0.,0.));
#2756=DIRECTION('',(0.,0.,-1.));
#2757=DIRECTION('',(-1.,0.,0.));
#2758=DIRECTION('',(0.,0.,1.));
#2759=DIRECTION('',(-1.,0.,0.));
#2760=DIRECTION('',(0.,0.,1.));
#2761=DIRECTION('',(-1.,0.,0.));
#2762=DIRECTION('',(0.,0.,-1.));
#2763=DIRECTION('',(-1.,0.,0.));
#2764=DIRECTION('',(0.,0.,1.));
#2765=DIRECTION('',(-1.,0.,0.));
#2766=DIRECTION('',(0.,0.,1.));
#2767=DIRECTION('',(1.,0.,0.));
#2768=DIRECTION('',(0.,-1.,0.));
#2769=DIRECTION('',(0.,0.,1.));
#2770=DIRECTION('',(0.,-1.,0.));
#2771=DIRECTION('',(1.,0.,0.));
#2772=DIRECTION('',(0.,-1.,0.));
#2773=DIRECTION('',(1.,0.,0.));
#2774=DIRECTION('',(0.,0.,-1.));
#2775=DIRECTION('',(-1.,0.,0.));
#2776=DIRECTION('',(0.,0.,1.));
#2777=DIRECTION('',(-1.,0.,0.));
#2778=DIRECTION('',(0.,0.,1.));
#2779=DIRECTION('',(-1.,0.,0.));
#2780=DIRECTION('',(0.,-1.,0.));
#2781=DIRECTION('',(-1.,0.,0.));
#2782=DIRECTION('',(0.,-1.,0.));
#2783=DIRECTION('',(1.,0.,0.));
#2784=DIRECTION('',(0.,0.,-1.));
#2785=DIRECTION('',(0.,-1.,0.));
#2786=DIRECTION('',(0.,0.,1.));
#2787=DIRECTION('',(0.,0.,1.));
#2788=DIRECTION('',(1.,0.,0.));
#2789=DIRECTION('',(-1.,0.,0.));
#2790=DIRECTION('',(0.,1.,0.));
#2791=DIRECTION('',(-1.,0.,0.));
#2792=CARTESIAN_POINT('',(0.,0.,0.));
#2793=CARTESIAN_POINT('',(0.0400920473039151,0.,0.033403298664093));
#2794=CARTESIAN_POINT('',(0.0400920473039151,0.0225218343628049,0.0355683279706543));
#2795=CARTESIAN_POINT('',(0.0400920473039151,0.0223686434328556,0.0355683279706543));
#2796=CARTESIAN_POINT('',(0.0400920473039151,0.0126158343628049,0.0355683279706543));
#2797=CARTESIAN_POINT('',(0.0400920473039151,0.0223686434328556,0.033403298664093));
#2798=CARTESIAN_POINT('',(0.0400920473039151,0.0223686434328556,0.046103298664093));
#2799=CARTESIAN_POINT('',(0.0400920473039151,0.,0.046103298664093));
#2800=CARTESIAN_POINT('',(0.0400920473039151,0.0126158343628049,0.046103298664093));
#2801=CARTESIAN_POINT('',(0.0400920473039151,0.0126158343628049,0.033403298664093));
#2802=CARTESIAN_POINT('',(0.046442047303915,0.0126158343628049,0.0258145423717272));
#2803=CARTESIAN_POINT('',(0.,0.0126158343628049,0.033403298664093));
#2804=CARTESIAN_POINT('',(0.046442047303915,0.0126158343628049,0.033403298664093));
#2805=CARTESIAN_POINT('',(0.033742047303915,0.0126158343628049,0.033403298664093));
#2806=CARTESIAN_POINT('',(0.046442047303915,0.0126158343628049,0.0258145423717272));
#2807=CARTESIAN_POINT('',(0.046442047303915,0.0126158343628049,0.0182257860793614));
#2808=CARTESIAN_POINT('',(0.046442047303915,0.0126158343628049,0.0182257860793614));
#2809=CARTESIAN_POINT('',(0.033742047303915,0.0126158343628049,0.0182257860793614));
#2810=CARTESIAN_POINT('',(0.033742047303915,0.0126158343628049,0.0258145423717272));
#2811=CARTESIAN_POINT('',(0.046442047303915,0.0126158343628049,0.0258145423717272));
#2812=CARTESIAN_POINT('',(0.046442047303915,0.0126158343628049,0.0258145423717272));
#2813=CARTESIAN_POINT('',(0.046442047303915,0.0126158343628049,0.0355683279706543));
#2814=CARTESIAN_POINT('',(0.046442047303915,0.0126158343628049,0.046103298664093));
#2815=CARTESIAN_POINT('',(0.043267047303915,0.0126158343628049,0.0355683279706543));
#2816=CARTESIAN_POINT('',(0.046442047303915,0.0126158343628049,0.046103298664093));
#2817=CARTESIAN_POINT('',(-0.046442047303915,0.,0.0207387432456017));
#2818=CARTESIAN_POINT('',(-0.033742047303915,0.,0.0207387432456017));
#2819=CARTESIAN_POINT('',(-0.033742047303915,0.,0.0321152973294356));
#2820=CARTESIAN_POINT('',(-0.0400920473039151,0.,0.0207387432456017));
#2821=CARTESIAN_POINT('',(-0.0400920473039151,0.,0.0321152973294356));
#2822=CARTESIAN_POINT('',(0.127,-0.0385143235218881,0.046103298664093));
#2823=CARTESIAN_POINT('',(-0.046442047303915,0.0126158343628049,0.046103298664093));
#2824=CARTESIAN_POINT('',(-0.046442047303915,0.0126158343628049,0.046103298664093));
#2825=CARTESIAN_POINT('',(-0.0400920473039151,0.0126158343628049,0.046103298664093));
#2826=CARTESIAN_POINT('',(-0.046442047303915,0.,0.046103298664093));
#2827=CARTESIAN_POINT('',(-0.046442047303915,-0.0125989057123661,0.046103298664093));
#2828=CARTESIAN_POINT('',(-0.046442047303915,-0.0125989057123661,0.046103298664093));
#2829=CARTESIAN_POINT('',(-0.0400920473039151,-0.0125989057123661,0.046103298664093));
#2830=CARTESIAN_POINT('',(-0.0400920473039151,0.,0.046103298664093));
#2831=CARTESIAN_POINT('',(-0.0400920473039151,-0.0223686434328556,0.046103298664093));
#2832=CARTESIAN_POINT('',(-0.0329208448529244,-0.0223686434328556,0.046103298664093));
#2833=CARTESIAN_POINT('',(-0.0257496424019337,-0.0223686434328556,0.046103298664093));
#2834=CARTESIAN_POINT('',(-0.0257496424019337,0.,0.046103298664093));
#2835=CARTESIAN_POINT('',(-0.0257496424019337,0.0223686434328556,0.046103298664093));
#2836=CARTESIAN_POINT('',(-0.0329208448529244,0.0223686434328556,0.046103298664093));
#2837=CARTESIAN_POINT('',(-0.0400920473039151,0.0223686434328556,0.046103298664093));
#2838=CARTESIAN_POINT('',(-0.0400920473039151,0.,0.046103298664093));
#2839=CARTESIAN_POINT('',(0.00635,-0.0127,0.046103298664093));
#2840=CARTESIAN_POINT('',(0.00635,-0.0127,0.046103298664093));
#2841=CARTESIAN_POINT('',(-0.00635,-0.0127,0.046103298664093));
#2842=CARTESIAN_POINT('',(0.00635,-0.00635,0.046103298664093));
#2843=CARTESIAN_POINT('',(0.00635,0.0127,0.046103298664093));
#2844=CARTESIAN_POINT('',(0.00635,0.0127,0.046103298664093));
#2845=CARTESIAN_POINT('',(-0.00635,0.0127,0.046103298664093));
#2846=CARTESIAN_POINT('',(-0.00635,-0.00635,0.046103298664093));
#2847=CARTESIAN_POINT('',(-0.127,-0.0385143235218881,0.046103298664093));
#2848=CARTESIAN_POINT('',(-0.127,-0.0643286470437762,0.046103298664093));
#2849=CARTESIAN_POINT('',(-0.127,0.0643286470437762,0.046103298664093));
#2850=CARTESIAN_POINT('',(0.127,0.0643286470437762,0.046103298664093));
#2851=CARTESIAN_POINT('',(-0.00635,0.0643286470437762,0.046103298664093));
#2852=CARTESIAN_POINT('',(0.00635,0.0643286470437762,0.046103298664093));
#2853=CARTESIAN_POINT('',(0.00635,0.0643286470437762,0.046103298664093));
#2854=CARTESIAN_POINT('',(0.127,0.0643286470437762,0.046103298664093));
#2855=CARTESIAN_POINT('',(0.127,0.0643286470437762,0.046103298664093));
#2856=CARTESIAN_POINT('',(0.127,-0.0385143235218881,0.046103298664093));
#2857=CARTESIAN_POINT('',(0.127,-0.0643286470437762,0.046103298664093));
#2858=CARTESIAN_POINT('',(0.127,-0.0643286470437762,0.046103298664093));
#2859=CARTESIAN_POINT('',(0.00635,-0.0643286470437762,0.046103298664093));
#2860=CARTESIAN_POINT('',(0.00635,-0.0643286470437762,0.046103298664093));
#2861=CARTESIAN_POINT('',(-0.00635,-0.0643286470437762,0.046103298664093));
#2862=CARTESIAN_POINT('',(0.127,-0.0643286470437762,0.046103298664093));
#2863=CARTESIAN_POINT('',(0.0329208448529244,0.0223686434328556,0.046103298664093));
#2864=CARTESIAN_POINT('',(0.0257496424019337,0.0223686434328556,0.046103298664093));
#2865=CARTESIAN_POINT('',(0.0257496424019337,0.,0.046103298664093));
#2866=CARTESIAN_POINT('',(0.0257496424019337,-0.0223686434328556,0.046103298664093));
#2867=CARTESIAN_POINT('',(0.0329208448529244,-0.0223686434328556,0.046103298664093));
#2868=CARTESIAN_POINT('',(0.0400920473039151,-0.0223686434328556,0.046103298664093));
#2869=CARTESIAN_POINT('',(0.0400920473039151,0.,0.046103298664093));
#2870=CARTESIAN_POINT('',(0.0400920473039151,-0.0125989057123661,0.046103298664093));
#2871=CARTESIAN_POINT('',(0.046442047303915,-0.0125989057123661,0.046103298664093));
#2872=CARTESIAN_POINT('',(0.046442047303915,-0.0125989057123661,0.046103298664093));
#2873=CARTESIAN_POINT('',(0.046442047303915,0.,0.046103298664093));
#2874=CARTESIAN_POINT('',(0.127,0.0762,0.0472872396931053));
#2875=CARTESIAN_POINT('',(0.00635,0.0762,0.0472872396931053));
#2876=CARTESIAN_POINT('',(0.00635,0.0880713529562239,0.0484711807221176));
#2877=CARTESIAN_POINT('',(0.127,0.0880713529562239,0.0484711807221176));
#2878=CARTESIAN_POINT('',(0.127,0.0880713529562239,0.0484711807221176));
#2879=CARTESIAN_POINT('',(0.127,0.0762,0.0472872396931053));
#2880=CARTESIAN_POINT('',(-0.127,0.0820621030830776,0.0478718726647597));
#2881=CARTESIAN_POINT('',(0.0337420473039151,0.0820621030830776,0.0478718726647597));
#2882=CARTESIAN_POINT('',(0.046442047303915,0.0820621030830776,0.0478718726647597));
#2883=CARTESIAN_POINT('',(0.046442047303915,0.0762,0.0472872396931053));
#2884=CARTESIAN_POINT('',(0.046442047303915,0.0879974663257599,0.0484638119400062));
#2885=CARTESIAN_POINT('',(-0.127,0.0879974663257599,0.0484638119400062));
#2886=CARTESIAN_POINT('',(0.0337420473039151,0.0879974663257599,0.0484638119400062));
#2887=CARTESIAN_POINT('',(0.0337420473039151,0.0762,0.0472872396931053));
#2888=CARTESIAN_POINT('',(-0.0400920473039151,0.,0.033403298664093));
#2889=CARTESIAN_POINT('',(-0.0400920473039151,0.,0.033403298664093));
#2890=CARTESIAN_POINT('',(-0.0400920473039151,0.0126158343628049,0.033403298664093));
#2891=CARTESIAN_POINT('',(-0.0400920473039151,0.0223686434328556,0.033403298664093));
#2892=CARTESIAN_POINT('',(-0.0400920473039151,0.0126158343628049,0.033403298664093));
#2893=CARTESIAN_POINT('',(-0.0400920473039151,0.0223686434328556,0.033403298664093));
#2894=CARTESIAN_POINT('',(0.00635,0.,0.0207488629966975));
#2895=CARTESIAN_POINT('',(-0.00508,0.,0.0207488629966975));
#2896=CARTESIAN_POINT('',(-0.00508,0.,0.0321788629966974));
#2897=CARTESIAN_POINT('',(-0.00635,0.,0.0207488629966975));
#2898=CARTESIAN_POINT('',(-0.00635,0.,0.00931886299669745));
#2899=CARTESIAN_POINT('',(0.127,0.0762,0.0472872396931053));
#2900=CARTESIAN_POINT('',(-0.046442047303915,0.0762,0.0472872396931053));
#2901=CARTESIAN_POINT('',(-0.046442047303915,0.0820621030830776,0.0478718726647597));
#2902=CARTESIAN_POINT('',(-0.046442047303915,0.0879974663257599,0.0484638119400062));
#2903=CARTESIAN_POINT('',(0.127,0.0820621030830776,0.0478718726647597));
#2904=CARTESIAN_POINT('',(-0.0337420473039151,0.0820621030830776,0.0478718726647597));
#2905=CARTESIAN_POINT('',(-0.0337420473039151,0.0762,0.0472872396931053));
#2906=CARTESIAN_POINT('',(-0.0337420473039151,0.0879974663257599,0.0484638119400062));
#2907=CARTESIAN_POINT('',(0.127,0.0879974663257599,0.0484638119400062));
#2908=CARTESIAN_POINT('',(0.127,0.0880713529562239,0.0484711807221176));
#2909=CARTESIAN_POINT('',(-0.00635,0.0880713529562239,0.0484711807221176));
#2910=CARTESIAN_POINT('',(-0.127,0.0880713529562239,0.0484711807221176));
#2911=CARTESIAN_POINT('',(-0.00635,0.0762,0.0472872396931053));
#2912=CARTESIAN_POINT('',(-0.127,0.0762,0.0472872396931053));
#2913=CARTESIAN_POINT('',(0.127,-0.0762,0.0472872396931053));
#2914=CARTESIAN_POINT('',(0.127,-0.0820621030830785,0.0478718726647598));
#2915=CARTESIAN_POINT('',(-0.046442047303915,-0.0820621030830785,0.0478718726647598));
#2916=CARTESIAN_POINT('',(-0.0337420473039151,-0.0820621030830785,0.0478718726647598));
#2917=CARTESIAN_POINT('',(-0.046442047303915,-0.0762,0.0472872396931053));
#2918=CARTESIAN_POINT('',(-0.046442047303915,-0.0879974663257599,0.0484638119400062));
#2919=CARTESIAN_POINT('',(0.127,-0.0879974663257599,0.0484638119400062));
#2920=CARTESIAN_POINT('',(-0.0337420473039151,-0.0879974663257599,0.0484638119400062));
#2921=CARTESIAN_POINT('',(-0.0337420473039151,-0.0762,0.0472872396931053));
#2922=CARTESIAN_POINT('',(-0.00635,-0.0762,0.0472872396931053));
#2923=CARTESIAN_POINT('',(-0.00635,-0.0880713529562239,0.0484711807221175));
#2924=CARTESIAN_POINT('',(0.127,-0.0880713529562239,0.0484711807221175));
#2925=CARTESIAN_POINT('',(-0.127,-0.0880713529562239,0.0484711807221175));
#2926=CARTESIAN_POINT('',(-0.127,-0.0762,0.0472872396931053));
#2927=CARTESIAN_POINT('',(0.127,0.101445164006769,0.0484711807221176));
#2928=CARTESIAN_POINT('',(-0.127,0.101445164006769,0.0484711807221176));
#2929=CARTESIAN_POINT('',(-0.127,0.114818975057315,0.0484711807221176));
#2930=CARTESIAN_POINT('',(0.127,0.114818975057315,0.0484711807221176));
#2931=CARTESIAN_POINT('',(0.127,0.114818975057315,0.0484711807221176));
#2932=CARTESIAN_POINT('',(0.127,0.101445164006769,0.0484711807221176));
#2933=CARTESIAN_POINT('',(0.00635,0.0880713529562239,0.0484711807221176));
#2934=CARTESIAN_POINT('',(0.127,0.117253096235151,0.0508964876917177));
#2935=CARTESIAN_POINT('',(-0.127,0.117253096235151,0.0508964876917177));
#2936=CARTESIAN_POINT('',(-0.127,0.119687217412988,0.0533217946613178));
#2937=CARTESIAN_POINT('',(0.127,0.119687217412988,0.0533217946613178));
#2938=CARTESIAN_POINT('',(0.127,0.119687217412988,0.0533217946613178));
#2939=CARTESIAN_POINT('',(0.127,0.117253096235151,0.0508964876917177));
#2940=CARTESIAN_POINT('',(0.127,0.059843608706494,0.0533217946613178));
#2941=CARTESIAN_POINT('',(-0.127,0.059843608706494,0.0533217946613178));
#2942=CARTESIAN_POINT('',(-0.127,-0.119687217412988,0.0533217946613178));
#2943=CARTESIAN_POINT('',(0.127,-0.119687217412988,0.0533217946613178));
#2944=CARTESIAN_POINT('',(0.127,-0.119687217412988,0.0533217946613178));
#2945=CARTESIAN_POINT('',(0.127,0.059843608706494,0.0533217946613178));
#2946=CARTESIAN_POINT('',(0.127,-0.117253096235151,0.0508964876917177));
#2947=CARTESIAN_POINT('',(-0.127,-0.117253096235151,0.0508964876917177));
#2948=CARTESIAN_POINT('',(-0.127,-0.114818975057315,0.0484711807221175));
#2949=CARTESIAN_POINT('',(0.127,-0.114818975057315,0.0484711807221175));
#2950=CARTESIAN_POINT('',(0.127,-0.114818975057315,0.0484711807221175));
#2951=CARTESIAN_POINT('',(0.127,-0.117253096235151,0.0508964876917177));
#2952=CARTESIAN_POINT('',(0.127,-0.101445164006769,0.0484711807221175));
#2953=CARTESIAN_POINT('',(-0.127,-0.101445164006769,0.0484711807221175));
#2954=CARTESIAN_POINT('',(0.00635,-0.0880713529562239,0.0484711807221175));
#2955=CARTESIAN_POINT('',(0.00635,-0.0880713529562239,0.0484711807221175));
#2956=CARTESIAN_POINT('',(0.127,-0.0880713529562239,0.0484711807221175));
#2957=CARTESIAN_POINT('',(0.127,-0.0880713529562239,0.0484711807221175));
#2958=CARTESIAN_POINT('',(0.127,-0.101445164006769,0.0484711807221175));
#2959=CARTESIAN_POINT('',(0.127,-0.0762,0.0472872396931053));
#2960=CARTESIAN_POINT('',(0.046442047303915,-0.0762,0.0472872396931053));
#2961=CARTESIAN_POINT('',(0.046442047303915,-0.0820621030830785,0.0478718726647598));
#2962=CARTESIAN_POINT('',(0.046442047303915,-0.0879974663257599,0.0484638119400062));
#2963=CARTESIAN_POINT('',(-0.127,-0.0820621030830785,0.0478718726647598));
#2964=CARTESIAN_POINT('',(0.0337420473039151,-0.0820621030830785,0.0478718726647598));
#2965=CARTESIAN_POINT('',(0.0337420473039151,-0.0762,0.0472872396931053));
#2966=CARTESIAN_POINT('',(0.0337420473039151,-0.0879974663257599,0.0484638119400062));
#2967=CARTESIAN_POINT('',(-0.127,-0.0879974663257599,0.0484638119400062));
#2968=CARTESIAN_POINT('',(0.00635,-0.0762,0.0472872396931053));
#2969=CARTESIAN_POINT('',(0.127,-0.0762,0.0472872396931053));
#2970=CARTESIAN_POINT('',(0.127,0.,0.0309057799440794));
#2971=CARTESIAN_POINT('',(-0.127,0.,0.0309057799440794));
#2972=CARTESIAN_POINT('',(0.00635,-0.0880713529562239,0.0346100218594075));
#2973=CARTESIAN_POINT('',(-0.00635,-0.0880713529562239,0.0346100218594075));
#2974=CARTESIAN_POINT('',(-0.00635,-0.0880713529562239,0.0207488629966975));
#2975=CARTESIAN_POINT('',(0.00635,-0.0880713529562239,0.0207488629966975));
#2976=CARTESIAN_POINT('',(0.00635,-0.0880713529562239,0.0207488629966975));
#2977=CARTESIAN_POINT('',(0.00635,-0.0880713529562239,0.0346100218594075));
#2978=CARTESIAN_POINT('',(0.00635,-0.0762,0.0207488629966975));
#2979=CARTESIAN_POINT('',(-0.00635,-0.0762,0.0207488629966975));
#2980=CARTESIAN_POINT('',(-0.00635,-0.0643286470437762,0.0207488629966975));
#2981=CARTESIAN_POINT('',(0.00635,-0.0643286470437762,0.0207488629966975));
#2982=CARTESIAN_POINT('',(0.00635,-0.0643286470437762,0.0207488629966975));
#2983=CARTESIAN_POINT('',(0.00635,-0.0762,0.0207488629966975));
#2984=CARTESIAN_POINT('',(0.00635,-0.0643286470437762,0.0334260808303952));
#2985=CARTESIAN_POINT('',(-0.00635,-0.0643286470437762,0.0334260808303952));
#2986=CARTESIAN_POINT('',(0.00635,-0.0643286470437762,0.0334260808303952));
#2987=CARTESIAN_POINT('',(0.00635,-0.0762,0.0207488629966975));
#2988=CARTESIAN_POINT('',(0.00635,-0.0762,0.0207488629966975));
#2989=CARTESIAN_POINT('',(0.00635,-0.0762,0.0131288629966975));
#2990=CARTESIAN_POINT('',(-0.00635,-0.0762,0.0207488629966975));
#2991=CARTESIAN_POINT('',(-0.00635,-0.0762,0.0131288629966975));
#2992=CARTESIAN_POINT('',(0.00635,0.,0.0309057799440794));
#2993=CARTESIAN_POINT('',(-0.00635,0.,0.0309057799440794));
#2994=CARTESIAN_POINT('',(0.00635,0.0643286470437762,0.0334260808303952));
#2995=CARTESIAN_POINT('',(-0.00635,0.0643286470437762,0.0334260808303952));
#2996=CARTESIAN_POINT('',(-0.00635,0.0643286470437762,0.0207488629966975));
#2997=CARTESIAN_POINT('',(0.00635,0.0643286470437762,0.0207488629966975));
#2998=CARTESIAN_POINT('',(0.00635,0.0643286470437762,0.0207488629966975));
#2999=CARTESIAN_POINT('',(0.00635,0.0643286470437762,0.0334260808303952));
#3000=CARTESIAN_POINT('',(0.00635,0.0762,0.0207488629966975));
#3001=CARTESIAN_POINT('',(-0.00635,0.0762,0.0207488629966975));
#3002=CARTESIAN_POINT('',(-0.00635,0.0880713529562239,0.0207488629966975));
#3003=CARTESIAN_POINT('',(0.00635,0.0880713529562239,0.0207488629966975));
#3004=CARTESIAN_POINT('',(0.00635,0.0880713529562239,0.0207488629966975));
#3005=CARTESIAN_POINT('',(0.00635,0.0762,0.0207488629966975));
#3006=CARTESIAN_POINT('',(0.00635,0.0880713529562239,0.0346100218594075));
#3007=CARTESIAN_POINT('',(-0.00635,0.0880713529562239,0.0346100218594075));
#3008=CARTESIAN_POINT('',(0.00635,0.0880713529562239,0.0346100218594075));
#3009=CARTESIAN_POINT('',(0.00635,0.0762,0.0207488629966975));
#3010=CARTESIAN_POINT('',(0.00635,0.0762,0.0207488629966975));
#3011=CARTESIAN_POINT('',(0.00635,0.0762,0.0131288629966975));
#3012=CARTESIAN_POINT('',(-0.00635,0.0762,0.0207488629966975));
#3013=CARTESIAN_POINT('',(-0.00635,0.0762,0.0131288629966975));
#3014=CARTESIAN_POINT('',(0.00635,0.,0.0309057799440794));
#3015=CARTESIAN_POINT('',(-0.00635,0.,0.0309057799440794));
#3016=CARTESIAN_POINT('',(0.00635,-0.0127,0.0326227503229575));
#3017=CARTESIAN_POINT('',(-0.00635,-0.0127,0.0326227503229575));
#3018=CARTESIAN_POINT('',(-0.00635,-0.0127,0.0191422019818219));
#3019=CARTESIAN_POINT('',(0.00635,-0.0127,0.0191422019818219));
#3020=CARTESIAN_POINT('',(0.00635,-0.0127,0.0191422019818219));
#3021=CARTESIAN_POINT('',(0.00635,-0.0127,0.0326227503229575));
#3022=CARTESIAN_POINT('',(0.00635,-0.00204756324501915,0.0191422019818219));
#3023=CARTESIAN_POINT('',(-0.00635,-0.00204756324501915,0.0191422019818219));
#3024=CARTESIAN_POINT('',(-0.00635,-0.00204756324501914,0.00848976522684099));
#3025=CARTESIAN_POINT('',(0.00635,-0.00204756324501914,0.00848976522684099));
#3026=CARTESIAN_POINT('',(0.00635,-0.00204756324501914,0.00848976522684099));
#3027=CARTESIAN_POINT('',(0.00635,-0.00204756324501915,0.0191422019818219));
#3028=CARTESIAN_POINT('',(0.00635,1.04083408558608E-17,0.00848976522684099));
#3029=CARTESIAN_POINT('',(-0.00635,1.04083408558608E-17,0.00848976522684099));
#3030=CARTESIAN_POINT('',(-0.00635,0.00204756324501916,0.008489765226841));
#3031=CARTESIAN_POINT('',(0.00635,0.00204756324501916,0.008489765226841));
#3032=CARTESIAN_POINT('',(0.00635,0.00204756324501916,0.008489765226841));
#3033=CARTESIAN_POINT('',(0.00635,1.04083408558608E-17,0.00848976522684099));
#3034=CARTESIAN_POINT('',(0.00635,0.00204756324501916,0.0191422019818219));
#3035=CARTESIAN_POINT('',(-0.00635,0.00204756324501916,0.0191422019818219));
#3036=CARTESIAN_POINT('',(-0.00635,0.0127,0.0191422019818219));
#3037=CARTESIAN_POINT('',(0.00635,0.0127,0.0191422019818219));
#3038=CARTESIAN_POINT('',(0.00635,0.0127,0.0191422019818219));
#3039=CARTESIAN_POINT('',(0.00635,0.00204756324501916,0.0191422019818219));
#3040=CARTESIAN_POINT('',(0.00635,0.0127,0.0326227503229575));
#3041=CARTESIAN_POINT('',(-0.00635,0.0127,0.0326227503229575));
#3042=CARTESIAN_POINT('',(0.00635,0.0127,0.0326227503229575));
#3043=CARTESIAN_POINT('',(0.00635,0.,0.0207488629966975));
#3044=CARTESIAN_POINT('',(0.00508,0.,0.0207488629966975));
#3045=CARTESIAN_POINT('',(0.00508,0.,0.00931886299669745));
#3046=CARTESIAN_POINT('',(0.00635,0.,0.0207488629966975));
#3047=CARTESIAN_POINT('',(0.00635,0.,0.00931886299669745));
#3048=CARTESIAN_POINT('',(0.00635,0.,0.0309057799440794));
#3049=CARTESIAN_POINT('',(-0.00635,0.,0.0309057799440794));
#3050=CARTESIAN_POINT('',(0.00508,0.,0.0207488629966975));
#3051=CARTESIAN_POINT('',(0.00508,0.,0.0207488629966975));
#3052=CARTESIAN_POINT('',(0.00508,0.,0.0129480921444529));
#3053=CARTESIAN_POINT('',(-0.00508,0.,0.0207488629966975));
#3054=CARTESIAN_POINT('',(-0.00508,0.,0.0129480921444529));
#3055=CARTESIAN_POINT('',(0.00508,0.,0.0309057799440794));
#3056=CARTESIAN_POINT('',(-0.0257496424019337,0.,0.033403298664093));
#3057=CARTESIAN_POINT('',(-0.0257496424019337,-0.0223686434328556,0.033403298664093));
#3058=CARTESIAN_POINT('',(-0.0257496424019337,-0.0223686434328556,0.033403298664093));
#3059=CARTESIAN_POINT('',(-0.0257496424019337,0.,0.033403298664093));
#3060=CARTESIAN_POINT('',(-0.0257496424019337,0.0223686434328556,0.033403298664093));
#3061=CARTESIAN_POINT('',(-0.0257496424019337,0.0223686434328556,0.033403298664093));
#3062=CARTESIAN_POINT('',(-0.0329208448529244,-0.0223686434328556,0.033403298664093));
#3063=CARTESIAN_POINT('',(-0.0400920473039151,-0.0223686434328556,0.033403298664093));
#3064=CARTESIAN_POINT('',(-0.0400920473039151,-0.0223686434328556,0.033403298664093));
#3065=CARTESIAN_POINT('',(-0.0329208448529244,-0.0223686434328556,0.033403298664093));
#3066=CARTESIAN_POINT('',(-0.0400920473039151,0.,0.033403298664093));
#3067=CARTESIAN_POINT('',(-0.0400920473039151,-0.0125989057123661,0.033403298664093));
#3068=CARTESIAN_POINT('',(-0.0400920473039151,-0.0125989057123661,0.033403298664093));
#3069=CARTESIAN_POINT('',(-0.0400920473039151,0.,0.033403298664093));
#3070=CARTESIAN_POINT('',(-0.0329208448529244,0.0223686434328556,0.033403298664093));
#3071=CARTESIAN_POINT('',(-0.0329208448529244,0.0223686434328556,0.033403298664093));
#3072=CARTESIAN_POINT('',(0.,0.,0.033403298664093));
#3073=CARTESIAN_POINT('',(0.,0.0126158343628049,0.033403298664093));
#3074=CARTESIAN_POINT('',(-0.033742047303915,0.0126158343628049,0.033403298664093));
#3075=CARTESIAN_POINT('',(0.,-0.0125989057123661,0.033403298664093));
#3076=CARTESIAN_POINT('',(-0.033742047303915,-0.0125989057123661,0.033403298664093));
#3077=CARTESIAN_POINT('',(-0.033742047303915,0.,0.033403298664093));
#3078=CARTESIAN_POINT('',(-0.046442047303915,0.0126158343628049,0.0258145423717272));
#3079=CARTESIAN_POINT('',(-0.033742047303915,0.0126158343628049,0.0258145423717272));
#3080=CARTESIAN_POINT('',(-0.033742047303915,0.0126158343628049,0.0182257860793614));
#3081=CARTESIAN_POINT('',(-0.046442047303915,0.0126158343628049,0.0182257860793614));
#3082=CARTESIAN_POINT('',(-0.046442047303915,0.0126158343628049,0.0182257860793614));
#3083=CARTESIAN_POINT('',(-0.046442047303915,0.0126158343628049,0.0258145423717272));
#3084=CARTESIAN_POINT('',(-0.046442047303915,-0.0125989057123661,0.0188007125578296));
#3085=CARTESIAN_POINT('',(-0.046442047303915,-0.0125989057123661,0.0188007125578296));
#3086=CARTESIAN_POINT('',(-0.046442047303915,-0.0125989057123661,0.0182257860793614));
#3087=CARTESIAN_POINT('',(-0.046442047303915,-0.0125989057123661,0.0182257860793614));
#3088=CARTESIAN_POINT('',(-0.033742047303915,-0.0125989057123661,0.0182257860793614));
#3089=CARTESIAN_POINT('',(-0.033742047303915,-0.0125989057123661,0.0188007125578296));
#3090=CARTESIAN_POINT('',(-0.046442047303915,0.00280447044532063,0.0182257860793614));
#3091=CARTESIAN_POINT('',(-0.033742047303915,0.00280447044532063,0.0182257860793614));
#3092=CARTESIAN_POINT('',(-0.033742047303915,0.00280447044532063,0.00841442216187716));
#3093=CARTESIAN_POINT('',(-0.046442047303915,0.00280447044532063,0.00841442216187716));
#3094=CARTESIAN_POINT('',(-0.046442047303915,0.00280447044532063,0.00841442216187716));
#3095=CARTESIAN_POINT('',(-0.046442047303915,0.00280447044532063,0.0182257860793614));
#3096=CARTESIAN_POINT('',(-0.046442047303915,8.46432521939278E-6,0.00841442216187716));
#3097=CARTESIAN_POINT('',(-0.033742047303915,8.46432521939278E-6,0.00841442216187716));
#3098=CARTESIAN_POINT('',(-0.033742047303915,-0.00278754179488185,0.00841442216187716));
#3099=CARTESIAN_POINT('',(-0.046442047303915,-0.00278754179488185,0.00841442216187716));
#3100=CARTESIAN_POINT('',(-0.046442047303915,-0.00278754179488185,0.00841442216187716));
#3101=CARTESIAN_POINT('',(-0.046442047303915,8.46432521939278E-6,0.00841442216187716));
#3102=CARTESIAN_POINT('',(-0.046442047303915,-0.00278754179488185,0.0182257860793614));
#3103=CARTESIAN_POINT('',(-0.033742047303915,-0.00278754179488185,0.0182257860793614));
#3104=CARTESIAN_POINT('',(-0.046442047303915,-0.00278754179488185,0.0182257860793614));
#3105=CARTESIAN_POINT('',(-0.046442047303915,0.,0.0207387432456017));
#3106=CARTESIAN_POINT('',(-0.0426320473039151,0.,0.0207387432456017));
#3107=CARTESIAN_POINT('',(-0.0426320473039151,0.,0.0321152973294356));
#3108=CARTESIAN_POINT('',(-0.046442047303915,0.,0.0207387432456017));
#3109=CARTESIAN_POINT('',(-0.046442047303915,0.,0.0321152973294356));
#3110=CARTESIAN_POINT('',(-0.046442047303915,0.,0.0284867011941969));
#3111=CARTESIAN_POINT('',(-0.033742047303915,0.,0.0284867011941969));
#3112=CARTESIAN_POINT('',(-0.046442047303915,-0.0879974663257599,0.0346190948039293));
#3113=CARTESIAN_POINT('',(-0.033742047303915,-0.0879974663257599,0.0346190948039293));
#3114=CARTESIAN_POINT('',(-0.033742047303915,-0.0879974663257599,0.020679209381342));
#3115=CARTESIAN_POINT('',(-0.046442047303915,-0.0879974663257599,0.0346190948039293));
#3116=CARTESIAN_POINT('',(-0.046442047303915,-0.0879974663257599,0.020679209381342));
#3117=CARTESIAN_POINT('',(-0.046442047303915,-0.0879974663257599,0.020679209381342));
#3118=CARTESIAN_POINT('',(-0.046442047303915,-0.0762096047401428,0.0471943579614162));
#3119=CARTESIAN_POINT('',(-0.046442047303915,-0.0762096047401428,0.0471943579614162));
#3120=CARTESIAN_POINT('',(-0.046442047303915,-0.0644217431545258,0.0458297356963158));
#3121=CARTESIAN_POINT('',(-0.033742047303915,-0.0762096047401428,0.0471943579614162));
#3122=CARTESIAN_POINT('',(-0.033742047303915,-0.0644217431545258,0.0458297356963158));
#3123=CARTESIAN_POINT('',(-0.046442047303915,-0.0644217431545258,0.0458297356963158));
#3124=CARTESIAN_POINT('',(-0.046442047303915,0.,0.0284867011941969));
#3125=CARTESIAN_POINT('',(-0.046442047303915,-0.0762096047401428,0.020679209381342));
#3126=CARTESIAN_POINT('',(-0.046442047303915,-0.0762096047401428,0.0284132994843682));
#3127=CARTESIAN_POINT('',(-0.046442047303915,-0.0644217431545258,0.0332544725388288));
#3128=CARTESIAN_POINT('',(-0.046442047303915,-0.0644217431545258,0.0204000549847877));
#3129=CARTESIAN_POINT('',(-0.046442047303915,-0.0760727378065384,0.0204000549847877));
#3130=CARTESIAN_POINT('',(-0.046442047303915,-0.0760727378065383,0.00874906033277511));
#3131=CARTESIAN_POINT('',(-0.046442047303915,-0.0762044409173724,0.00874906033277512));
#3132=CARTESIAN_POINT('',(-0.046442047303915,-0.0763361440282065,0.00874906033277512));
#3133=CARTESIAN_POINT('',(-0.046442047303915,-0.0763361440282065,0.0204000549847877));
#3134=CARTESIAN_POINT('',(-0.046442047303915,-0.0879836474728675,0.0201148534984009));
#3135=CARTESIAN_POINT('',(-0.046442047303915,-0.0879905568993137,0.0203970314398714));
#3136=CARTESIAN_POINT('',(-0.033742047303915,0.,0.0284867011941969));
#3137=CARTESIAN_POINT('',(-0.033742047303915,-0.0762096047401428,0.020679209381342));
#3138=CARTESIAN_POINT('',(-0.033742047303915,-0.0762096047401428,0.0284132994843682));
#3139=CARTESIAN_POINT('',(-0.033742047303915,-0.0879905568993137,0.0203970314398714));
#3140=CARTESIAN_POINT('',(-0.033742047303915,-0.0879836474728675,0.0201148534984009));
#3141=CARTESIAN_POINT('',(-0.033742047303915,-0.0763361440282065,0.0204000549847877));
#3142=CARTESIAN_POINT('',(-0.033742047303915,-0.0763361440282065,0.00874906033277512));
#3143=CARTESIAN_POINT('',(-0.033742047303915,-0.0762044409173724,0.00874906033277512));
#3144=CARTESIAN_POINT('',(-0.033742047303915,-0.0760727378065383,0.00874906033277511));
#3145=CARTESIAN_POINT('',(-0.033742047303915,-0.0760727378065384,0.0204000549847877));
#3146=CARTESIAN_POINT('',(-0.033742047303915,-0.0644217431545258,0.0204000549847877));
#3147=CARTESIAN_POINT('',(-0.033742047303915,-0.0644217431545258,0.0332544725388288));
#3148=CARTESIAN_POINT('',(-0.046442047303915,-0.0763361440282065,0.0204000549847877));
#3149=CARTESIAN_POINT('',(-0.046442047303915,-0.0879836474728675,0.0201148534984009));
#3150=CARTESIAN_POINT('',(-0.046442047303915,-0.0763361440282065,0.00874906033277512));
#3151=CARTESIAN_POINT('',(-0.046442047303915,-0.0879905568993137,0.0203970314398714));
#3152=CARTESIAN_POINT('',(-0.046442047303915,-0.0644217431545258,0.0332544725388288));
#3153=CARTESIAN_POINT('',(-0.046442047303915,-0.0644217431545258,0.0204000549847877));
#3154=CARTESIAN_POINT('',(-0.046442047303915,-0.0760727378065384,0.0204000549847877));
#3155=CARTESIAN_POINT('',(-0.046442047303915,-0.0760727378065383,0.00874906033277511));
#3156=CARTESIAN_POINT('',(-0.046442047303915,-0.0762096047401428,0.020679209381342));
#3157=CARTESIAN_POINT('',(-0.046442047303915,-0.0762044409173724,0.00874906033277512));
#3158=CARTESIAN_POINT('',(-0.046442047303915,0.0762044409173724,0.00874906033277512));
#3159=CARTESIAN_POINT('',(-0.033742047303915,0.0762044409173724,0.00874906033277512));
#3160=CARTESIAN_POINT('',(-0.033742047303915,0.0760727378065383,0.00874906033277511));
#3161=CARTESIAN_POINT('',(-0.033742047303915,0.0763361440282065,0.00874906033277509));
#3162=CARTESIAN_POINT('',(-0.046442047303915,0.0760727378065383,0.00874906033277511));
#3163=CARTESIAN_POINT('',(-0.046442047303915,0.0760727378065383,0.00874906033277511));
#3164=CARTESIAN_POINT('',(-0.046442047303915,0.0762044409173724,0.00874906033277512));
#3165=CARTESIAN_POINT('',(-0.046442047303915,0.0763361440282065,0.00874906033277509));
#3166=CARTESIAN_POINT('',(-0.046442047303915,0.0763361440282065,0.00874906033277509));
#3167=CARTESIAN_POINT('',(-0.046442047303915,0.0760727378065384,0.0204000549847877));
#3168=CARTESIAN_POINT('',(-0.033742047303915,0.0760727378065384,0.0204000549847877));
#3169=CARTESIAN_POINT('',(-0.033742047303915,0.0644217431545258,0.0204000549847877));
#3170=CARTESIAN_POINT('',(-0.046442047303915,0.0644217431545258,0.0204000549847877));
#3171=CARTESIAN_POINT('',(-0.046442047303915,0.0644217431545258,0.0204000549847877));
#3172=CARTESIAN_POINT('',(-0.046442047303915,0.0760727378065384,0.0204000549847877));
#3173=CARTESIAN_POINT('',(-0.046442047303915,0.0644217431545258,0.0205396321830648));
#3174=CARTESIAN_POINT('',(-0.033742047303915,0.0644217431545258,0.0205396321830648));
#3175=CARTESIAN_POINT('',(-0.033742047303915,0.0644217431545258,0.0458297356963158));
#3176=CARTESIAN_POINT('',(-0.046442047303915,0.0644217431545258,0.0458297356963158));
#3177=CARTESIAN_POINT('',(-0.046442047303915,0.0644217431545258,0.0458297356963158));
#3178=CARTESIAN_POINT('',(-0.046442047303915,0.0644217431545258,0.0205396321830648));
#3179=CARTESIAN_POINT('',(-0.046442047303915,0.0762096047401428,0.0471943579614162));
#3180=CARTESIAN_POINT('',(-0.033742047303915,0.0762096047401428,0.0471943579614162));
#3181=CARTESIAN_POINT('',(-0.046442047303915,0.0762096047401428,0.0471943579614162));
#3182=CARTESIAN_POINT('',(-0.046442047303915,0.0879974663257599,0.0346190948039293));
#3183=CARTESIAN_POINT('',(-0.046442047303915,0.0879974663257599,0.0346190948039293));
#3184=CARTESIAN_POINT('',(-0.046442047303915,0.0879974663257599,0.020679209381342));
#3185=CARTESIAN_POINT('',(-0.033742047303915,0.0879974663257599,0.0346190948039293));
#3186=CARTESIAN_POINT('',(-0.033742047303915,0.0879974663257599,0.020679209381342));
#3187=CARTESIAN_POINT('',(-0.046442047303915,0.0879974663257599,0.020679209381342));
#3188=CARTESIAN_POINT('',(-0.046442047303915,0.0879905568993137,0.0203970314398714));
#3189=CARTESIAN_POINT('',(-0.033742047303915,0.0879905568993137,0.0203970314398714));
#3190=CARTESIAN_POINT('',(-0.033742047303915,0.0879836474728674,0.0201148534984009));
#3191=CARTESIAN_POINT('',(-0.046442047303915,0.0879836474728674,0.0201148534984009));
#3192=CARTESIAN_POINT('',(-0.046442047303915,0.0879836474728674,0.0201148534984009));
#3193=CARTESIAN_POINT('',(-0.046442047303915,0.0879905568993137,0.0203970314398714));
#3194=CARTESIAN_POINT('',(-0.046442047303915,0.0763361440282065,0.0204000549847877));
#3195=CARTESIAN_POINT('',(-0.033742047303915,0.0763361440282065,0.0204000549847877));
#3196=CARTESIAN_POINT('',(-0.046442047303915,0.0763361440282065,0.0204000549847877));
#3197=CARTESIAN_POINT('',(-0.046442047303915,0.0762096047401428,0.020679209381342));
#3198=CARTESIAN_POINT('',(-0.046442047303915,0.0762096047401428,0.020679209381342));
#3199=CARTESIAN_POINT('',(-0.046442047303915,0.0762096047401428,0.0284132994843682));
#3200=CARTESIAN_POINT('',(-0.033742047303915,0.0762096047401428,0.020679209381342));
#3201=CARTESIAN_POINT('',(-0.033742047303915,0.0762096047401428,0.0284132994843682));
#3202=CARTESIAN_POINT('',(-0.046442047303915,0.,0.0284867011941969));
#3203=CARTESIAN_POINT('',(-0.033742047303915,0.,0.0284867011941969));
#3204=CARTESIAN_POINT('',(-0.00508,0.,0.0309057799440794));
#3205=CARTESIAN_POINT('',(0.046442047303915,-0.0879905568993137,0.0203970314398714));
#3206=CARTESIAN_POINT('',(0.033742047303915,-0.0879905568993137,0.0203970314398714));
#3207=CARTESIAN_POINT('',(0.033742047303915,-0.0879836474728675,0.0201148534984009));
#3208=CARTESIAN_POINT('',(0.033742047303915,-0.0879974663257599,0.020679209381342));
#3209=CARTESIAN_POINT('',(0.046442047303915,-0.0879836474728675,0.0201148534984009));
#3210=CARTESIAN_POINT('',(0.046442047303915,-0.0879836474728675,0.0201148534984009));
#3211=CARTESIAN_POINT('',(0.046442047303915,-0.0879905568993137,0.0203970314398714));
#3212=CARTESIAN_POINT('',(0.046442047303915,-0.0879974663257599,0.020679209381342));
#3213=CARTESIAN_POINT('',(0.046442047303915,-0.0879974663257599,0.020679209381342));
#3214=CARTESIAN_POINT('',(0.046442047303915,-0.0763361440282065,0.0204000549847877));
#3215=CARTESIAN_POINT('',(0.033742047303915,-0.0763361440282065,0.0204000549847877));
#3216=CARTESIAN_POINT('',(0.033742047303915,-0.0763361440282065,0.00874906033277512));
#3217=CARTESIAN_POINT('',(0.046442047303915,-0.0763361440282065,0.00874906033277512));
#3218=CARTESIAN_POINT('',(0.046442047303915,-0.0763361440282065,0.00874906033277512));
#3219=CARTESIAN_POINT('',(0.046442047303915,-0.0763361440282065,0.0204000549847877));
#3220=CARTESIAN_POINT('',(0.046442047303915,-0.0762044409173724,0.00874906033277512));
#3221=CARTESIAN_POINT('',(0.033742047303915,-0.0762044409173724,0.00874906033277512));
#3222=CARTESIAN_POINT('',(0.033742047303915,-0.0760727378065383,0.00874906033277511));
#3223=CARTESIAN_POINT('',(0.046442047303915,-0.0760727378065383,0.00874906033277511));
#3224=CARTESIAN_POINT('',(0.046442047303915,-0.0760727378065383,0.00874906033277511));
#3225=CARTESIAN_POINT('',(0.046442047303915,-0.0762044409173724,0.00874906033277512));
#3226=CARTESIAN_POINT('',(0.046442047303915,-0.0760727378065384,0.0204000549847877));
#3227=CARTESIAN_POINT('',(0.033742047303915,-0.0760727378065384,0.0204000549847877));
#3228=CARTESIAN_POINT('',(0.033742047303915,-0.0644217431545258,0.0204000549847877));
#3229=CARTESIAN_POINT('',(0.046442047303915,-0.0644217431545258,0.0204000549847877));
#3230=CARTESIAN_POINT('',(0.046442047303915,-0.0644217431545258,0.0204000549847877));
#3231=CARTESIAN_POINT('',(0.046442047303915,-0.0760727378065384,0.0204000549847877));
#3232=CARTESIAN_POINT('',(0.046442047303915,-0.0644217431545258,0.0332544725388288));
#3233=CARTESIAN_POINT('',(0.033742047303915,-0.0644217431545258,0.0332544725388288));
#3234=CARTESIAN_POINT('',(0.033742047303915,-0.0644217431545258,0.0458297356963158));
#3235=CARTESIAN_POINT('',(0.046442047303915,-0.0644217431545258,0.0458297356963158));
#3236=CARTESIAN_POINT('',(0.046442047303915,-0.0644217431545258,0.0458297356963158));
#3237=CARTESIAN_POINT('',(0.046442047303915,-0.0644217431545258,0.0332544725388288));
#3238=CARTESIAN_POINT('',(0.046442047303915,-0.0762096047401428,0.020679209381342));
#3239=CARTESIAN_POINT('',(0.046442047303915,-0.0762096047401428,0.020679209381342));
#3240=CARTESIAN_POINT('',(0.046442047303915,-0.0762096047401428,0.0284132994843682));
#3241=CARTESIAN_POINT('',(0.033742047303915,-0.0762096047401428,0.020679209381342));
#3242=CARTESIAN_POINT('',(0.033742047303915,-0.0762096047401428,0.0284132994843682));
#3243=CARTESIAN_POINT('',(0.046442047303915,0.,0.0284867011941969));
#3244=CARTESIAN_POINT('',(0.046442047303915,-0.0879974663257599,0.0346190948039293));
#3245=CARTESIAN_POINT('',(0.046442047303915,-0.0762096047401428,0.0471943579614162));
#3246=CARTESIAN_POINT('',(0.033742047303915,0.,0.0284867011941969));
#3247=CARTESIAN_POINT('',(0.033742047303915,-0.0762096047401428,0.0471943579614162));
#3248=CARTESIAN_POINT('',(0.033742047303915,-0.0879974663257599,0.0346190948039293));
#3249=CARTESIAN_POINT('',(0.046442047303915,-0.0879974663257599,0.0346190948039293));
#3250=CARTESIAN_POINT('',(0.046442047303915,-0.0762096047401428,0.0471943579614162));
#3251=CARTESIAN_POINT('',(0.046442047303915,0.0762096047401428,0.020679209381342));
#3252=CARTESIAN_POINT('',(0.046442047303915,0.0762096047401428,0.020679209381342));
#3253=CARTESIAN_POINT('',(0.046442047303915,0.0762096047401428,0.0284132994843682));
#3254=CARTESIAN_POINT('',(0.033742047303915,0.0762096047401428,0.020679209381342));
#3255=CARTESIAN_POINT('',(0.033742047303915,0.0762096047401428,0.0284132994843682));
#3256=CARTESIAN_POINT('',(0.046442047303915,0.0644217431545258,0.0205396321830648));
#3257=CARTESIAN_POINT('',(0.033742047303915,0.0644217431545258,0.0205396321830648));
#3258=CARTESIAN_POINT('',(0.033742047303915,0.0644217431545258,0.0458297356963158));
#3259=CARTESIAN_POINT('',(0.033742047303915,0.0644217431545258,0.0204000549847877));
#3260=CARTESIAN_POINT('',(0.046442047303915,0.0644217431545258,0.0204000549847877));
#3261=CARTESIAN_POINT('',(0.046442047303915,0.0644217431545258,0.0204000549847877));
#3262=CARTESIAN_POINT('',(0.046442047303915,0.0644217431545258,0.0205396321830648));
#3263=CARTESIAN_POINT('',(0.046442047303915,0.0644217431545258,0.0458297356963158));
#3264=CARTESIAN_POINT('',(0.046442047303915,0.0644217431545258,0.0458297356963158));
#3265=CARTESIAN_POINT('',(0.046442047303915,0.0760727378065384,0.0204000549847877));
#3266=CARTESIAN_POINT('',(0.033742047303915,0.0760727378065384,0.0204000549847877));
#3267=CARTESIAN_POINT('',(0.033742047303915,0.0760727378065383,0.00874906033277511));
#3268=CARTESIAN_POINT('',(0.046442047303915,0.0760727378065383,0.00874906033277511));
#3269=CARTESIAN_POINT('',(0.046442047303915,0.0760727378065383,0.00874906033277511));
#3270=CARTESIAN_POINT('',(0.046442047303915,0.0760727378065384,0.0204000549847877));
#3271=CARTESIAN_POINT('',(0.046442047303915,0.0762044409173724,0.00874906033277512));
#3272=CARTESIAN_POINT('',(0.033742047303915,0.0762044409173724,0.00874906033277512));
#3273=CARTESIAN_POINT('',(0.033742047303915,0.0763361440282065,0.00874906033277509));
#3274=CARTESIAN_POINT('',(0.046442047303915,0.0763361440282065,0.00874906033277509));
#3275=CARTESIAN_POINT('',(0.046442047303915,0.0763361440282065,0.00874906033277509));
#3276=CARTESIAN_POINT('',(0.046442047303915,0.0762044409173724,0.00874906033277512));
#3277=CARTESIAN_POINT('',(0.046442047303915,0.0763361440282065,0.0204000549847877));
#3278=CARTESIAN_POINT('',(0.033742047303915,0.0763361440282065,0.0204000549847877));
#3279=CARTESIAN_POINT('',(0.033742047303915,0.0879836474728674,0.0201148534984009));
#3280=CARTESIAN_POINT('',(0.046442047303915,0.0879836474728674,0.0201148534984009));
#3281=CARTESIAN_POINT('',(0.046442047303915,0.0879836474728674,0.0201148534984009));
#3282=CARTESIAN_POINT('',(0.046442047303915,0.0763361440282065,0.0204000549847877));
#3283=CARTESIAN_POINT('',(0.046442047303915,0.0879905568993137,0.0203970314398714));
#3284=CARTESIAN_POINT('',(0.033742047303915,0.0879905568993137,0.0203970314398714));
#3285=CARTESIAN_POINT('',(0.033742047303915,0.0879974663257599,0.020679209381342));
#3286=CARTESIAN_POINT('',(0.046442047303915,0.0879974663257599,0.020679209381342));
#3287=CARTESIAN_POINT('',(0.046442047303915,0.0879974663257599,0.020679209381342));
#3288=CARTESIAN_POINT('',(0.046442047303915,0.0879905568993137,0.0203970314398714));
#3289=CARTESIAN_POINT('',(0.033742047303915,0.,0.0284867011941969));
#3290=CARTESIAN_POINT('',(0.033742047303915,0.0879974663257599,0.0346190948039293));
#3291=CARTESIAN_POINT('',(0.033742047303915,0.0762096047401428,0.0471943579614162));
#3292=CARTESIAN_POINT('',(0.046442047303915,0.,0.0284867011941969));
#3293=CARTESIAN_POINT('',(0.046442047303915,0.0762096047401428,0.0471943579614162));
#3294=CARTESIAN_POINT('',(0.046442047303915,0.0879974663257599,0.0346190948039293));
#3295=CARTESIAN_POINT('',(0.046442047303915,0.0879974663257599,0.0346190948039293));
#3296=CARTESIAN_POINT('',(0.046442047303915,0.0762096047401428,0.0471943579614162));
#3297=CARTESIAN_POINT('',(0.0257496424019337,0.,0.033403298664093));
#3298=CARTESIAN_POINT('',(0.0257496424019337,0.0223686434328556,0.033403298664093));
#3299=CARTESIAN_POINT('',(0.0257496424019337,0.0223686434328556,0.033403298664093));
#3300=CARTESIAN_POINT('',(0.0257496424019337,0.,0.033403298664093));
#3301=CARTESIAN_POINT('',(0.0257496424019337,-0.0223686434328556,0.033403298664093));
#3302=CARTESIAN_POINT('',(0.0257496424019337,-0.0223686434328556,0.033403298664093));
#3303=CARTESIAN_POINT('',(0.0329208448529244,-0.0223686434328556,0.033403298664093));
#3304=CARTESIAN_POINT('',(0.0329208448529244,-0.0223686434328556,0.033403298664093));
#3305=CARTESIAN_POINT('',(0.0400920473039151,-0.0223686434328556,0.033403298664093));
#3306=CARTESIAN_POINT('',(0.0400920473039151,-0.0223686434328556,0.033403298664093));
#3307=CARTESIAN_POINT('',(0.0400920473039151,0.,0.033403298664093));
#3308=CARTESIAN_POINT('',(0.0400920473039151,0.,0.033403298664093));
#3309=CARTESIAN_POINT('',(0.0400920473039151,-0.0125989057123661,0.033403298664093));
#3310=CARTESIAN_POINT('',(0.0400920473039151,-0.0125989057123661,0.033403298664093));
#3311=CARTESIAN_POINT('',(0.0329208448529244,0.0223686434328556,0.033403298664093));
#3312=CARTESIAN_POINT('',(0.0400920473039151,0.0223686434328556,0.033403298664093));
#3313=CARTESIAN_POINT('',(0.0400920473039151,0.0223686434328556,0.033403298664093));
#3314=CARTESIAN_POINT('',(0.0329208448529244,0.0223686434328556,0.033403298664093));
#3315=CARTESIAN_POINT('',(0.,0.,0.033403298664093));
#3316=CARTESIAN_POINT('',(0.033742047303915,0.,0.033403298664093));
#3317=CARTESIAN_POINT('',(0.033742047303915,-0.0125989057123661,0.033403298664093));
#3318=CARTESIAN_POINT('',(0.,-0.0125989057123661,0.033403298664093));
#3319=CARTESIAN_POINT('',(0.0400920473039151,0.0225218343628049,0.033403298664093));
#3320=CARTESIAN_POINT('',(0.0400920473039151,0.0225218343628049,0.033403298664093));
#3321=CARTESIAN_POINT('',(0.043267047303915,0.0225218343628049,0.033403298664093));
#3322=CARTESIAN_POINT('',(0.046442047303915,0.0225218343628049,0.033403298664093));
#3323=CARTESIAN_POINT('',(0.046442047303915,0.0225218343628049,0.033403298664093));
#3324=CARTESIAN_POINT('',(0.046442047303915,-0.0125989057123661,0.0188007125578296));
#3325=CARTESIAN_POINT('',(0.033742047303915,-0.0125989057123661,0.0188007125578296));
#3326=CARTESIAN_POINT('',(0.033742047303915,-0.0125989057123661,0.0182257860793614));
#3327=CARTESIAN_POINT('',(0.046442047303915,-0.0125989057123661,0.0182257860793614));
#3328=CARTESIAN_POINT('',(0.046442047303915,-0.0125989057123661,0.0182257860793614));
#3329=CARTESIAN_POINT('',(0.046442047303915,-0.0125989057123661,0.0188007125578296));
#3330=CARTESIAN_POINT('',(0.046442047303915,0.00280447044532063,0.0182257860793614));
#3331=CARTESIAN_POINT('',(0.033742047303915,0.00280447044532063,0.0182257860793614));
#3332=CARTESIAN_POINT('',(0.033742047303915,0.00280447044532063,0.00841442216187716));
#3333=CARTESIAN_POINT('',(0.046442047303915,0.00280447044532063,0.0182257860793614));
#3334=CARTESIAN_POINT('',(0.046442047303915,0.00280447044532063,0.00841442216187716));
#3335=CARTESIAN_POINT('',(0.046442047303915,0.00280447044532063,0.00841442216187716));
#3336=CARTESIAN_POINT('',(0.046442047303915,8.46432521939278E-6,0.00841442216187716));
#3337=CARTESIAN_POINT('',(0.033742047303915,8.46432521939278E-6,0.00841442216187716));
#3338=CARTESIAN_POINT('',(0.033742047303915,-0.00278754179488185,0.00841442216187716));
#3339=CARTESIAN_POINT('',(0.046442047303915,8.46432521939278E-6,0.00841442216187716));
#3340=CARTESIAN_POINT('',(0.046442047303915,-0.00278754179488185,0.00841442216187716));
#3341=CARTESIAN_POINT('',(0.046442047303915,-0.00278754179488185,0.00841442216187716));
#3342=CARTESIAN_POINT('',(0.046442047303915,-0.00278754179488185,0.0182257860793614));
#3343=CARTESIAN_POINT('',(0.033742047303915,-0.00278754179488185,0.0182257860793614));
#3344=CARTESIAN_POINT('',(0.046442047303915,-0.00278754179488185,0.0182257860793614));
#3345=CARTESIAN_POINT('',(0.046442047303915,0.,0.0207387432456017));
#3346=CARTESIAN_POINT('',(0.046442047303915,0.,0.0207387432456017));
#3347=CARTESIAN_POINT('',(0.046442047303915,0.,0.0321152973294356));
#3348=CARTESIAN_POINT('',(0.033742047303915,0.,0.0207387432456017));
#3349=CARTESIAN_POINT('',(0.033742047303915,0.,0.0321152973294356));
#3350=CARTESIAN_POINT('',(0.046442047303915,0.,0.0284867011941969));
#3351=CARTESIAN_POINT('',(0.046442047303915,0.0225218343628049,0.0258145423717272));
#3352=CARTESIAN_POINT('',(0.046442047303915,0.0225218343628049,0.0355683279706543));
#3353=CARTESIAN_POINT('',(0.046442047303915,0.0225218343628049,0.0355683279706543));
#3354=CARTESIAN_POINT('',(0.033742047303915,0.,0.0284867011941969));
#3355=CARTESIAN_POINT('',(-0.0426320473039151,0.,0.0207387432456017));
#3356=CARTESIAN_POINT('',(-0.0426320473039151,0.,0.0207387432456017));
#3357=CARTESIAN_POINT('',(-0.0426320473039151,0.,0.028517880358299));
#3358=CARTESIAN_POINT('',(-0.0400920473039151,0.,0.0207387432456017));
#3359=CARTESIAN_POINT('',(-0.0400920473039151,0.,0.028517880358299));
#3360=CARTESIAN_POINT('',(-0.0426320473039151,0.,0.0284867011941969));
#3361=CARTESIAN_POINT('',(-0.0400920473039151,0.,0.0284867011941969));
#3362=CARTESIAN_POINT('',(0.0400920473039151,0.0225218343628049,0.033403298664093));
#3363=CARTESIAN_POINT('',(0.0400920473039151,0.0225218343628049,0.0355683279706543));
#3364=CARTESIAN_POINT('',(0.0400920473039151,0.0225218343628049,0.0355683279706543));
#3365=CARTESIAN_POINT('',(0.0400920473039151,0.0225218343628049,0.033403298664093));
#3366=CARTESIAN_POINT('',(0.043267047303915,0.0225218343628049,0.0355683279706543));
#3367=CARTESIAN_POINT('',(0.043267047303915,0.0225218343628049,0.0355683279706543));
#3368=CARTESIAN_POINT('',(0.0400920473039151,0.0225218343628049,0.0321645423717272));
#3369=MECHANICAL_DESIGN_GEOMETRIC_PRESENTATION_REPRESENTATION('',(#2051),
#3370);
#3370=(
GEOMETRIC_REPRESENTATION_CONTEXT(3)
GLOBAL_UNCERTAINTY_ASSIGNED_CONTEXT((#3371))
GLOBAL_UNIT_ASSIGNED_CONTEXT((#3374,#3373,#3372))
REPRESENTATION_CONTEXT('bed plate','TOP_LEVEL_ASSEMBLY_PART')
);
#3371=UNCERTAINTY_MEASURE_WITH_UNIT(LENGTH_MEASURE(1.E-8),#3374,
'DISTANCE_ACCURACY_VALUE','Maximum Tolerance applied to model');
#3372=(
NAMED_UNIT(*)
SI_UNIT($,.STERADIAN.)
SOLID_ANGLE_UNIT()
);
#3373=(
NAMED_UNIT(*)
PLANE_ANGLE_UNIT()
SI_UNIT($,.RADIAN.)
);
#3374=(
LENGTH_UNIT()
NAMED_UNIT(*)
SI_UNIT($,.METRE.)
);
#3375=PRODUCT_DEFINITION_SHAPE('','',#3376);
#3376=PRODUCT_DEFINITION('','',#3378,#3377);
#3377=PRODUCT_DEFINITION_CONTEXT('',#3384,'design');
#3378=PRODUCT_DEFINITION_FORMATION_WITH_SPECIFIED_SOURCE('','',#3380,
 .NOT_KNOWN.);
#3379=PRODUCT_RELATED_PRODUCT_CATEGORY('','',(#3380));
#3380=PRODUCT('bed plate','bed plate','bed plate',(#3382));
#3381=PRODUCT_CATEGORY('','');
#3382=PRODUCT_CONTEXT('',#3384,'mechanical');
#3383=APPLICATION_PROTOCOL_DEFINITION('international standard',
'ap242_managed_model_based_3d_engineering',2020,#3384);
#3384=APPLICATION_CONTEXT('managed model based 3d engineering');
ENDSEC;
END-ISO-10303-21;
