ISO-10303-21;
HEADER;
/* Generated by software containing ST-Developer
 * from STEP Tools, Inc. (www.steptools.com) 
 */
/* OPTION: using custom renumber hook */

FILE_DESCRIPTION(
/* description */ ('STEP AP242 Edition 2',
'CAx-IF Rec.Pracs.---Representation and Presentation of Product Manufa
cturing Information (PMI)---4.0---2014-10-13',
'CAx-IF Rec.Pracs.---3D Tessellated Geometry---0.4---2014-09-14','2;1',
'CAx-IF Rec.Pracs.---User Defined Attributes---1.5---2016-08-15'),
/* implementation_level */ '2;1');

FILE_NAME(
/* name */ 'Part Studio 5 - Part 1',
/* time_stamp */ '2026-08-14T04:13:40Z',
/* author */ (''),
/* organization */ (''),
/* preprocessor_version */ 'ST-DEVELOPER v20',
/* originating_system */ 'ONSHAPE BY PTC INC, 1.219',
/* authorisation */ '  ');

FILE_SCHEMA (('AP242_MANAGED_MODEL_BASED_3D_ENGINEERING_MIM_LF { 1 0 10303 442 3 1 4 }'));
ENDSEC;

DATA;
#10=SHAPE_REPRESENTATION_RELATIONSHIP('','',#1611,#11);
#11=ADVANCED_BREP_SHAPE_REPRESENTATION('',(#1609),#2577);
#12=CYLINDRICAL_SURFACE('',#1663,0.00241450288848449);
#13=CYLINDRICAL_SURFACE('',#1666,0.00291668539782611);
#14=CYLINDRICAL_SURFACE('',#1669,0.00307128905704598);
#15=CYLINDRICAL_SURFACE('',#1672,0.00288650226966691);
#16=CYLINDRICAL_SURFACE('',#1675,0.00230312877646553);
#17=CYLINDRICAL_SURFACE('',#1678,0.00246028974652291);
#18=CYLINDRICAL_SURFACE('',#1696,0.00150061945059171);
#19=CYLINDRICAL_SURFACE('',#1697,0.00150061945059171);
#20=CYLINDRICAL_SURFACE('',#1698,0.00150061945059171);
#21=CYLINDRICAL_SURFACE('',#1699,0.00150061945059171);
#22=CIRCLE('',#1614,0.00150061945059171);
#23=CIRCLE('',#1615,0.00150061945059171);
#24=CIRCLE('',#1616,0.00150061945059171);
#25=CIRCLE('',#1617,0.00150061945059171);
#26=CIRCLE('',#1618,0.00246028974652291);
#27=CIRCLE('',#1619,0.00230312877646553);
#28=CIRCLE('',#1620,0.00288650226966691);
#29=CIRCLE('',#1621,0.00291668539782611);
#30=CIRCLE('',#1622,0.00241450288848449);
#31=CIRCLE('',#1623,0.00307128905704598);
#32=CIRCLE('',#1629,0.00150061945059171);
#33=CIRCLE('',#1630,0.00150061945059171);
#34=CIRCLE('',#1631,0.00150061945059171);
#35=CIRCLE('',#1632,0.00150061945059171);
#36=CIRCLE('',#1664,0.00241450288848449);
#37=CIRCLE('',#1667,0.00291668539782611);
#38=CIRCLE('',#1670,0.00307128905704598);
#39=CIRCLE('',#1673,0.00288650226966691);
#40=CIRCLE('',#1676,0.00230312877646553);
#41=CIRCLE('',#1679,0.00246028974652291);
#42=ORIENTED_EDGE('',*,*,#458,.T.);
#43=ORIENTED_EDGE('',*,*,#459,.F.);
#44=ORIENTED_EDGE('',*,*,#460,.F.);
#45=ORIENTED_EDGE('',*,*,#461,.T.);
#46=ORIENTED_EDGE('',*,*,#462,.F.);
#47=ORIENTED_EDGE('',*,*,#463,.F.);
#48=ORIENTED_EDGE('',*,*,#464,.T.);
#49=ORIENTED_EDGE('',*,*,#465,.T.);
#50=ORIENTED_EDGE('',*,*,#466,.F.);
#51=ORIENTED_EDGE('',*,*,#467,.F.);
#52=ORIENTED_EDGE('',*,*,#468,.F.);
#53=ORIENTED_EDGE('',*,*,#469,.F.);
#54=ORIENTED_EDGE('',*,*,#470,.T.);
#55=ORIENTED_EDGE('',*,*,#471,.T.);
#56=ORIENTED_EDGE('',*,*,#472,.F.);
#57=ORIENTED_EDGE('',*,*,#473,.F.);
#58=ORIENTED_EDGE('',*,*,#474,.T.);
#59=ORIENTED_EDGE('',*,*,#475,.T.);
#60=ORIENTED_EDGE('',*,*,#476,.F.);
#61=ORIENTED_EDGE('',*,*,#477,.F.);
#62=ORIENTED_EDGE('',*,*,#478,.T.);
#63=ORIENTED_EDGE('',*,*,#479,.T.);
#64=ORIENTED_EDGE('',*,*,#480,.F.);
#65=ORIENTED_EDGE('',*,*,#481,.F.);
#66=ORIENTED_EDGE('',*,*,#482,.F.);
#67=ORIENTED_EDGE('',*,*,#483,.F.);
#68=ORIENTED_EDGE('',*,*,#484,.F.);
#69=ORIENTED_EDGE('',*,*,#485,.F.);
#70=ORIENTED_EDGE('',*,*,#486,.F.);
#71=ORIENTED_EDGE('',*,*,#487,.F.);
#72=ORIENTED_EDGE('',*,*,#488,.T.);
#73=ORIENTED_EDGE('',*,*,#489,.T.);
#74=ORIENTED_EDGE('',*,*,#490,.F.);
#75=ORIENTED_EDGE('',*,*,#491,.F.);
#76=ORIENTED_EDGE('',*,*,#492,.T.);
#77=ORIENTED_EDGE('',*,*,#493,.T.);
#78=ORIENTED_EDGE('',*,*,#494,.F.);
#79=ORIENTED_EDGE('',*,*,#495,.F.);
#80=ORIENTED_EDGE('',*,*,#496,.T.);
#81=ORIENTED_EDGE('',*,*,#497,.T.);
#82=ORIENTED_EDGE('',*,*,#498,.F.);
#83=ORIENTED_EDGE('',*,*,#499,.F.);
#84=ORIENTED_EDGE('',*,*,#500,.T.);
#85=ORIENTED_EDGE('',*,*,#501,.T.);
#86=ORIENTED_EDGE('',*,*,#502,.F.);
#87=ORIENTED_EDGE('',*,*,#503,.F.);
#88=ORIENTED_EDGE('',*,*,#504,.T.);
#89=ORIENTED_EDGE('',*,*,#505,.T.);
#90=ORIENTED_EDGE('',*,*,#506,.F.);
#91=ORIENTED_EDGE('',*,*,#507,.F.);
#92=ORIENTED_EDGE('',*,*,#508,.T.);
#93=ORIENTED_EDGE('',*,*,#509,.T.);
#94=ORIENTED_EDGE('',*,*,#510,.F.);
#95=ORIENTED_EDGE('',*,*,#511,.T.);
#96=ORIENTED_EDGE('',*,*,#512,.T.);
#97=ORIENTED_EDGE('',*,*,#513,.F.);
#98=ORIENTED_EDGE('',*,*,#514,.F.);
#99=ORIENTED_EDGE('',*,*,#515,.T.);
#100=ORIENTED_EDGE('',*,*,#516,.F.);
#101=ORIENTED_EDGE('',*,*,#517,.T.);
#102=ORIENTED_EDGE('',*,*,#518,.T.);
#103=ORIENTED_EDGE('',*,*,#519,.T.);
#104=ORIENTED_EDGE('',*,*,#520,.F.);
#105=ORIENTED_EDGE('',*,*,#521,.F.);
#106=ORIENTED_EDGE('',*,*,#522,.T.);
#107=ORIENTED_EDGE('',*,*,#523,.F.);
#108=ORIENTED_EDGE('',*,*,#524,.T.);
#109=ORIENTED_EDGE('',*,*,#525,.T.);
#110=ORIENTED_EDGE('',*,*,#526,.F.);
#111=ORIENTED_EDGE('',*,*,#527,.T.);
#112=ORIENTED_EDGE('',*,*,#528,.T.);
#113=ORIENTED_EDGE('',*,*,#529,.F.);
#114=ORIENTED_EDGE('',*,*,#530,.F.);
#115=ORIENTED_EDGE('',*,*,#521,.T.);
#116=ORIENTED_EDGE('',*,*,#531,.T.);
#117=ORIENTED_EDGE('',*,*,#532,.T.);
#118=ORIENTED_EDGE('',*,*,#533,.F.);
#119=ORIENTED_EDGE('',*,*,#524,.F.);
#120=ORIENTED_EDGE('',*,*,#534,.F.);
#121=ORIENTED_EDGE('',*,*,#535,.F.);
#122=ORIENTED_EDGE('',*,*,#536,.T.);
#123=ORIENTED_EDGE('',*,*,#522,.F.);
#124=ORIENTED_EDGE('',*,*,#530,.T.);
#125=ORIENTED_EDGE('',*,*,#537,.T.);
#126=ORIENTED_EDGE('',*,*,#538,.F.);
#127=ORIENTED_EDGE('',*,*,#519,.F.);
#128=ORIENTED_EDGE('',*,*,#539,.F.);
#129=ORIENTED_EDGE('',*,*,#540,.F.);
#130=ORIENTED_EDGE('',*,*,#541,.T.);
#131=ORIENTED_EDGE('',*,*,#515,.F.);
#132=ORIENTED_EDGE('',*,*,#542,.F.);
#133=ORIENTED_EDGE('',*,*,#511,.F.);
#134=ORIENTED_EDGE('',*,*,#543,.F.);
#135=ORIENTED_EDGE('',*,*,#544,.F.);
#136=ORIENTED_EDGE('',*,*,#545,.T.);
#137=ORIENTED_EDGE('',*,*,#525,.F.);
#138=ORIENTED_EDGE('',*,*,#533,.T.);
#139=ORIENTED_EDGE('',*,*,#546,.F.);
#140=ORIENTED_EDGE('',*,*,#531,.F.);
#141=ORIENTED_EDGE('',*,*,#520,.T.);
#142=ORIENTED_EDGE('',*,*,#538,.T.);
#143=ORIENTED_EDGE('',*,*,#547,.T.);
#144=ORIENTED_EDGE('',*,*,#548,.T.);
#145=ORIENTED_EDGE('',*,*,#549,.T.);
#146=ORIENTED_EDGE('',*,*,#550,.T.);
#147=ORIENTED_EDGE('',*,*,#529,.T.);
#148=ORIENTED_EDGE('',*,*,#546,.T.);
#149=ORIENTED_EDGE('',*,*,#537,.F.);
#150=ORIENTED_EDGE('',*,*,#532,.F.);
#151=ORIENTED_EDGE('',*,*,#488,.F.);
#152=ORIENTED_EDGE('',*,*,#551,.F.);
#153=ORIENTED_EDGE('',*,*,#552,.T.);
#154=ORIENTED_EDGE('',*,*,#553,.T.);
#155=ORIENTED_EDGE('',*,*,#487,.T.);
#156=ORIENTED_EDGE('',*,*,#554,.F.);
#157=ORIENTED_EDGE('',*,*,#555,.F.);
#158=ORIENTED_EDGE('',*,*,#551,.T.);
#159=ORIENTED_EDGE('',*,*,#490,.T.);
#160=ORIENTED_EDGE('',*,*,#556,.F.);
#161=ORIENTED_EDGE('',*,*,#557,.F.);
#162=ORIENTED_EDGE('',*,*,#554,.T.);
#163=ORIENTED_EDGE('',*,*,#489,.F.);
#164=ORIENTED_EDGE('',*,*,#553,.F.);
#165=ORIENTED_EDGE('',*,*,#558,.T.);
#166=ORIENTED_EDGE('',*,*,#556,.T.);
#167=ORIENTED_EDGE('',*,*,#552,.F.);
#168=ORIENTED_EDGE('',*,*,#555,.T.);
#169=ORIENTED_EDGE('',*,*,#557,.T.);
#170=ORIENTED_EDGE('',*,*,#558,.F.);
#171=ORIENTED_EDGE('',*,*,#492,.F.);
#172=ORIENTED_EDGE('',*,*,#559,.F.);
#173=ORIENTED_EDGE('',*,*,#560,.T.);
#174=ORIENTED_EDGE('',*,*,#561,.T.);
#175=ORIENTED_EDGE('',*,*,#491,.T.);
#176=ORIENTED_EDGE('',*,*,#562,.F.);
#177=ORIENTED_EDGE('',*,*,#563,.F.);
#178=ORIENTED_EDGE('',*,*,#559,.T.);
#179=ORIENTED_EDGE('',*,*,#494,.T.);
#180=ORIENTED_EDGE('',*,*,#564,.F.);
#181=ORIENTED_EDGE('',*,*,#565,.F.);
#182=ORIENTED_EDGE('',*,*,#562,.T.);
#183=ORIENTED_EDGE('',*,*,#493,.F.);
#184=ORIENTED_EDGE('',*,*,#561,.F.);
#185=ORIENTED_EDGE('',*,*,#566,.T.);
#186=ORIENTED_EDGE('',*,*,#564,.T.);
#187=ORIENTED_EDGE('',*,*,#560,.F.);
#188=ORIENTED_EDGE('',*,*,#563,.T.);
#189=ORIENTED_EDGE('',*,*,#565,.T.);
#190=ORIENTED_EDGE('',*,*,#566,.F.);
#191=ORIENTED_EDGE('',*,*,#496,.F.);
#192=ORIENTED_EDGE('',*,*,#567,.F.);
#193=ORIENTED_EDGE('',*,*,#568,.T.);
#194=ORIENTED_EDGE('',*,*,#569,.T.);
#195=ORIENTED_EDGE('',*,*,#495,.T.);
#196=ORIENTED_EDGE('',*,*,#570,.F.);
#197=ORIENTED_EDGE('',*,*,#571,.F.);
#198=ORIENTED_EDGE('',*,*,#567,.T.);
#199=ORIENTED_EDGE('',*,*,#498,.T.);
#200=ORIENTED_EDGE('',*,*,#572,.F.);
#201=ORIENTED_EDGE('',*,*,#573,.F.);
#202=ORIENTED_EDGE('',*,*,#570,.T.);
#203=ORIENTED_EDGE('',*,*,#497,.F.);
#204=ORIENTED_EDGE('',*,*,#569,.F.);
#205=ORIENTED_EDGE('',*,*,#574,.T.);
#206=ORIENTED_EDGE('',*,*,#572,.T.);
#207=ORIENTED_EDGE('',*,*,#568,.F.);
#208=ORIENTED_EDGE('',*,*,#571,.T.);
#209=ORIENTED_EDGE('',*,*,#573,.T.);
#210=ORIENTED_EDGE('',*,*,#574,.F.);
#211=ORIENTED_EDGE('',*,*,#500,.F.);
#212=ORIENTED_EDGE('',*,*,#575,.F.);
#213=ORIENTED_EDGE('',*,*,#576,.T.);
#214=ORIENTED_EDGE('',*,*,#577,.T.);
#215=ORIENTED_EDGE('',*,*,#499,.T.);
#216=ORIENTED_EDGE('',*,*,#578,.F.);
#217=ORIENTED_EDGE('',*,*,#579,.F.);
#218=ORIENTED_EDGE('',*,*,#575,.T.);
#219=ORIENTED_EDGE('',*,*,#502,.T.);
#220=ORIENTED_EDGE('',*,*,#580,.F.);
#221=ORIENTED_EDGE('',*,*,#581,.F.);
#222=ORIENTED_EDGE('',*,*,#578,.T.);
#223=ORIENTED_EDGE('',*,*,#501,.F.);
#224=ORIENTED_EDGE('',*,*,#577,.F.);
#225=ORIENTED_EDGE('',*,*,#582,.T.);
#226=ORIENTED_EDGE('',*,*,#580,.T.);
#227=ORIENTED_EDGE('',*,*,#576,.F.);
#228=ORIENTED_EDGE('',*,*,#579,.T.);
#229=ORIENTED_EDGE('',*,*,#581,.T.);
#230=ORIENTED_EDGE('',*,*,#582,.F.);
#231=ORIENTED_EDGE('',*,*,#504,.F.);
#232=ORIENTED_EDGE('',*,*,#583,.F.);
#233=ORIENTED_EDGE('',*,*,#584,.T.);
#234=ORIENTED_EDGE('',*,*,#585,.T.);
#235=ORIENTED_EDGE('',*,*,#503,.T.);
#236=ORIENTED_EDGE('',*,*,#586,.F.);
#237=ORIENTED_EDGE('',*,*,#587,.F.);
#238=ORIENTED_EDGE('',*,*,#583,.T.);
#239=ORIENTED_EDGE('',*,*,#506,.T.);
#240=ORIENTED_EDGE('',*,*,#588,.F.);
#241=ORIENTED_EDGE('',*,*,#589,.F.);
#242=ORIENTED_EDGE('',*,*,#586,.T.);
#243=ORIENTED_EDGE('',*,*,#505,.F.);
#244=ORIENTED_EDGE('',*,*,#585,.F.);
#245=ORIENTED_EDGE('',*,*,#590,.T.);
#246=ORIENTED_EDGE('',*,*,#588,.T.);
#247=ORIENTED_EDGE('',*,*,#584,.F.);
#248=ORIENTED_EDGE('',*,*,#587,.T.);
#249=ORIENTED_EDGE('',*,*,#589,.T.);
#250=ORIENTED_EDGE('',*,*,#590,.F.);
#251=ORIENTED_EDGE('',*,*,#508,.F.);
#252=ORIENTED_EDGE('',*,*,#591,.F.);
#253=ORIENTED_EDGE('',*,*,#592,.T.);
#254=ORIENTED_EDGE('',*,*,#593,.T.);
#255=ORIENTED_EDGE('',*,*,#507,.T.);
#256=ORIENTED_EDGE('',*,*,#594,.F.);
#257=ORIENTED_EDGE('',*,*,#595,.F.);
#258=ORIENTED_EDGE('',*,*,#591,.T.);
#259=ORIENTED_EDGE('',*,*,#510,.T.);
#260=ORIENTED_EDGE('',*,*,#596,.F.);
#261=ORIENTED_EDGE('',*,*,#597,.F.);
#262=ORIENTED_EDGE('',*,*,#594,.T.);
#263=ORIENTED_EDGE('',*,*,#509,.F.);
#264=ORIENTED_EDGE('',*,*,#593,.F.);
#265=ORIENTED_EDGE('',*,*,#598,.T.);
#266=ORIENTED_EDGE('',*,*,#596,.T.);
#267=ORIENTED_EDGE('',*,*,#592,.F.);
#268=ORIENTED_EDGE('',*,*,#595,.T.);
#269=ORIENTED_EDGE('',*,*,#597,.T.);
#270=ORIENTED_EDGE('',*,*,#598,.F.);
#271=ORIENTED_EDGE('',*,*,#599,.F.);
#272=ORIENTED_EDGE('',*,*,#486,.T.);
#273=ORIENTED_EDGE('',*,*,#599,.T.);
#274=ORIENTED_EDGE('',*,*,#600,.F.);
#275=ORIENTED_EDGE('',*,*,#485,.T.);
#276=ORIENTED_EDGE('',*,*,#600,.T.);
#277=ORIENTED_EDGE('',*,*,#523,.T.);
#278=ORIENTED_EDGE('',*,*,#536,.F.);
#279=ORIENTED_EDGE('',*,*,#601,.F.);
#280=ORIENTED_EDGE('',*,*,#534,.T.);
#281=ORIENTED_EDGE('',*,*,#535,.T.);
#282=ORIENTED_EDGE('',*,*,#601,.T.);
#283=ORIENTED_EDGE('',*,*,#602,.F.);
#284=ORIENTED_EDGE('',*,*,#484,.T.);
#285=ORIENTED_EDGE('',*,*,#602,.T.);
#286=ORIENTED_EDGE('',*,*,#603,.F.);
#287=ORIENTED_EDGE('',*,*,#483,.T.);
#288=ORIENTED_EDGE('',*,*,#603,.T.);
#289=ORIENTED_EDGE('',*,*,#604,.F.);
#290=ORIENTED_EDGE('',*,*,#482,.T.);
#291=ORIENTED_EDGE('',*,*,#604,.T.);
#292=ORIENTED_EDGE('',*,*,#478,.F.);
#293=ORIENTED_EDGE('',*,*,#605,.F.);
#294=ORIENTED_EDGE('',*,*,#606,.T.);
#295=ORIENTED_EDGE('',*,*,#607,.T.);
#296=ORIENTED_EDGE('',*,*,#481,.T.);
#297=ORIENTED_EDGE('',*,*,#608,.F.);
#298=ORIENTED_EDGE('',*,*,#609,.F.);
#299=ORIENTED_EDGE('',*,*,#605,.T.);
#300=ORIENTED_EDGE('',*,*,#480,.T.);
#301=ORIENTED_EDGE('',*,*,#610,.F.);
#302=ORIENTED_EDGE('',*,*,#611,.F.);
#303=ORIENTED_EDGE('',*,*,#608,.T.);
#304=ORIENTED_EDGE('',*,*,#479,.F.);
#305=ORIENTED_EDGE('',*,*,#607,.F.);
#306=ORIENTED_EDGE('',*,*,#612,.T.);
#307=ORIENTED_EDGE('',*,*,#610,.T.);
#308=ORIENTED_EDGE('',*,*,#606,.F.);
#309=ORIENTED_EDGE('',*,*,#609,.T.);
#310=ORIENTED_EDGE('',*,*,#611,.T.);
#311=ORIENTED_EDGE('',*,*,#612,.F.);
#312=ORIENTED_EDGE('',*,*,#474,.F.);
#313=ORIENTED_EDGE('',*,*,#613,.F.);
#314=ORIENTED_EDGE('',*,*,#614,.T.);
#315=ORIENTED_EDGE('',*,*,#615,.T.);
#316=ORIENTED_EDGE('',*,*,#477,.T.);
#317=ORIENTED_EDGE('',*,*,#616,.F.);
#318=ORIENTED_EDGE('',*,*,#617,.F.);
#319=ORIENTED_EDGE('',*,*,#613,.T.);
#320=ORIENTED_EDGE('',*,*,#476,.T.);
#321=ORIENTED_EDGE('',*,*,#618,.F.);
#322=ORIENTED_EDGE('',*,*,#619,.F.);
#323=ORIENTED_EDGE('',*,*,#616,.T.);
#324=ORIENTED_EDGE('',*,*,#475,.F.);
#325=ORIENTED_EDGE('',*,*,#615,.F.);
#326=ORIENTED_EDGE('',*,*,#620,.T.);
#327=ORIENTED_EDGE('',*,*,#618,.T.);
#328=ORIENTED_EDGE('',*,*,#614,.F.);
#329=ORIENTED_EDGE('',*,*,#617,.T.);
#330=ORIENTED_EDGE('',*,*,#619,.T.);
#331=ORIENTED_EDGE('',*,*,#620,.F.);
#332=ORIENTED_EDGE('',*,*,#470,.F.);
#333=ORIENTED_EDGE('',*,*,#621,.F.);
#334=ORIENTED_EDGE('',*,*,#622,.T.);
#335=ORIENTED_EDGE('',*,*,#623,.T.);
#336=ORIENTED_EDGE('',*,*,#473,.T.);
#337=ORIENTED_EDGE('',*,*,#624,.F.);
#338=ORIENTED_EDGE('',*,*,#625,.F.);
#339=ORIENTED_EDGE('',*,*,#621,.T.);
#340=ORIENTED_EDGE('',*,*,#472,.T.);
#341=ORIENTED_EDGE('',*,*,#626,.F.);
#342=ORIENTED_EDGE('',*,*,#627,.F.);
#343=ORIENTED_EDGE('',*,*,#624,.T.);
#344=ORIENTED_EDGE('',*,*,#471,.F.);
#345=ORIENTED_EDGE('',*,*,#623,.F.);
#346=ORIENTED_EDGE('',*,*,#628,.T.);
#347=ORIENTED_EDGE('',*,*,#626,.T.);
#348=ORIENTED_EDGE('',*,*,#622,.F.);
#349=ORIENTED_EDGE('',*,*,#625,.T.);
#350=ORIENTED_EDGE('',*,*,#627,.T.);
#351=ORIENTED_EDGE('',*,*,#628,.F.);
#352=ORIENTED_EDGE('',*,*,#469,.T.);
#353=ORIENTED_EDGE('',*,*,#550,.F.);
#354=ORIENTED_EDGE('',*,*,#468,.T.);
#355=ORIENTED_EDGE('',*,*,#549,.F.);
#356=ORIENTED_EDGE('',*,*,#467,.T.);
#357=ORIENTED_EDGE('',*,*,#548,.F.);
#358=ORIENTED_EDGE('',*,*,#466,.T.);
#359=ORIENTED_EDGE('',*,*,#547,.F.);
#360=ORIENTED_EDGE('',*,*,#527,.F.);
#361=ORIENTED_EDGE('',*,*,#629,.F.);
#362=ORIENTED_EDGE('',*,*,#630,.T.);
#363=ORIENTED_EDGE('',*,*,#631,.T.);
#364=ORIENTED_EDGE('',*,*,#526,.T.);
#365=ORIENTED_EDGE('',*,*,#545,.F.);
#366=ORIENTED_EDGE('',*,*,#632,.F.);
#367=ORIENTED_EDGE('',*,*,#629,.T.);
#368=ORIENTED_EDGE('',*,*,#528,.F.);
#369=ORIENTED_EDGE('',*,*,#631,.F.);
#370=ORIENTED_EDGE('',*,*,#633,.T.);
#371=ORIENTED_EDGE('',*,*,#543,.T.);
#372=ORIENTED_EDGE('',*,*,#630,.F.);
#373=ORIENTED_EDGE('',*,*,#632,.T.);
#374=ORIENTED_EDGE('',*,*,#544,.T.);
#375=ORIENTED_EDGE('',*,*,#633,.F.);
#376=ORIENTED_EDGE('',*,*,#517,.F.);
#377=ORIENTED_EDGE('',*,*,#634,.F.);
#378=ORIENTED_EDGE('',*,*,#635,.T.);
#379=ORIENTED_EDGE('',*,*,#636,.T.);
#380=ORIENTED_EDGE('',*,*,#516,.T.);
#381=ORIENTED_EDGE('',*,*,#541,.F.);
#382=ORIENTED_EDGE('',*,*,#637,.F.);
#383=ORIENTED_EDGE('',*,*,#634,.T.);
#384=ORIENTED_EDGE('',*,*,#518,.F.);
#385=ORIENTED_EDGE('',*,*,#636,.F.);
#386=ORIENTED_EDGE('',*,*,#638,.T.);
#387=ORIENTED_EDGE('',*,*,#539,.T.);
#388=ORIENTED_EDGE('',*,*,#635,.F.);
#389=ORIENTED_EDGE('',*,*,#637,.T.);
#390=ORIENTED_EDGE('',*,*,#540,.T.);
#391=ORIENTED_EDGE('',*,*,#638,.F.);
#392=ORIENTED_EDGE('',*,*,#639,.T.);
#393=ORIENTED_EDGE('',*,*,#542,.T.);
#394=ORIENTED_EDGE('',*,*,#640,.F.);
#395=ORIENTED_EDGE('',*,*,#641,.T.);
#396=ORIENTED_EDGE('',*,*,#639,.F.);
#397=ORIENTED_EDGE('',*,*,#642,.F.);
#398=ORIENTED_EDGE('',*,*,#643,.T.);
#399=ORIENTED_EDGE('',*,*,#644,.T.);
#400=ORIENTED_EDGE('',*,*,#512,.F.);
#401=ORIENTED_EDGE('',*,*,#641,.F.);
#402=ORIENTED_EDGE('',*,*,#645,.F.);
#403=ORIENTED_EDGE('',*,*,#646,.T.);
#404=ORIENTED_EDGE('',*,*,#642,.T.);
#405=ORIENTED_EDGE('',*,*,#640,.T.);
#406=ORIENTED_EDGE('',*,*,#514,.T.);
#407=ORIENTED_EDGE('',*,*,#647,.F.);
#408=ORIENTED_EDGE('',*,*,#648,.F.);
#409=ORIENTED_EDGE('',*,*,#645,.T.);
#410=ORIENTED_EDGE('',*,*,#513,.T.);
#411=ORIENTED_EDGE('',*,*,#644,.F.);
#412=ORIENTED_EDGE('',*,*,#649,.F.);
#413=ORIENTED_EDGE('',*,*,#647,.T.);
#414=ORIENTED_EDGE('',*,*,#643,.F.);
#415=ORIENTED_EDGE('',*,*,#646,.F.);
#416=ORIENTED_EDGE('',*,*,#648,.T.);
#417=ORIENTED_EDGE('',*,*,#649,.T.);
#418=ORIENTED_EDGE('',*,*,#458,.F.);
#419=ORIENTED_EDGE('',*,*,#650,.F.);
#420=ORIENTED_EDGE('',*,*,#651,.T.);
#421=ORIENTED_EDGE('',*,*,#652,.T.);
#422=ORIENTED_EDGE('',*,*,#465,.F.);
#423=ORIENTED_EDGE('',*,*,#653,.F.);
#424=ORIENTED_EDGE('',*,*,#654,.T.);
#425=ORIENTED_EDGE('',*,*,#650,.T.);
#426=ORIENTED_EDGE('',*,*,#464,.F.);
#427=ORIENTED_EDGE('',*,*,#655,.F.);
#428=ORIENTED_EDGE('',*,*,#656,.T.);
#429=ORIENTED_EDGE('',*,*,#653,.T.);
#430=ORIENTED_EDGE('',*,*,#463,.T.);
#431=ORIENTED_EDGE('',*,*,#657,.F.);
#432=ORIENTED_EDGE('',*,*,#658,.F.);
#433=ORIENTED_EDGE('',*,*,#655,.T.);
#434=ORIENTED_EDGE('',*,*,#462,.T.);
#435=ORIENTED_EDGE('',*,*,#659,.F.);
#436=ORIENTED_EDGE('',*,*,#660,.F.);
#437=ORIENTED_EDGE('',*,*,#657,.T.);
#438=ORIENTED_EDGE('',*,*,#461,.F.);
#439=ORIENTED_EDGE('',*,*,#661,.F.);
#440=ORIENTED_EDGE('',*,*,#662,.T.);
#441=ORIENTED_EDGE('',*,*,#659,.T.);
#442=ORIENTED_EDGE('',*,*,#460,.T.);
#443=ORIENTED_EDGE('',*,*,#663,.F.);
#444=ORIENTED_EDGE('',*,*,#664,.F.);
#445=ORIENTED_EDGE('',*,*,#661,.T.);
#446=ORIENTED_EDGE('',*,*,#459,.T.);
#447=ORIENTED_EDGE('',*,*,#652,.F.);
#448=ORIENTED_EDGE('',*,*,#665,.F.);
#449=ORIENTED_EDGE('',*,*,#663,.T.);
#450=ORIENTED_EDGE('',*,*,#651,.F.);
#451=ORIENTED_EDGE('',*,*,#654,.F.);
#452=ORIENTED_EDGE('',*,*,#656,.F.);
#453=ORIENTED_EDGE('',*,*,#658,.T.);
#454=ORIENTED_EDGE('',*,*,#660,.T.);
#455=ORIENTED_EDGE('',*,*,#662,.F.);
#456=ORIENTED_EDGE('',*,*,#664,.T.);
#457=ORIENTED_EDGE('',*,*,#665,.T.);
#458=EDGE_CURVE('',#666,#667,#810,.T.);
#459=EDGE_CURVE('',#668,#667,#811,.T.);
#460=EDGE_CURVE('',#669,#668,#812,.T.);
#461=EDGE_CURVE('',#669,#670,#813,.T.);
#462=EDGE_CURVE('',#671,#670,#814,.T.);
#463=EDGE_CURVE('',#672,#671,#815,.T.);
#464=EDGE_CURVE('',#672,#673,#816,.T.);
#465=EDGE_CURVE('',#673,#666,#817,.T.);
#466=EDGE_CURVE('',#674,#674,#22,.T.);
#467=EDGE_CURVE('',#675,#675,#23,.T.);
#468=EDGE_CURVE('',#676,#676,#24,.T.);
#469=EDGE_CURVE('',#677,#677,#25,.T.);
#470=EDGE_CURVE('',#678,#679,#818,.T.);
#471=EDGE_CURVE('',#679,#680,#819,.T.);
#472=EDGE_CURVE('',#681,#680,#820,.T.);
#473=EDGE_CURVE('',#678,#681,#821,.T.);
#474=EDGE_CURVE('',#682,#683,#822,.T.);
#475=EDGE_CURVE('',#683,#684,#823,.T.);
#476=EDGE_CURVE('',#685,#684,#824,.T.);
#477=EDGE_CURVE('',#682,#685,#825,.T.);
#478=EDGE_CURVE('',#686,#687,#826,.T.);
#479=EDGE_CURVE('',#687,#688,#827,.T.);
#480=EDGE_CURVE('',#689,#688,#828,.T.);
#481=EDGE_CURVE('',#686,#689,#829,.T.);
#482=EDGE_CURVE('',#690,#690,#26,.T.);
#483=EDGE_CURVE('',#691,#691,#27,.T.);
#484=EDGE_CURVE('',#692,#692,#28,.T.);
#485=EDGE_CURVE('',#693,#693,#29,.T.);
#486=EDGE_CURVE('',#694,#694,#30,.T.);
#487=EDGE_CURVE('',#695,#696,#830,.T.);
#488=EDGE_CURVE('',#695,#697,#831,.T.);
#489=EDGE_CURVE('',#697,#698,#832,.T.);
#490=EDGE_CURVE('',#696,#698,#833,.T.);
#491=EDGE_CURVE('',#699,#700,#834,.T.);
#492=EDGE_CURVE('',#699,#701,#835,.T.);
#493=EDGE_CURVE('',#701,#702,#836,.T.);
#494=EDGE_CURVE('',#700,#702,#837,.T.);
#495=EDGE_CURVE('',#703,#704,#838,.T.);
#496=EDGE_CURVE('',#703,#705,#839,.T.);
#497=EDGE_CURVE('',#705,#706,#840,.T.);
#498=EDGE_CURVE('',#704,#706,#841,.T.);
#499=EDGE_CURVE('',#707,#708,#842,.T.);
#500=EDGE_CURVE('',#707,#709,#843,.T.);
#501=EDGE_CURVE('',#709,#710,#844,.T.);
#502=EDGE_CURVE('',#708,#710,#845,.T.);
#503=EDGE_CURVE('',#711,#712,#846,.T.);
#504=EDGE_CURVE('',#711,#713,#847,.T.);
#505=EDGE_CURVE('',#713,#714,#848,.T.);
#506=EDGE_CURVE('',#712,#714,#849,.T.);
#507=EDGE_CURVE('',#715,#716,#850,.T.);
#508=EDGE_CURVE('',#715,#717,#851,.T.);
#509=EDGE_CURVE('',#717,#718,#852,.T.);
#510=EDGE_CURVE('',#716,#718,#853,.T.);
#511=EDGE_CURVE('',#719,#720,#854,.T.);
#512=EDGE_CURVE('',#720,#721,#855,.T.);
#513=EDGE_CURVE('',#722,#721,#856,.T.);
#514=EDGE_CURVE('',#723,#722,#857,.T.);
#515=EDGE_CURVE('',#723,#724,#858,.T.);
#516=EDGE_CURVE('',#725,#724,#859,.T.);
#517=EDGE_CURVE('',#725,#726,#860,.T.);
#518=EDGE_CURVE('',#726,#727,#861,.T.);
#519=EDGE_CURVE('',#727,#728,#862,.T.);
#520=EDGE_CURVE('',#729,#728,#863,.T.);
#521=EDGE_CURVE('',#730,#729,#864,.T.);
#522=EDGE_CURVE('',#730,#731,#865,.T.);
#523=EDGE_CURVE('',#732,#731,#31,.T.);
#524=EDGE_CURVE('',#732,#733,#866,.T.);
#525=EDGE_CURVE('',#733,#734,#867,.T.);
#526=EDGE_CURVE('',#735,#734,#868,.T.);
#527=EDGE_CURVE('',#735,#736,#869,.T.);
#528=EDGE_CURVE('',#736,#719,#870,.T.);
#529=EDGE_CURVE('',#737,#738,#871,.T.);
#530=EDGE_CURVE('',#730,#737,#872,.T.);
#531=EDGE_CURVE('',#729,#738,#873,.T.);
#532=EDGE_CURVE('',#737,#739,#874,.T.);
#533=EDGE_CURVE('',#733,#739,#875,.T.);
#534=EDGE_CURVE('',#740,#732,#876,.T.);
#535=EDGE_CURVE('',#741,#740,#877,.T.);
#536=EDGE_CURVE('',#741,#731,#878,.T.);
#537=EDGE_CURVE('',#739,#742,#879,.T.);
#538=EDGE_CURVE('',#728,#742,#880,.T.);
#539=EDGE_CURVE('',#743,#727,#881,.T.);
#540=EDGE_CURVE('',#744,#743,#882,.T.);
#541=EDGE_CURVE('',#744,#724,#883,.T.);
#542=EDGE_CURVE('',#720,#723,#884,.T.);
#543=EDGE_CURVE('',#745,#719,#885,.T.);
#544=EDGE_CURVE('',#746,#745,#886,.T.);
#545=EDGE_CURVE('',#746,#734,#887,.T.);
#546=EDGE_CURVE('',#738,#742,#888,.T.);
#547=EDGE_CURVE('',#747,#747,#32,.T.);
#548=EDGE_CURVE('',#748,#748,#33,.T.);
#549=EDGE_CURVE('',#749,#749,#34,.T.);
#550=EDGE_CURVE('',#750,#750,#35,.T.);
#551=EDGE_CURVE('',#751,#695,#889,.T.);
#552=EDGE_CURVE('',#751,#752,#890,.T.);
#553=EDGE_CURVE('',#752,#697,#891,.T.);
#554=EDGE_CURVE('',#753,#696,#892,.T.);
#555=EDGE_CURVE('',#751,#753,#893,.T.);
#556=EDGE_CURVE('',#754,#698,#894,.T.);
#557=EDGE_CURVE('',#753,#754,#895,.T.);
#558=EDGE_CURVE('',#752,#754,#896,.T.);
#559=EDGE_CURVE('',#755,#699,#897,.T.);
#560=EDGE_CURVE('',#755,#756,#898,.T.);
#561=EDGE_CURVE('',#756,#701,#899,.T.);
#562=EDGE_CURVE('',#757,#700,#900,.T.);
#563=EDGE_CURVE('',#755,#757,#901,.T.);
#564=EDGE_CURVE('',#758,#702,#902,.T.);
#565=EDGE_CURVE('',#757,#758,#903,.T.);
#566=EDGE_CURVE('',#756,#758,#904,.T.);
#567=EDGE_CURVE('',#759,#703,#905,.T.);
#568=EDGE_CURVE('',#759,#760,#906,.T.);
#569=EDGE_CURVE('',#760,#705,#907,.T.);
#570=EDGE_CURVE('',#761,#704,#908,.T.);
#571=EDGE_CURVE('',#759,#761,#909,.T.);
#572=EDGE_CURVE('',#762,#706,#910,.T.);
#573=EDGE_CURVE('',#761,#762,#911,.T.);
#574=EDGE_CURVE('',#760,#762,#912,.T.);
#575=EDGE_CURVE('',#763,#707,#913,.T.);
#576=EDGE_CURVE('',#763,#764,#914,.T.);
#577=EDGE_CURVE('',#764,#709,#915,.T.);
#578=EDGE_CURVE('',#765,#708,#916,.T.);
#579=EDGE_CURVE('',#763,#765,#917,.T.);
#580=EDGE_CURVE('',#766,#710,#918,.T.);
#581=EDGE_CURVE('',#765,#766,#919,.T.);
#582=EDGE_CURVE('',#764,#766,#920,.T.);
#583=EDGE_CURVE('',#767,#711,#921,.T.);
#584=EDGE_CURVE('',#767,#768,#922,.T.);
#585=EDGE_CURVE('',#768,#713,#923,.T.);
#586=EDGE_CURVE('',#769,#712,#924,.T.);
#587=EDGE_CURVE('',#767,#769,#925,.T.);
#588=EDGE_CURVE('',#770,#714,#926,.T.);
#589=EDGE_CURVE('',#769,#770,#927,.T.);
#590=EDGE_CURVE('',#768,#770,#928,.T.);
#591=EDGE_CURVE('',#771,#715,#929,.T.);
#592=EDGE_CURVE('',#771,#772,#930,.T.);
#593=EDGE_CURVE('',#772,#717,#931,.T.);
#594=EDGE_CURVE('',#773,#716,#932,.T.);
#595=EDGE_CURVE('',#771,#773,#933,.T.);
#596=EDGE_CURVE('',#774,#718,#934,.T.);
#597=EDGE_CURVE('',#773,#774,#935,.T.);
#598=EDGE_CURVE('',#772,#774,#936,.T.);
#599=EDGE_CURVE('',#775,#775,#36,.T.);
#600=EDGE_CURVE('',#776,#776,#37,.T.);
#601=EDGE_CURVE('',#740,#741,#38,.T.);
#602=EDGE_CURVE('',#777,#777,#39,.T.);
#603=EDGE_CURVE('',#778,#778,#40,.T.);
#604=EDGE_CURVE('',#779,#779,#41,.T.);
#605=EDGE_CURVE('',#780,#686,#937,.T.);
#606=EDGE_CURVE('',#780,#781,#938,.T.);
#607=EDGE_CURVE('',#781,#687,#939,.T.);
#608=EDGE_CURVE('',#782,#689,#940,.T.);
#609=EDGE_CURVE('',#780,#782,#941,.T.);
#610=EDGE_CURVE('',#783,#688,#942,.T.);
#611=EDGE_CURVE('',#782,#783,#943,.T.);
#612=EDGE_CURVE('',#781,#783,#944,.T.);
#613=EDGE_CURVE('',#784,#682,#945,.T.);
#614=EDGE_CURVE('',#784,#785,#946,.T.);
#615=EDGE_CURVE('',#785,#683,#947,.T.);
#616=EDGE_CURVE('',#786,#685,#948,.T.);
#617=EDGE_CURVE('',#784,#786,#949,.T.);
#618=EDGE_CURVE('',#787,#684,#950,.T.);
#619=EDGE_CURVE('',#786,#787,#951,.T.);
#620=EDGE_CURVE('',#785,#787,#952,.T.);
#621=EDGE_CURVE('',#788,#678,#953,.T.);
#622=EDGE_CURVE('',#788,#789,#954,.T.);
#623=EDGE_CURVE('',#789,#679,#955,.T.);
#624=EDGE_CURVE('',#790,#681,#956,.T.);
#625=EDGE_CURVE('',#788,#790,#957,.T.);
#626=EDGE_CURVE('',#791,#680,#958,.T.);
#627=EDGE_CURVE('',#790,#791,#959,.T.);
#628=EDGE_CURVE('',#789,#791,#960,.T.);
#629=EDGE_CURVE('',#792,#735,#961,.T.);
#630=EDGE_CURVE('',#792,#793,#962,.T.);
#631=EDGE_CURVE('',#793,#736,#963,.T.);
#632=EDGE_CURVE('',#792,#746,#964,.T.);
#633=EDGE_CURVE('',#793,#745,#965,.T.);
#634=EDGE_CURVE('',#794,#725,#966,.T.);
#635=EDGE_CURVE('',#794,#795,#967,.T.);
#636=EDGE_CURVE('',#795,#726,#968,.T.);
#637=EDGE_CURVE('',#794,#744,#969,.T.);
#638=EDGE_CURVE('',#795,#743,#970,.T.);
#639=EDGE_CURVE('',#796,#720,#971,.T.);
#640=EDGE_CURVE('',#797,#723,#972,.T.);
#641=EDGE_CURVE('',#797,#796,#973,.T.);
#642=EDGE_CURVE('',#798,#796,#974,.T.);
#643=EDGE_CURVE('',#798,#799,#975,.T.);
#644=EDGE_CURVE('',#799,#721,#976,.T.);
#645=EDGE_CURVE('',#800,#797,#977,.T.);
#646=EDGE_CURVE('',#800,#798,#978,.T.);
#647=EDGE_CURVE('',#801,#722,#979,.T.);
#648=EDGE_CURVE('',#800,#801,#980,.T.);
#649=EDGE_CURVE('',#801,#799,#981,.T.);
#650=EDGE_CURVE('',#802,#666,#982,.T.);
#651=EDGE_CURVE('',#802,#803,#983,.T.);
#652=EDGE_CURVE('',#803,#667,#984,.T.);
#653=EDGE_CURVE('',#804,#673,#985,.T.);
#654=EDGE_CURVE('',#804,#802,#986,.T.);
#655=EDGE_CURVE('',#805,#672,#987,.T.);
#656=EDGE_CURVE('',#805,#804,#988,.T.);
#657=EDGE_CURVE('',#806,#671,#989,.T.);
#658=EDGE_CURVE('',#805,#806,#990,.T.);
#659=EDGE_CURVE('',#807,#670,#991,.T.);
#660=EDGE_CURVE('',#806,#807,#992,.T.);
#661=EDGE_CURVE('',#808,#669,#993,.T.);
#662=EDGE_CURVE('',#808,#807,#994,.T.);
#663=EDGE_CURVE('',#809,#668,#995,.T.);
#664=EDGE_CURVE('',#808,#809,#996,.T.);
#665=EDGE_CURVE('',#809,#803,#997,.T.);
#666=VERTEX_POINT('',#2136);
#667=VERTEX_POINT('',#2137);
#668=VERTEX_POINT('',#2139);
#669=VERTEX_POINT('',#2141);
#670=VERTEX_POINT('',#2143);
#671=VERTEX_POINT('',#2145);
#672=VERTEX_POINT('',#2147);
#673=VERTEX_POINT('',#2149);
#674=VERTEX_POINT('',#2152);
#675=VERTEX_POINT('',#2154);
#676=VERTEX_POINT('',#2156);
#677=VERTEX_POINT('',#2158);
#678=VERTEX_POINT('',#2160);
#679=VERTEX_POINT('',#2161);
#680=VERTEX_POINT('',#2163);
#681=VERTEX_POINT('',#2165);
#682=VERTEX_POINT('',#2168);
#683=VERTEX_POINT('',#2169);
#684=VERTEX_POINT('',#2171);
#685=VERTEX_POINT('',#2173);
#686=VERTEX_POINT('',#2176);
#687=VERTEX_POINT('',#2177);
#688=VERTEX_POINT('',#2179);
#689=VERTEX_POINT('',#2181);
#690=VERTEX_POINT('',#2184);
#691=VERTEX_POINT('',#2186);
#692=VERTEX_POINT('',#2188);
#693=VERTEX_POINT('',#2190);
#694=VERTEX_POINT('',#2192);
#695=VERTEX_POINT('',#2194);
#696=VERTEX_POINT('',#2195);
#697=VERTEX_POINT('',#2197);
#698=VERTEX_POINT('',#2199);
#699=VERTEX_POINT('',#2202);
#700=VERTEX_POINT('',#2203);
#701=VERTEX_POINT('',#2205);
#702=VERTEX_POINT('',#2207);
#703=VERTEX_POINT('',#2210);
#704=VERTEX_POINT('',#2211);
#705=VERTEX_POINT('',#2213);
#706=VERTEX_POINT('',#2215);
#707=VERTEX_POINT('',#2218);
#708=VERTEX_POINT('',#2219);
#709=VERTEX_POINT('',#2221);
#710=VERTEX_POINT('',#2223);
#711=VERTEX_POINT('',#2226);
#712=VERTEX_POINT('',#2227);
#713=VERTEX_POINT('',#2229);
#714=VERTEX_POINT('',#2231);
#715=VERTEX_POINT('',#2234);
#716=VERTEX_POINT('',#2235);
#717=VERTEX_POINT('',#2237);
#718=VERTEX_POINT('',#2239);
#719=VERTEX_POINT('',#2242);
#720=VERTEX_POINT('',#2243);
#721=VERTEX_POINT('',#2245);
#722=VERTEX_POINT('',#2247);
#723=VERTEX_POINT('',#2249);
#724=VERTEX_POINT('',#2251);
#725=VERTEX_POINT('',#2253);
#726=VERTEX_POINT('',#2255);
#727=VERTEX_POINT('',#2257);
#728=VERTEX_POINT('',#2259);
#729=VERTEX_POINT('',#2261);
#730=VERTEX_POINT('',#2263);
#731=VERTEX_POINT('',#2265);
#732=VERTEX_POINT('',#2267);
#733=VERTEX_POINT('',#2269);
#734=VERTEX_POINT('',#2271);
#735=VERTEX_POINT('',#2273);
#736=VERTEX_POINT('',#2275);
#737=VERTEX_POINT('',#2279);
#738=VERTEX_POINT('',#2280);
#739=VERTEX_POINT('',#2285);
#740=VERTEX_POINT('',#2288);
#741=VERTEX_POINT('',#2290);
#742=VERTEX_POINT('',#2294);
#743=VERTEX_POINT('',#2297);
#744=VERTEX_POINT('',#2299);
#745=VERTEX_POINT('',#2303);
#746=VERTEX_POINT('',#2305);
#747=VERTEX_POINT('',#2311);
#748=VERTEX_POINT('',#2313);
#749=VERTEX_POINT('',#2315);
#750=VERTEX_POINT('',#2317);
#751=VERTEX_POINT('',#2320);
#752=VERTEX_POINT('',#2322);
#753=VERTEX_POINT('',#2326);
#754=VERTEX_POINT('',#2330);
#755=VERTEX_POINT('',#2337);
#756=VERTEX_POINT('',#2339);
#757=VERTEX_POINT('',#2343);
#758=VERTEX_POINT('',#2347);
#759=VERTEX_POINT('',#2354);
#760=VERTEX_POINT('',#2356);
#761=VERTEX_POINT('',#2360);
#762=VERTEX_POINT('',#2364);
#763=VERTEX_POINT('',#2371);
#764=VERTEX_POINT('',#2373);
#765=VERTEX_POINT('',#2377);
#766=VERTEX_POINT('',#2381);
#767=VERTEX_POINT('',#2388);
#768=VERTEX_POINT('',#2390);
#769=VERTEX_POINT('',#2394);
#770=VERTEX_POINT('',#2398);
#771=VERTEX_POINT('',#2405);
#772=VERTEX_POINT('',#2407);
#773=VERTEX_POINT('',#2411);
#774=VERTEX_POINT('',#2415);
#775=VERTEX_POINT('',#2422);
#776=VERTEX_POINT('',#2426);
#777=VERTEX_POINT('',#2433);
#778=VERTEX_POINT('',#2437);
#779=VERTEX_POINT('',#2441);
#780=VERTEX_POINT('',#2445);
#781=VERTEX_POINT('',#2447);
#782=VERTEX_POINT('',#2451);
#783=VERTEX_POINT('',#2455);
#784=VERTEX_POINT('',#2462);
#785=VERTEX_POINT('',#2464);
#786=VERTEX_POINT('',#2468);
#787=VERTEX_POINT('',#2472);
#788=VERTEX_POINT('',#2479);
#789=VERTEX_POINT('',#2481);
#790=VERTEX_POINT('',#2485);
#791=VERTEX_POINT('',#2489);
#792=VERTEX_POINT('',#2500);
#793=VERTEX_POINT('',#2502);
#794=VERTEX_POINT('',#2511);
#795=VERTEX_POINT('',#2513);
#796=VERTEX_POINT('',#2522);
#797=VERTEX_POINT('',#2524);
#798=VERTEX_POINT('',#2528);
#799=VERTEX_POINT('',#2530);
#800=VERTEX_POINT('',#2534);
#801=VERTEX_POINT('',#2538);
#802=VERTEX_POINT('',#2545);
#803=VERTEX_POINT('',#2547);
#804=VERTEX_POINT('',#2551);
#805=VERTEX_POINT('',#2555);
#806=VERTEX_POINT('',#2559);
#807=VERTEX_POINT('',#2563);
#808=VERTEX_POINT('',#2567);
#809=VERTEX_POINT('',#2571);
#810=LINE('',#2135,#998);
#811=LINE('',#2138,#999);
#812=LINE('',#2140,#1000);
#813=LINE('',#2142,#1001);
#814=LINE('',#2144,#1002);
#815=LINE('',#2146,#1003);
#816=LINE('',#2148,#1004);
#817=LINE('',#2150,#1005);
#818=LINE('',#2159,#1006);
#819=LINE('',#2162,#1007);
#820=LINE('',#2164,#1008);
#821=LINE('',#2166,#1009);
#822=LINE('',#2167,#1010);
#823=LINE('',#2170,#1011);
#824=LINE('',#2172,#1012);
#825=LINE('',#2174,#1013);
#826=LINE('',#2175,#1014);
#827=LINE('',#2178,#1015);
#828=LINE('',#2180,#1016);
#829=LINE('',#2182,#1017);
#830=LINE('',#2193,#1018);
#831=LINE('',#2196,#1019);
#832=LINE('',#2198,#1020);
#833=LINE('',#2200,#1021);
#834=LINE('',#2201,#1022);
#835=LINE('',#2204,#1023);
#836=LINE('',#2206,#1024);
#837=LINE('',#2208,#1025);
#838=LINE('',#2209,#1026);
#839=LINE('',#2212,#1027);
#840=LINE('',#2214,#1028);
#841=LINE('',#2216,#1029);
#842=LINE('',#2217,#1030);
#843=LINE('',#2220,#1031);
#844=LINE('',#2222,#1032);
#845=LINE('',#2224,#1033);
#846=LINE('',#2225,#1034);
#847=LINE('',#2228,#1035);
#848=LINE('',#2230,#1036);
#849=LINE('',#2232,#1037);
#850=LINE('',#2233,#1038);
#851=LINE('',#2236,#1039);
#852=LINE('',#2238,#1040);
#853=LINE('',#2240,#1041);
#854=LINE('',#2241,#1042);
#855=LINE('',#2244,#1043);
#856=LINE('',#2246,#1044);
#857=LINE('',#2248,#1045);
#858=LINE('',#2250,#1046);
#859=LINE('',#2252,#1047);
#860=LINE('',#2254,#1048);
#861=LINE('',#2256,#1049);
#862=LINE('',#2258,#1050);
#863=LINE('',#2260,#1051);
#864=LINE('',#2262,#1052);
#865=LINE('',#2264,#1053);
#866=LINE('',#2268,#1054);
#867=LINE('',#2270,#1055);
#868=LINE('',#2272,#1056);
#869=LINE('',#2274,#1057);
#870=LINE('',#2276,#1058);
#871=LINE('',#2278,#1059);
#872=LINE('',#2281,#1060);
#873=LINE('',#2282,#1061);
#874=LINE('',#2284,#1062);
#875=LINE('',#2286,#1063);
#876=LINE('',#2287,#1064);
#877=LINE('',#2289,#1065);
#878=LINE('',#2291,#1066);
#879=LINE('',#2293,#1067);
#880=LINE('',#2295,#1068);
#881=LINE('',#2296,#1069);
#882=LINE('',#2298,#1070);
#883=LINE('',#2300,#1071);
#884=LINE('',#2301,#1072);
#885=LINE('',#2302,#1073);
#886=LINE('',#2304,#1074);
#887=LINE('',#2306,#1075);
#888=LINE('',#2308,#1076);
#889=LINE('',#2319,#1077);
#890=LINE('',#2321,#1078);
#891=LINE('',#2323,#1079);
#892=LINE('',#2325,#1080);
#893=LINE('',#2327,#1081);
#894=LINE('',#2329,#1082);
#895=LINE('',#2331,#1083);
#896=LINE('',#2333,#1084);
#897=LINE('',#2336,#1085);
#898=LINE('',#2338,#1086);
#899=LINE('',#2340,#1087);
#900=LINE('',#2342,#1088);
#901=LINE('',#2344,#1089);
#902=LINE('',#2346,#1090);
#903=LINE('',#2348,#1091);
#904=LINE('',#2350,#1092);
#905=LINE('',#2353,#1093);
#906=LINE('',#2355,#1094);
#907=LINE('',#2357,#1095);
#908=LINE('',#2359,#1096);
#909=LINE('',#2361,#1097);
#910=LINE('',#2363,#1098);
#911=LINE('',#2365,#1099);
#912=LINE('',#2367,#1100);
#913=LINE('',#2370,#1101);
#914=LINE('',#2372,#1102);
#915=LINE('',#2374,#1103);
#916=LINE('',#2376,#1104);
#917=LINE('',#2378,#1105);
#918=LINE('',#2380,#1106);
#919=LINE('',#2382,#1107);
#920=LINE('',#2384,#1108);
#921=LINE('',#2387,#1109);
#922=LINE('',#2389,#1110);
#923=LINE('',#2391,#1111);
#924=LINE('',#2393,#1112);
#925=LINE('',#2395,#1113);
#926=LINE('',#2397,#1114);
#927=LINE('',#2399,#1115);
#928=LINE('',#2401,#1116);
#929=LINE('',#2404,#1117);
#930=LINE('',#2406,#1118);
#931=LINE('',#2408,#1119);
#932=LINE('',#2410,#1120);
#933=LINE('',#2412,#1121);
#934=LINE('',#2414,#1122);
#935=LINE('',#2416,#1123);
#936=LINE('',#2418,#1124);
#937=LINE('',#2444,#1125);
#938=LINE('',#2446,#1126);
#939=LINE('',#2448,#1127);
#940=LINE('',#2450,#1128);
#941=LINE('',#2452,#1129);
#942=LINE('',#2454,#1130);
#943=LINE('',#2456,#1131);
#944=LINE('',#2458,#1132);
#945=LINE('',#2461,#1133);
#946=LINE('',#2463,#1134);
#947=LINE('',#2465,#1135);
#948=LINE('',#2467,#1136);
#949=LINE('',#2469,#1137);
#950=LINE('',#2471,#1138);
#951=LINE('',#2473,#1139);
#952=LINE('',#2475,#1140);
#953=LINE('',#2478,#1141);
#954=LINE('',#2480,#1142);
#955=LINE('',#2482,#1143);
#956=LINE('',#2484,#1144);
#957=LINE('',#2486,#1145);
#958=LINE('',#2488,#1146);
#959=LINE('',#2490,#1147);
#960=LINE('',#2492,#1148);
#961=LINE('',#2499,#1149);
#962=LINE('',#2501,#1150);
#963=LINE('',#2503,#1151);
#964=LINE('',#2505,#1152);
#965=LINE('',#2507,#1153);
#966=LINE('',#2510,#1154);
#967=LINE('',#2512,#1155);
#968=LINE('',#2514,#1156);
#969=LINE('',#2516,#1157);
#970=LINE('',#2518,#1158);
#971=LINE('',#2521,#1159);
#972=LINE('',#2523,#1160);
#973=LINE('',#2525,#1161);
#974=LINE('',#2527,#1162);
#975=LINE('',#2529,#1163);
#976=LINE('',#2531,#1164);
#977=LINE('',#2533,#1165);
#978=LINE('',#2535,#1166);
#979=LINE('',#2537,#1167);
#980=LINE('',#2539,#1168);
#981=LINE('',#2541,#1169);
#982=LINE('',#2544,#1170);
#983=LINE('',#2546,#1171);
#984=LINE('',#2548,#1172);
#985=LINE('',#2550,#1173);
#986=LINE('',#2552,#1174);
#987=LINE('',#2554,#1175);
#988=LINE('',#2556,#1176);
#989=LINE('',#2558,#1177);
#990=LINE('',#2560,#1178);
#991=LINE('',#2562,#1179);
#992=LINE('',#2564,#1180);
#993=LINE('',#2566,#1181);
#994=LINE('',#2568,#1182);
#995=LINE('',#2570,#1183);
#996=LINE('',#2572,#1184);
#997=LINE('',#2574,#1185);
#998=VECTOR('',#1727,1.);
#999=VECTOR('',#1728,1.);
#1000=VECTOR('',#1729,1.);
#1001=VECTOR('',#1730,1.);
#1002=VECTOR('',#1731,1.);
#1003=VECTOR('',#1732,1.);
#1004=VECTOR('',#1733,1.);
#1005=VECTOR('',#1734,1.);
#1006=VECTOR('',#1743,1.);
#1007=VECTOR('',#1744,1.);
#1008=VECTOR('',#1745,1.);
#1009=VECTOR('',#1746,1.);
#1010=VECTOR('',#1747,1.);
#1011=VECTOR('',#1748,1.);
#1012=VECTOR('',#1749,1.);
#1013=VECTOR('',#1750,1.);
#1014=VECTOR('',#1751,1.);
#1015=VECTOR('',#1752,1.);
#1016=VECTOR('',#1753,1.);
#1017=VECTOR('',#1754,1.);
#1018=VECTOR('',#1765,1.);
#1019=VECTOR('',#1766,1.);
#1020=VECTOR('',#1767,1.);
#1021=VECTOR('',#1768,1.);
#1022=VECTOR('',#1769,1.);
#1023=VECTOR('',#1770,1.);
#1024=VECTOR('',#1771,1.);
#1025=VECTOR('',#1772,1.);
#1026=VECTOR('',#1773,1.);
#1027=VECTOR('',#1774,1.);
#1028=VECTOR('',#1775,1.);
#1029=VECTOR('',#1776,1.);
#1030=VECTOR('',#1777,1.);
#1031=VECTOR('',#1778,1.);
#1032=VECTOR('',#1779,1.);
#1033=VECTOR('',#1780,1.);
#1034=VECTOR('',#1781,1.);
#1035=VECTOR('',#1782,1.);
#1036=VECTOR('',#1783,1.);
#1037=VECTOR('',#1784,1.);
#1038=VECTOR('',#1785,1.);
#1039=VECTOR('',#1786,1.);
#1040=VECTOR('',#1787,1.);
#1041=VECTOR('',#1788,1.);
#1042=VECTOR('',#1789,1.);
#1043=VECTOR('',#1790,1.);
#1044=VECTOR('',#1791,1.);
#1045=VECTOR('',#1792,1.);
#1046=VECTOR('',#1793,1.);
#1047=VECTOR('',#1794,1.);
#1048=VECTOR('',#1795,1.);
#1049=VECTOR('',#1796,1.);
#1050=VECTOR('',#1797,1.);
#1051=VECTOR('',#1798,1.);
#1052=VECTOR('',#1799,1.);
#1053=VECTOR('',#1800,1.);
#1054=VECTOR('',#1803,1.);
#1055=VECTOR('',#1804,1.);
#1056=VECTOR('',#1805,1.);
#1057=VECTOR('',#1806,1.);
#1058=VECTOR('',#1807,1.);
#1059=VECTOR('',#1810,1.);
#1060=VECTOR('',#1811,1.);
#1061=VECTOR('',#1812,1.);
#1062=VECTOR('',#1815,1.);
#1063=VECTOR('',#1816,1.);
#1064=VECTOR('',#1817,1.);
#1065=VECTOR('',#1818,1.);
#1066=VECTOR('',#1819,1.);
#1067=VECTOR('',#1822,1.);
#1068=VECTOR('',#1823,1.);
#1069=VECTOR('',#1824,1.);
#1070=VECTOR('',#1825,1.);
#1071=VECTOR('',#1826,1.);
#1072=VECTOR('',#1827,1.);
#1073=VECTOR('',#1828,1.);
#1074=VECTOR('',#1829,1.);
#1075=VECTOR('',#1830,1.);
#1076=VECTOR('',#1833,1.);
#1077=VECTOR('',#1846,1.);
#1078=VECTOR('',#1847,1.);
#1079=VECTOR('',#1848,1.);
#1080=VECTOR('',#1851,1.);
#1081=VECTOR('',#1852,1.);
#1082=VECTOR('',#1855,1.);
#1083=VECTOR('',#1856,1.);
#1084=VECTOR('',#1859,1.);
#1085=VECTOR('',#1864,1.);
#1086=VECTOR('',#1865,1.);
#1087=VECTOR('',#1866,1.);
#1088=VECTOR('',#1869,1.);
#1089=VECTOR('',#1870,1.);
#1090=VECTOR('',#1873,1.);
#1091=VECTOR('',#1874,1.);
#1092=VECTOR('',#1877,1.);
#1093=VECTOR('',#1882,1.);
#1094=VECTOR('',#1883,1.);
#1095=VECTOR('',#1884,1.);
#1096=VECTOR('',#1887,1.);
#1097=VECTOR('',#1888,1.);
#1098=VECTOR('',#1891,1.);
#1099=VECTOR('',#1892,1.);
#1100=VECTOR('',#1895,1.);
#1101=VECTOR('',#1900,1.);
#1102=VECTOR('',#1901,1.);
#1103=VECTOR('',#1902,1.);
#1104=VECTOR('',#1905,1.);
#1105=VECTOR('',#1906,1.);
#1106=VECTOR('',#1909,1.);
#1107=VECTOR('',#1910,1.);
#1108=VECTOR('',#1913,1.);
#1109=VECTOR('',#1918,1.);
#1110=VECTOR('',#1919,1.);
#1111=VECTOR('',#1920,1.);
#1112=VECTOR('',#1923,1.);
#1113=VECTOR('',#1924,1.);
#1114=VECTOR('',#1927,1.);
#1115=VECTOR('',#1928,1.);
#1116=VECTOR('',#1931,1.);
#1117=VECTOR('',#1936,1.);
#1118=VECTOR('',#1937,1.);
#1119=VECTOR('',#1938,1.);
#1120=VECTOR('',#1941,1.);
#1121=VECTOR('',#1942,1.);
#1122=VECTOR('',#1945,1.);
#1123=VECTOR('',#1946,1.);
#1124=VECTOR('',#1949,1.);
#1125=VECTOR('',#1990,1.);
#1126=VECTOR('',#1991,1.);
#1127=VECTOR('',#1992,1.);
#1128=VECTOR('',#1995,1.);
#1129=VECTOR('',#1996,1.);
#1130=VECTOR('',#1999,1.);
#1131=VECTOR('',#2000,1.);
#1132=VECTOR('',#2003,1.);
#1133=VECTOR('',#2008,1.);
#1134=VECTOR('',#2009,1.);
#1135=VECTOR('',#2010,1.);
#1136=VECTOR('',#2013,1.);
#1137=VECTOR('',#2014,1.);
#1138=VECTOR('',#2017,1.);
#1139=VECTOR('',#2018,1.);
#1140=VECTOR('',#2021,1.);
#1141=VECTOR('',#2026,1.);
#1142=VECTOR('',#2027,1.);
#1143=VECTOR('',#2028,1.);
#1144=VECTOR('',#2031,1.);
#1145=VECTOR('',#2032,1.);
#1146=VECTOR('',#2035,1.);
#1147=VECTOR('',#2036,1.);
#1148=VECTOR('',#2039,1.);
#1149=VECTOR('',#2052,1.);
#1150=VECTOR('',#2053,1.);
#1151=VECTOR('',#2054,1.);
#1152=VECTOR('',#2057,1.);
#1153=VECTOR('',#2060,1.);
#1154=VECTOR('',#2065,1.);
#1155=VECTOR('',#2066,1.);
#1156=VECTOR('',#2067,1.);
#1157=VECTOR('',#2070,1.);
#1158=VECTOR('',#2073,1.);
#1159=VECTOR('',#2078,1.);
#1160=VECTOR('',#2079,1.);
#1161=VECTOR('',#2080,1.);
#1162=VECTOR('',#2083,1.);
#1163=VECTOR('',#2084,1.);
#1164=VECTOR('',#2085,1.);
#1165=VECTOR('',#2088,1.);
#1166=VECTOR('',#2089,1.);
#1167=VECTOR('',#2092,1.);
#1168=VECTOR('',#2093,1.);
#1169=VECTOR('',#2096,1.);
#1170=VECTOR('',#2101,1.);
#1171=VECTOR('',#2102,1.);
#1172=VECTOR('',#2103,1.);
#1173=VECTOR('',#2106,1.);
#1174=VECTOR('',#2107,1.);
#1175=VECTOR('',#2110,1.);
#1176=VECTOR('',#2111,1.);
#1177=VECTOR('',#2114,1.);
#1178=VECTOR('',#2115,1.);
#1179=VECTOR('',#2118,1.);
#1180=VECTOR('',#2119,1.);
#1181=VECTOR('',#2122,1.);
#1182=VECTOR('',#2123,1.);
#1183=VECTOR('',#2126,1.);
#1184=VECTOR('',#2127,1.);
#1185=VECTOR('',#2130,1.);
#1186=EDGE_LOOP('',(#42,#43,#44,#45,#46,#47,#48,#49));
#1187=EDGE_LOOP('',(#50));
#1188=EDGE_LOOP('',(#51));
#1189=EDGE_LOOP('',(#52));
#1190=EDGE_LOOP('',(#53));
#1191=EDGE_LOOP('',(#54,#55,#56,#57));
#1192=EDGE_LOOP('',(#58,#59,#60,#61));
#1193=EDGE_LOOP('',(#62,#63,#64,#65));
#1194=EDGE_LOOP('',(#66));
#1195=EDGE_LOOP('',(#67));
#1196=EDGE_LOOP('',(#68));
#1197=EDGE_LOOP('',(#69));
#1198=EDGE_LOOP('',(#70));
#1199=EDGE_LOOP('',(#71,#72,#73,#74));
#1200=EDGE_LOOP('',(#75,#76,#77,#78));
#1201=EDGE_LOOP('',(#79,#80,#81,#82));
#1202=EDGE_LOOP('',(#83,#84,#85,#86));
#1203=EDGE_LOOP('',(#87,#88,#89,#90));
#1204=EDGE_LOOP('',(#91,#92,#93,#94));
#1205=EDGE_LOOP('',(#95,#96,#97,#98,#99,#100,#101,#102,#103,#104,#105,#106,
#107,#108,#109,#110,#111,#112));
#1206=EDGE_LOOP('',(#113,#114,#115,#116));
#1207=EDGE_LOOP('',(#117,#118,#119,#120,#121,#122,#123,#124));
#1208=EDGE_LOOP('',(#125,#126,#127,#128,#129,#130,#131,#132,#133,#134,#135,
#136,#137,#138));
#1209=EDGE_LOOP('',(#139,#140,#141,#142));
#1210=EDGE_LOOP('',(#143));
#1211=EDGE_LOOP('',(#144));
#1212=EDGE_LOOP('',(#145));
#1213=EDGE_LOOP('',(#146));
#1214=EDGE_LOOP('',(#147,#148,#149,#150));
#1215=EDGE_LOOP('',(#151,#152,#153,#154));
#1216=EDGE_LOOP('',(#155,#156,#157,#158));
#1217=EDGE_LOOP('',(#159,#160,#161,#162));
#1218=EDGE_LOOP('',(#163,#164,#165,#166));
#1219=EDGE_LOOP('',(#167,#168,#169,#170));
#1220=EDGE_LOOP('',(#171,#172,#173,#174));
#1221=EDGE_LOOP('',(#175,#176,#177,#178));
#1222=EDGE_LOOP('',(#179,#180,#181,#182));
#1223=EDGE_LOOP('',(#183,#184,#185,#186));
#1224=EDGE_LOOP('',(#187,#188,#189,#190));
#1225=EDGE_LOOP('',(#191,#192,#193,#194));
#1226=EDGE_LOOP('',(#195,#196,#197,#198));
#1227=EDGE_LOOP('',(#199,#200,#201,#202));
#1228=EDGE_LOOP('',(#203,#204,#205,#206));
#1229=EDGE_LOOP('',(#207,#208,#209,#210));
#1230=EDGE_LOOP('',(#211,#212,#213,#214));
#1231=EDGE_LOOP('',(#215,#216,#217,#218));
#1232=EDGE_LOOP('',(#219,#220,#221,#222));
#1233=EDGE_LOOP('',(#223,#224,#225,#226));
#1234=EDGE_LOOP('',(#227,#228,#229,#230));
#1235=EDGE_LOOP('',(#231,#232,#233,#234));
#1236=EDGE_LOOP('',(#235,#236,#237,#238));
#1237=EDGE_LOOP('',(#239,#240,#241,#242));
#1238=EDGE_LOOP('',(#243,#244,#245,#246));
#1239=EDGE_LOOP('',(#247,#248,#249,#250));
#1240=EDGE_LOOP('',(#251,#252,#253,#254));
#1241=EDGE_LOOP('',(#255,#256,#257,#258));
#1242=EDGE_LOOP('',(#259,#260,#261,#262));
#1243=EDGE_LOOP('',(#263,#264,#265,#266));
#1244=EDGE_LOOP('',(#267,#268,#269,#270));
#1245=EDGE_LOOP('',(#271));
#1246=EDGE_LOOP('',(#272));
#1247=EDGE_LOOP('',(#273));
#1248=EDGE_LOOP('',(#274));
#1249=EDGE_LOOP('',(#275));
#1250=EDGE_LOOP('',(#276));
#1251=EDGE_LOOP('',(#277,#278,#279,#280));
#1252=EDGE_LOOP('',(#281,#282));
#1253=EDGE_LOOP('',(#283));
#1254=EDGE_LOOP('',(#284));
#1255=EDGE_LOOP('',(#285));
#1256=EDGE_LOOP('',(#286));
#1257=EDGE_LOOP('',(#287));
#1258=EDGE_LOOP('',(#288));
#1259=EDGE_LOOP('',(#289));
#1260=EDGE_LOOP('',(#290));
#1261=EDGE_LOOP('',(#291));
#1262=EDGE_LOOP('',(#292,#293,#294,#295));
#1263=EDGE_LOOP('',(#296,#297,#298,#299));
#1264=EDGE_LOOP('',(#300,#301,#302,#303));
#1265=EDGE_LOOP('',(#304,#305,#306,#307));
#1266=EDGE_LOOP('',(#308,#309,#310,#311));
#1267=EDGE_LOOP('',(#312,#313,#314,#315));
#1268=EDGE_LOOP('',(#316,#317,#318,#319));
#1269=EDGE_LOOP('',(#320,#321,#322,#323));
#1270=EDGE_LOOP('',(#324,#325,#326,#327));
#1271=EDGE_LOOP('',(#328,#329,#330,#331));
#1272=EDGE_LOOP('',(#332,#333,#334,#335));
#1273=EDGE_LOOP('',(#336,#337,#338,#339));
#1274=EDGE_LOOP('',(#340,#341,#342,#343));
#1275=EDGE_LOOP('',(#344,#345,#346,#347));
#1276=EDGE_LOOP('',(#348,#349,#350,#351));
#1277=EDGE_LOOP('',(#352));
#1278=EDGE_LOOP('',(#353));
#1279=EDGE_LOOP('',(#354));
#1280=EDGE_LOOP('',(#355));
#1281=EDGE_LOOP('',(#356));
#1282=EDGE_LOOP('',(#357));
#1283=EDGE_LOOP('',(#358));
#1284=EDGE_LOOP('',(#359));
#1285=EDGE_LOOP('',(#360,#361,#362,#363));
#1286=EDGE_LOOP('',(#364,#365,#366,#367));
#1287=EDGE_LOOP('',(#368,#369,#370,#371));
#1288=EDGE_LOOP('',(#372,#373,#374,#375));
#1289=EDGE_LOOP('',(#376,#377,#378,#379));
#1290=EDGE_LOOP('',(#380,#381,#382,#383));
#1291=EDGE_LOOP('',(#384,#385,#386,#387));
#1292=EDGE_LOOP('',(#388,#389,#390,#391));
#1293=EDGE_LOOP('',(#392,#393,#394,#395));
#1294=EDGE_LOOP('',(#396,#397,#398,#399,#400));
#1295=EDGE_LOOP('',(#401,#402,#403,#404));
#1296=EDGE_LOOP('',(#405,#406,#407,#408,#409));
#1297=EDGE_LOOP('',(#410,#411,#412,#413));
#1298=EDGE_LOOP('',(#414,#415,#416,#417));
#1299=EDGE_LOOP('',(#418,#419,#420,#421));
#1300=EDGE_LOOP('',(#422,#423,#424,#425));
#1301=EDGE_LOOP('',(#426,#427,#428,#429));
#1302=EDGE_LOOP('',(#430,#431,#432,#433));
#1303=EDGE_LOOP('',(#434,#435,#436,#437));
#1304=EDGE_LOOP('',(#438,#439,#440,#441));
#1305=EDGE_LOOP('',(#442,#443,#444,#445));
#1306=EDGE_LOOP('',(#446,#447,#448,#449));
#1307=EDGE_LOOP('',(#450,#451,#452,#453,#454,#455,#456,#457));
#1308=FACE_BOUND('',#1186,.T.);
#1309=FACE_BOUND('',#1187,.T.);
#1310=FACE_BOUND('',#1188,.T.);
#1311=FACE_BOUND('',#1189,.T.);
#1312=FACE_BOUND('',#1190,.T.);
#1313=FACE_BOUND('',#1191,.T.);
#1314=FACE_BOUND('',#1192,.T.);
#1315=FACE_BOUND('',#1193,.T.);
#1316=FACE_BOUND('',#1194,.T.);
#1317=FACE_BOUND('',#1195,.T.);
#1318=FACE_BOUND('',#1196,.T.);
#1319=FACE_BOUND('',#1197,.T.);
#1320=FACE_BOUND('',#1198,.T.);
#1321=FACE_BOUND('',#1199,.T.);
#1322=FACE_BOUND('',#1200,.T.);
#1323=FACE_BOUND('',#1201,.T.);
#1324=FACE_BOUND('',#1202,.T.);
#1325=FACE_BOUND('',#1203,.T.);
#1326=FACE_BOUND('',#1204,.T.);
#1327=FACE_BOUND('',#1205,.T.);
#1328=FACE_BOUND('',#1206,.T.);
#1329=FACE_BOUND('',#1207,.T.);
#1330=FACE_BOUND('',#1208,.T.);
#1331=FACE_BOUND('',#1209,.T.);
#1332=FACE_BOUND('',#1210,.T.);
#1333=FACE_BOUND('',#1211,.T.);
#1334=FACE_BOUND('',#1212,.T.);
#1335=FACE_BOUND('',#1213,.T.);
#1336=FACE_BOUND('',#1214,.T.);
#1337=FACE_BOUND('',#1215,.T.);
#1338=FACE_BOUND('',#1216,.T.);
#1339=FACE_BOUND('',#1217,.T.);
#1340=FACE_BOUND('',#1218,.T.);
#1341=FACE_BOUND('',#1219,.T.);
#1342=FACE_BOUND('',#1220,.T.);
#1343=FACE_BOUND('',#1221,.T.);
#1344=FACE_BOUND('',#1222,.T.);
#1345=FACE_BOUND('',#1223,.T.);
#1346=FACE_BOUND('',#1224,.T.);
#1347=FACE_BOUND('',#1225,.T.);
#1348=FACE_BOUND('',#1226,.T.);
#1349=FACE_BOUND('',#1227,.T.);
#1350=FACE_BOUND('',#1228,.T.);
#1351=FACE_BOUND('',#1229,.T.);
#1352=FACE_BOUND('',#1230,.T.);
#1353=FACE_BOUND('',#1231,.T.);
#1354=FACE_BOUND('',#1232,.T.);
#1355=FACE_BOUND('',#1233,.T.);
#1356=FACE_BOUND('',#1234,.T.);
#1357=FACE_BOUND('',#1235,.T.);
#1358=FACE_BOUND('',#1236,.T.);
#1359=FACE_BOUND('',#1237,.T.);
#1360=FACE_BOUND('',#1238,.T.);
#1361=FACE_BOUND('',#1239,.T.);
#1362=FACE_BOUND('',#1240,.T.);
#1363=FACE_BOUND('',#1241,.T.);
#1364=FACE_BOUND('',#1242,.T.);
#1365=FACE_BOUND('',#1243,.T.);
#1366=FACE_BOUND('',#1244,.T.);
#1367=FACE_BOUND('',#1245,.T.);
#1368=FACE_BOUND('',#1246,.T.);
#1369=FACE_BOUND('',#1247,.T.);
#1370=FACE_BOUND('',#1248,.T.);
#1371=FACE_BOUND('',#1249,.T.);
#1372=FACE_BOUND('',#1250,.T.);
#1373=FACE_BOUND('',#1251,.T.);
#1374=FACE_BOUND('',#1252,.T.);
#1375=FACE_BOUND('',#1253,.T.);
#1376=FACE_BOUND('',#1254,.T.);
#1377=FACE_BOUND('',#1255,.T.);
#1378=FACE_BOUND('',#1256,.T.);
#1379=FACE_BOUND('',#1257,.T.);
#1380=FACE_BOUND('',#1258,.T.);
#1381=FACE_BOUND('',#1259,.T.);
#1382=FACE_BOUND('',#1260,.T.);
#1383=FACE_BOUND('',#1261,.T.);
#1384=FACE_BOUND('',#1262,.T.);
#1385=FACE_BOUND('',#1263,.T.);
#1386=FACE_BOUND('',#1264,.T.);
#1387=FACE_BOUND('',#1265,.T.);
#1388=FACE_BOUND('',#1266,.T.);
#1389=FACE_BOUND('',#1267,.T.);
#1390=FACE_BOUND('',#1268,.T.);
#1391=FACE_BOUND('',#1269,.T.);
#1392=FACE_BOUND('',#1270,.T.);
#1393=FACE_BOUND('',#1271,.T.);
#1394=FACE_BOUND('',#1272,.T.);
#1395=FACE_BOUND('',#1273,.T.);
#1396=FACE_BOUND('',#1274,.T.);
#1397=FACE_BOUND('',#1275,.T.);
#1398=FACE_BOUND('',#1276,.T.);
#1399=FACE_BOUND('',#1277,.T.);
#1400=FACE_BOUND('',#1278,.T.);
#1401=FACE_BOUND('',#1279,.T.);
#1402=FACE_BOUND('',#1280,.T.);
#1403=FACE_BOUND('',#1281,.T.);
#1404=FACE_BOUND('',#1282,.T.);
#1405=FACE_BOUND('',#1283,.T.);
#1406=FACE_BOUND('',#1284,.T.);
#1407=FACE_BOUND('',#1285,.T.);
#1408=FACE_BOUND('',#1286,.T.);
#1409=FACE_BOUND('',#1287,.T.);
#1410=FACE_BOUND('',#1288,.T.);
#1411=FACE_BOUND('',#1289,.T.);
#1412=FACE_BOUND('',#1290,.T.);
#1413=FACE_BOUND('',#1291,.T.);
#1414=FACE_BOUND('',#1292,.T.);
#1415=FACE_BOUND('',#1293,.T.);
#1416=FACE_BOUND('',#1294,.T.);
#1417=FACE_BOUND('',#1295,.T.);
#1418=FACE_BOUND('',#1296,.T.);
#1419=FACE_BOUND('',#1297,.T.);
#1420=FACE_BOUND('',#1298,.T.);
#1421=FACE_BOUND('',#1299,.T.);
#1422=FACE_BOUND('',#1300,.T.);
#1423=FACE_BOUND('',#1301,.T.);
#1424=FACE_BOUND('',#1302,.T.);
#1425=FACE_BOUND('',#1303,.T.);
#1426=FACE_BOUND('',#1304,.T.);
#1427=FACE_BOUND('',#1305,.T.);
#1428=FACE_BOUND('',#1306,.T.);
#1429=FACE_BOUND('',#1307,.T.);
#1430=PLANE('',#1613);
#1431=PLANE('',#1624);
#1432=PLANE('',#1625);
#1433=PLANE('',#1626);
#1434=PLANE('',#1627);
#1435=PLANE('',#1628);
#1436=PLANE('',#1633);
#1437=PLANE('',#1634);
#1438=PLANE('',#1635);
#1439=PLANE('',#1636);
#1440=PLANE('',#1637);
#1441=PLANE('',#1638);
#1442=PLANE('',#1639);
#1443=PLANE('',#1640);
#1444=PLANE('',#1641);
#1445=PLANE('',#1642);
#1446=PLANE('',#1643);
#1447=PLANE('',#1644);
#1448=PLANE('',#1645);
#1449=PLANE('',#1646);
#1450=PLANE('',#1647);
#1451=PLANE('',#1648);
#1452=PLANE('',#1649);
#1453=PLANE('',#1650);
#1454=PLANE('',#1651);
#1455=PLANE('',#1652);
#1456=PLANE('',#1653);
#1457=PLANE('',#1654);
#1458=PLANE('',#1655);
#1459=PLANE('',#1656);
#1460=PLANE('',#1657);
#1461=PLANE('',#1658);
#1462=PLANE('',#1659);
#1463=PLANE('',#1660);
#1464=PLANE('',#1661);
#1465=PLANE('',#1662);
#1466=PLANE('',#1665);
#1467=PLANE('',#1668);
#1468=PLANE('',#1671);
#1469=PLANE('',#1674);
#1470=PLANE('',#1677);
#1471=PLANE('',#1680);
#1472=PLANE('',#1681);
#1473=PLANE('',#1682);
#1474=PLANE('',#1683);
#1475=PLANE('',#1684);
#1476=PLANE('',#1685);
#1477=PLANE('',#1686);
#1478=PLANE('',#1687);
#1479=PLANE('',#1688);
#1480=PLANE('',#1689);
#1481=PLANE('',#1690);
#1482=PLANE('',#1691);
#1483=PLANE('',#1692);
#1484=PLANE('',#1693);
#1485=PLANE('',#1694);
#1486=PLANE('',#1695);
#1487=PLANE('',#1700);
#1488=PLANE('',#1701);
#1489=PLANE('',#1702);
#1490=PLANE('',#1703);
#1491=PLANE('',#1704);
#1492=PLANE('',#1705);
#1493=PLANE('',#1706);
#1494=PLANE('',#1707);
#1495=PLANE('',#1708);
#1496=PLANE('',#1709);
#1497=PLANE('',#1710);
#1498=PLANE('',#1711);
#1499=PLANE('',#1712);
#1500=PLANE('',#1713);
#1501=PLANE('',#1714);
#1502=PLANE('',#1715);
#1503=PLANE('',#1716);
#1504=PLANE('',#1717);
#1505=PLANE('',#1718);
#1506=PLANE('',#1719);
#1507=PLANE('',#1720);
#1508=PLANE('',#1721);
#1509=PLANE('',#1722);
#1510=ADVANCED_FACE('',(#1308,#1309,#1310,#1311,#1312,#1313,#1314,#1315,
#1316,#1317,#1318,#1319,#1320,#1321,#1322,#1323,#1324,#1325,#1326,#1327),
#1430,.T.);
#1511=ADVANCED_FACE('',(#1328),#1431,.T.);
#1512=ADVANCED_FACE('',(#1329),#1432,.F.);
#1513=ADVANCED_FACE('',(#1330),#1433,.F.);
#1514=ADVANCED_FACE('',(#1331),#1434,.T.);
#1515=ADVANCED_FACE('',(#1332,#1333,#1334,#1335,#1336),#1435,.F.);
#1516=ADVANCED_FACE('',(#1337),#1436,.T.);
#1517=ADVANCED_FACE('',(#1338),#1437,.F.);
#1518=ADVANCED_FACE('',(#1339),#1438,.F.);
#1519=ADVANCED_FACE('',(#1340),#1439,.T.);
#1520=ADVANCED_FACE('',(#1341),#1440,.T.);
#1521=ADVANCED_FACE('',(#1342),#1441,.T.);
#1522=ADVANCED_FACE('',(#1343),#1442,.F.);
#1523=ADVANCED_FACE('',(#1344),#1443,.F.);
#1524=ADVANCED_FACE('',(#1345),#1444,.T.);
#1525=ADVANCED_FACE('',(#1346),#1445,.T.);
#1526=ADVANCED_FACE('',(#1347),#1446,.T.);
#1527=ADVANCED_FACE('',(#1348),#1447,.F.);
#1528=ADVANCED_FACE('',(#1349),#1448,.F.);
#1529=ADVANCED_FACE('',(#1350),#1449,.T.);
#1530=ADVANCED_FACE('',(#1351),#1450,.T.);
#1531=ADVANCED_FACE('',(#1352),#1451,.T.);
#1532=ADVANCED_FACE('',(#1353),#1452,.F.);
#1533=ADVANCED_FACE('',(#1354),#1453,.F.);
#1534=ADVANCED_FACE('',(#1355),#1454,.T.);
#1535=ADVANCED_FACE('',(#1356),#1455,.T.);
#1536=ADVANCED_FACE('',(#1357),#1456,.T.);
#1537=ADVANCED_FACE('',(#1358),#1457,.F.);
#1538=ADVANCED_FACE('',(#1359),#1458,.F.);
#1539=ADVANCED_FACE('',(#1360),#1459,.T.);
#1540=ADVANCED_FACE('',(#1361),#1460,.T.);
#1541=ADVANCED_FACE('',(#1362),#1461,.T.);
#1542=ADVANCED_FACE('',(#1363),#1462,.F.);
#1543=ADVANCED_FACE('',(#1364),#1463,.F.);
#1544=ADVANCED_FACE('',(#1365),#1464,.T.);
#1545=ADVANCED_FACE('',(#1366),#1465,.T.);
#1546=ADVANCED_FACE('',(#1367,#1368),#12,.T.);
#1547=ADVANCED_FACE('',(#1369),#1466,.T.);
#1548=ADVANCED_FACE('',(#1370,#1371),#13,.T.);
#1549=ADVANCED_FACE('',(#1372),#1467,.T.);
#1550=ADVANCED_FACE('',(#1373),#14,.T.);
#1551=ADVANCED_FACE('',(#1374),#1468,.T.);
#1552=ADVANCED_FACE('',(#1375,#1376),#15,.T.);
#1553=ADVANCED_FACE('',(#1377),#1469,.T.);
#1554=ADVANCED_FACE('',(#1378,#1379),#16,.T.);
#1555=ADVANCED_FACE('',(#1380),#1470,.T.);
#1556=ADVANCED_FACE('',(#1381,#1382),#17,.T.);
#1557=ADVANCED_FACE('',(#1383),#1471,.T.);
#1558=ADVANCED_FACE('',(#1384),#1472,.T.);
#1559=ADVANCED_FACE('',(#1385),#1473,.F.);
#1560=ADVANCED_FACE('',(#1386),#1474,.F.);
#1561=ADVANCED_FACE('',(#1387),#1475,.T.);
#1562=ADVANCED_FACE('',(#1388),#1476,.T.);
#1563=ADVANCED_FACE('',(#1389),#1477,.T.);
#1564=ADVANCED_FACE('',(#1390),#1478,.F.);
#1565=ADVANCED_FACE('',(#1391),#1479,.F.);
#1566=ADVANCED_FACE('',(#1392),#1480,.T.);
#1567=ADVANCED_FACE('',(#1393),#1481,.T.);
#1568=ADVANCED_FACE('',(#1394),#1482,.T.);
#1569=ADVANCED_FACE('',(#1395),#1483,.F.);
#1570=ADVANCED_FACE('',(#1396),#1484,.F.);
#1571=ADVANCED_FACE('',(#1397),#1485,.T.);
#1572=ADVANCED_FACE('',(#1398),#1486,.T.);
#1573=ADVANCED_FACE('',(#1399,#1400),#18,.F.);
#1574=ADVANCED_FACE('',(#1401,#1402),#19,.F.);
#1575=ADVANCED_FACE('',(#1403,#1404),#20,.F.);
#1576=ADVANCED_FACE('',(#1405,#1406),#21,.F.);
#1577=ADVANCED_FACE('',(#1407),#1487,.T.);
#1578=ADVANCED_FACE('',(#1408),#1488,.F.);
#1579=ADVANCED_FACE('',(#1409),#1489,.T.);
#1580=ADVANCED_FACE('',(#1410),#1490,.T.);
#1581=ADVANCED_FACE('',(#1411),#1491,.T.);
#1582=ADVANCED_FACE('',(#1412),#1492,.F.);
#1583=ADVANCED_FACE('',(#1413),#1493,.T.);
#1584=ADVANCED_FACE('',(#1414),#1494,.T.);
#1585=ADVANCED_FACE('',(#1415),#1495,.F.);
#1586=ADVANCED_FACE('',(#1416),#1496,.T.);
#1587=ADVANCED_FACE('',(#1417),#1497,.T.);
#1588=ADVANCED_FACE('',(#1418),#1498,.F.);
#1589=ADVANCED_FACE('',(#1419),#1499,.F.);
#1590=ADVANCED_FACE('',(#1420),#1500,.T.);
#1591=ADVANCED_FACE('',(#1421),#1501,.T.);
#1592=ADVANCED_FACE('',(#1422),#1502,.T.);
#1593=ADVANCED_FACE('',(#1423),#1503,.T.);
#1594=ADVANCED_FACE('',(#1424),#1504,.F.);
#1595=ADVANCED_FACE('',(#1425),#1505,.F.);
#1596=ADVANCED_FACE('',(#1426),#1506,.T.);
#1597=ADVANCED_FACE('',(#1427),#1507,.F.);
#1598=ADVANCED_FACE('',(#1428),#1508,.F.);
#1599=ADVANCED_FACE('',(#1429),#1509,.T.);
#1600=CLOSED_SHELL('',(#1510,#1511,#1512,#1513,#1514,#1515,#1516,#1517,
#1518,#1519,#1520,#1521,#1522,#1523,#1524,#1525,#1526,#1527,#1528,#1529,
#1530,#1531,#1532,#1533,#1534,#1535,#1536,#1537,#1538,#1539,#1540,#1541,
#1542,#1543,#1544,#1545,#1546,#1547,#1548,#1549,#1550,#1551,#1552,#1553,
#1554,#1555,#1556,#1557,#1558,#1559,#1560,#1561,#1562,#1563,#1564,#1565,
#1566,#1567,#1568,#1569,#1570,#1571,#1572,#1573,#1574,#1575,#1576,#1577,
#1578,#1579,#1580,#1581,#1582,#1583,#1584,#1585,#1586,#1587,#1588,#1589,
#1590,#1591,#1592,#1593,#1594,#1595,#1596,#1597,#1598,#1599));
#1601=STYLED_ITEM('',(#1602),#1609);
#1602=PRESENTATION_STYLE_ASSIGNMENT((#1603));
#1603=SURFACE_STYLE_USAGE(.BOTH.,#1604);
#1604=SURFACE_SIDE_STYLE('',(#1605));
#1605=SURFACE_STYLE_FILL_AREA(#1606);
#1606=FILL_AREA_STYLE('',(#1607));
#1607=FILL_AREA_STYLE_COLOUR('',#1608);
#1608=COLOUR_RGB('',0.615686274509804,0.811764705882353,0.929411764705882);
#1609=MANIFOLD_SOLID_BREP('Part 1',#1600);
#1610=SHAPE_DEFINITION_REPRESENTATION(#2582,#1611);
#1611=SHAPE_REPRESENTATION('Part 1',(#1612),#2577);
#1612=AXIS2_PLACEMENT_3D('',#2133,#1723,#1724);
#1613=AXIS2_PLACEMENT_3D('',#2134,#1725,#1726);
#1614=AXIS2_PLACEMENT_3D('',#2151,#1735,#1736);
#1615=AXIS2_PLACEMENT_3D('',#2153,#1737,#1738);
#1616=AXIS2_PLACEMENT_3D('',#2155,#1739,#1740);
#1617=AXIS2_PLACEMENT_3D('',#2157,#1741,#1742);
#1618=AXIS2_PLACEMENT_3D('',#2183,#1755,#1756);
#1619=AXIS2_PLACEMENT_3D('',#2185,#1757,#1758);
#1620=AXIS2_PLACEMENT_3D('',#2187,#1759,#1760);
#1621=AXIS2_PLACEMENT_3D('',#2189,#1761,#1762);
#1622=AXIS2_PLACEMENT_3D('',#2191,#1763,#1764);
#1623=AXIS2_PLACEMENT_3D('',#2266,#1801,#1802);
#1624=AXIS2_PLACEMENT_3D('',#2277,#1808,#1809);
#1625=AXIS2_PLACEMENT_3D('',#2283,#1813,#1814);
#1626=AXIS2_PLACEMENT_3D('',#2292,#1820,#1821);
#1627=AXIS2_PLACEMENT_3D('',#2307,#1831,#1832);
#1628=AXIS2_PLACEMENT_3D('',#2309,#1834,#1835);
#1629=AXIS2_PLACEMENT_3D('',#2310,#1836,#1837);
#1630=AXIS2_PLACEMENT_3D('',#2312,#1838,#1839);
#1631=AXIS2_PLACEMENT_3D('',#2314,#1840,#1841);
#1632=AXIS2_PLACEMENT_3D('',#2316,#1842,#1843);
#1633=AXIS2_PLACEMENT_3D('',#2318,#1844,#1845);
#1634=AXIS2_PLACEMENT_3D('',#2324,#1849,#1850);
#1635=AXIS2_PLACEMENT_3D('',#2328,#1853,#1854);
#1636=AXIS2_PLACEMENT_3D('',#2332,#1857,#1858);
#1637=AXIS2_PLACEMENT_3D('',#2334,#1860,#1861);
#1638=AXIS2_PLACEMENT_3D('',#2335,#1862,#1863);
#1639=AXIS2_PLACEMENT_3D('',#2341,#1867,#1868);
#1640=AXIS2_PLACEMENT_3D('',#2345,#1871,#1872);
#1641=AXIS2_PLACEMENT_3D('',#2349,#1875,#1876);
#1642=AXIS2_PLACEMENT_3D('',#2351,#1878,#1879);
#1643=AXIS2_PLACEMENT_3D('',#2352,#1880,#1881);
#1644=AXIS2_PLACEMENT_3D('',#2358,#1885,#1886);
#1645=AXIS2_PLACEMENT_3D('',#2362,#1889,#1890);
#1646=AXIS2_PLACEMENT_3D('',#2366,#1893,#1894);
#1647=AXIS2_PLACEMENT_3D('',#2368,#1896,#1897);
#1648=AXIS2_PLACEMENT_3D('',#2369,#1898,#1899);
#1649=AXIS2_PLACEMENT_3D('',#2375,#1903,#1904);
#1650=AXIS2_PLACEMENT_3D('',#2379,#1907,#1908);
#1651=AXIS2_PLACEMENT_3D('',#2383,#1911,#1912);
#1652=AXIS2_PLACEMENT_3D('',#2385,#1914,#1915);
#1653=AXIS2_PLACEMENT_3D('',#2386,#1916,#1917);
#1654=AXIS2_PLACEMENT_3D('',#2392,#1921,#1922);
#1655=AXIS2_PLACEMENT_3D('',#2396,#1925,#1926);
#1656=AXIS2_PLACEMENT_3D('',#2400,#1929,#1930);
#1657=AXIS2_PLACEMENT_3D('',#2402,#1932,#1933);
#1658=AXIS2_PLACEMENT_3D('',#2403,#1934,#1935);
#1659=AXIS2_PLACEMENT_3D('',#2409,#1939,#1940);
#1660=AXIS2_PLACEMENT_3D('',#2413,#1943,#1944);
#1661=AXIS2_PLACEMENT_3D('',#2417,#1947,#1948);
#1662=AXIS2_PLACEMENT_3D('',#2419,#1950,#1951);
#1663=AXIS2_PLACEMENT_3D('',#2420,#1952,#1953);
#1664=AXIS2_PLACEMENT_3D('',#2421,#1954,#1955);
#1665=AXIS2_PLACEMENT_3D('',#2423,#1956,#1957);
#1666=AXIS2_PLACEMENT_3D('',#2424,#1958,#1959);
#1667=AXIS2_PLACEMENT_3D('',#2425,#1960,#1961);
#1668=AXIS2_PLACEMENT_3D('',#2427,#1962,#1963);
#1669=AXIS2_PLACEMENT_3D('',#2428,#1964,#1965);
#1670=AXIS2_PLACEMENT_3D('',#2429,#1966,#1967);
#1671=AXIS2_PLACEMENT_3D('',#2430,#1968,#1969);
#1672=AXIS2_PLACEMENT_3D('',#2431,#1970,#1971);
#1673=AXIS2_PLACEMENT_3D('',#2432,#1972,#1973);
#1674=AXIS2_PLACEMENT_3D('',#2434,#1974,#1975);
#1675=AXIS2_PLACEMENT_3D('',#2435,#1976,#1977);
#1676=AXIS2_PLACEMENT_3D('',#2436,#1978,#1979);
#1677=AXIS2_PLACEMENT_3D('',#2438,#1980,#1981);
#1678=AXIS2_PLACEMENT_3D('',#2439,#1982,#1983);
#1679=AXIS2_PLACEMENT_3D('',#2440,#1984,#1985);
#1680=AXIS2_PLACEMENT_3D('',#2442,#1986,#1987);
#1681=AXIS2_PLACEMENT_3D('',#2443,#1988,#1989);
#1682=AXIS2_PLACEMENT_3D('',#2449,#1993,#1994);
#1683=AXIS2_PLACEMENT_3D('',#2453,#1997,#1998);
#1684=AXIS2_PLACEMENT_3D('',#2457,#2001,#2002);
#1685=AXIS2_PLACEMENT_3D('',#2459,#2004,#2005);
#1686=AXIS2_PLACEMENT_3D('',#2460,#2006,#2007);
#1687=AXIS2_PLACEMENT_3D('',#2466,#2011,#2012);
#1688=AXIS2_PLACEMENT_3D('',#2470,#2015,#2016);
#1689=AXIS2_PLACEMENT_3D('',#2474,#2019,#2020);
#1690=AXIS2_PLACEMENT_3D('',#2476,#2022,#2023);
#1691=AXIS2_PLACEMENT_3D('',#2477,#2024,#2025);
#1692=AXIS2_PLACEMENT_3D('',#2483,#2029,#2030);
#1693=AXIS2_PLACEMENT_3D('',#2487,#2033,#2034);
#1694=AXIS2_PLACEMENT_3D('',#2491,#2037,#2038);
#1695=AXIS2_PLACEMENT_3D('',#2493,#2040,#2041);
#1696=AXIS2_PLACEMENT_3D('',#2494,#2042,#2043);
#1697=AXIS2_PLACEMENT_3D('',#2495,#2044,#2045);
#1698=AXIS2_PLACEMENT_3D('',#2496,#2046,#2047);
#1699=AXIS2_PLACEMENT_3D('',#2497,#2048,#2049);
#1700=AXIS2_PLACEMENT_3D('',#2498,#2050,#2051);
#1701=AXIS2_PLACEMENT_3D('',#2504,#2055,#2056);
#1702=AXIS2_PLACEMENT_3D('',#2506,#2058,#2059);
#1703=AXIS2_PLACEMENT_3D('',#2508,#2061,#2062);
#1704=AXIS2_PLACEMENT_3D('',#2509,#2063,#2064);
#1705=AXIS2_PLACEMENT_3D('',#2515,#2068,#2069);
#1706=AXIS2_PLACEMENT_3D('',#2517,#2071,#2072);
#1707=AXIS2_PLACEMENT_3D('',#2519,#2074,#2075);
#1708=AXIS2_PLACEMENT_3D('',#2520,#2076,#2077);
#1709=AXIS2_PLACEMENT_3D('',#2526,#2081,#2082);
#1710=AXIS2_PLACEMENT_3D('',#2532,#2086,#2087);
#1711=AXIS2_PLACEMENT_3D('',#2536,#2090,#2091);
#1712=AXIS2_PLACEMENT_3D('',#2540,#2094,#2095);
#1713=AXIS2_PLACEMENT_3D('',#2542,#2097,#2098);
#1714=AXIS2_PLACEMENT_3D('',#2543,#2099,#2100);
#1715=AXIS2_PLACEMENT_3D('',#2549,#2104,#2105);
#1716=AXIS2_PLACEMENT_3D('',#2553,#2108,#2109);
#1717=AXIS2_PLACEMENT_3D('',#2557,#2112,#2113);
#1718=AXIS2_PLACEMENT_3D('',#2561,#2116,#2117);
#1719=AXIS2_PLACEMENT_3D('',#2565,#2120,#2121);
#1720=AXIS2_PLACEMENT_3D('',#2569,#2124,#2125);
#1721=AXIS2_PLACEMENT_3D('',#2573,#2128,#2129);
#1722=AXIS2_PLACEMENT_3D('',#2575,#2131,#2132);
#1723=DIRECTION('',(0.,0.,1.));
#1724=DIRECTION('',(1.,0.,0.));
#1725=DIRECTION('',(0.,0.,1.));
#1726=DIRECTION('',(1.,0.,0.));
#1727=DIRECTION('',(1.,0.,0.));
#1728=DIRECTION('',(0.,1.,0.));
#1729=DIRECTION('',(1.,0.,0.));
#1730=DIRECTION('',(0.,-1.,0.));
#1731=DIRECTION('',(1.,0.,0.));
#1732=DIRECTION('',(0.,-1.,0.));
#1733=DIRECTION('',(1.,0.,0.));
#1734=DIRECTION('',(0.,-1.,0.));
#1735=DIRECTION('',(0.,0.,1.));
#1736=DIRECTION('',(1.,0.,0.));
#1737=DIRECTION('',(0.,0.,1.));
#1738=DIRECTION('',(1.,0.,0.));
#1739=DIRECTION('',(0.,0.,1.));
#1740=DIRECTION('',(1.,0.,0.));
#1741=DIRECTION('',(0.,0.,1.));
#1742=DIRECTION('',(1.,0.,0.));
#1743=DIRECTION('',(1.,0.,0.));
#1744=DIRECTION('',(0.,-1.,0.));
#1745=DIRECTION('',(1.,0.,0.));
#1746=DIRECTION('',(0.,-1.,0.));
#1747=DIRECTION('',(1.,0.,0.));
#1748=DIRECTION('',(0.,-1.,0.));
#1749=DIRECTION('',(1.,0.,0.));
#1750=DIRECTION('',(0.,-1.,0.));
#1751=DIRECTION('',(1.,0.,0.));
#1752=DIRECTION('',(0.,-1.,0.));
#1753=DIRECTION('',(1.,0.,0.));
#1754=DIRECTION('',(0.,-1.,0.));
#1755=DIRECTION('',(0.,0.,1.));
#1756=DIRECTION('',(1.,0.,0.));
#1757=DIRECTION('',(0.,0.,1.));
#1758=DIRECTION('',(1.,0.,0.));
#1759=DIRECTION('',(0.,0.,1.));
#1760=DIRECTION('',(1.,0.,0.));
#1761=DIRECTION('',(0.,0.,1.));
#1762=DIRECTION('',(1.,0.,0.));
#1763=DIRECTION('',(0.,0.,1.));
#1764=DIRECTION('',(1.,0.,0.));
#1765=DIRECTION('',(0.,-1.,0.));
#1766=DIRECTION('',(1.,0.,0.));
#1767=DIRECTION('',(0.,-1.,0.));
#1768=DIRECTION('',(1.,0.,0.));
#1769=DIRECTION('',(0.,-1.,0.));
#1770=DIRECTION('',(1.,0.,0.));
#1771=DIRECTION('',(0.,-1.,0.));
#1772=DIRECTION('',(1.,0.,0.));
#1773=DIRECTION('',(0.,-1.,0.));
#1774=DIRECTION('',(1.,0.,0.));
#1775=DIRECTION('',(0.,-1.,0.));
#1776=DIRECTION('',(1.,0.,0.));
#1777=DIRECTION('',(0.,-1.,0.));
#1778=DIRECTION('',(1.,0.,0.));
#1779=DIRECTION('',(0.,-1.,0.));
#1780=DIRECTION('',(1.,0.,0.));
#1781=DIRECTION('',(0.,-1.,0.));
#1782=DIRECTION('',(1.,0.,0.));
#1783=DIRECTION('',(0.,-1.,0.));
#1784=DIRECTION('',(1.,0.,0.));
#1785=DIRECTION('',(0.,-1.,0.));
#1786=DIRECTION('',(1.,0.,0.));
#1787=DIRECTION('',(0.,-1.,0.));
#1788=DIRECTION('',(1.,0.,0.));
#1789=DIRECTION('',(1.,0.,0.));
#1790=DIRECTION('',(0.,1.,0.));
#1791=DIRECTION('',(-1.,0.,0.));
#1792=DIRECTION('',(0.,1.,0.));
#1793=DIRECTION('',(1.,0.,0.));
#1794=DIRECTION('',(0.,-1.,0.));
#1795=DIRECTION('',(1.,0.,0.));
#1796=DIRECTION('',(0.,-1.,0.));
#1797=DIRECTION('',(1.,0.,0.));
#1798=DIRECTION('',(0.,-1.,0.));
#1799=DIRECTION('',(1.,0.,0.));
#1800=DIRECTION('',(0.,-1.,0.));
#1801=DIRECTION('',(0.,0.,1.));
#1802=DIRECTION('',(1.,0.,0.));
#1803=DIRECTION('',(0.,-1.,0.));
#1804=DIRECTION('',(1.,0.,0.));
#1805=DIRECTION('',(0.,-1.,0.));
#1806=DIRECTION('',(1.,0.,0.));
#1807=DIRECTION('',(0.,-1.,0.));
#1808=DIRECTION('',(0.,1.,0.));
#1809=DIRECTION('',(0.,0.,1.));
#1810=DIRECTION('',(1.,0.,0.));
#1811=DIRECTION('',(0.,0.,-1.));
#1812=DIRECTION('',(0.,0.,-1.));
#1813=DIRECTION('',(1.,0.,0.));
#1814=DIRECTION('',(0.,0.,-1.));
#1815=DIRECTION('',(0.,-1.,0.));
#1816=DIRECTION('',(0.,0.,-1.));
#1817=DIRECTION('',(0.,0.,-1.));
#1818=DIRECTION('',(0.,-1.,0.));
#1819=DIRECTION('',(0.,0.,-1.));
#1820=DIRECTION('',(0.,1.,0.));
#1821=DIRECTION('',(0.,0.,1.));
#1822=DIRECTION('',(1.,0.,0.));
#1823=DIRECTION('',(0.,0.,-1.));
#1824=DIRECTION('',(0.,0.,-1.));
#1825=DIRECTION('',(1.,0.,0.));
#1826=DIRECTION('',(0.,0.,-1.));
#1827=DIRECTION('',(1.,0.,0.));
#1828=DIRECTION('',(0.,0.,-1.));
#1829=DIRECTION('',(1.,0.,0.));
#1830=DIRECTION('',(0.,0.,-1.));
#1831=DIRECTION('',(1.,0.,0.));
#1832=DIRECTION('',(0.,0.,-1.));
#1833=DIRECTION('',(0.,-1.,0.));
#1834=DIRECTION('',(0.,0.,1.));
#1835=DIRECTION('',(1.,0.,0.));
#1836=DIRECTION('',(0.,0.,1.));
#1837=DIRECTION('',(1.,0.,0.));
#1838=DIRECTION('',(0.,0.,1.));
#1839=DIRECTION('',(1.,0.,0.));
#1840=DIRECTION('',(0.,0.,1.));
#1841=DIRECTION('',(1.,0.,0.));
#1842=DIRECTION('',(0.,0.,1.));
#1843=DIRECTION('',(1.,0.,0.));
#1844=DIRECTION('',(0.,1.,0.));
#1845=DIRECTION('',(0.,0.,1.));
#1846=DIRECTION('',(0.,0.,-1.));
#1847=DIRECTION('',(1.,0.,0.));
#1848=DIRECTION('',(0.,0.,-1.));
#1849=DIRECTION('',(1.,0.,0.));
#1850=DIRECTION('',(0.,0.,-1.));
#1851=DIRECTION('',(0.,0.,-1.));
#1852=DIRECTION('',(0.,-1.,0.));
#1853=DIRECTION('',(0.,1.,0.));
#1854=DIRECTION('',(0.,0.,1.));
#1855=DIRECTION('',(0.,0.,-1.));
#1856=DIRECTION('',(1.,0.,0.));
#1857=DIRECTION('',(1.,0.,0.));
#1858=DIRECTION('',(0.,0.,-1.));
#1859=DIRECTION('',(0.,-1.,0.));
#1860=DIRECTION('',(0.,0.,1.));
#1861=DIRECTION('',(1.,0.,0.));
#1862=DIRECTION('',(0.,1.,0.));
#1863=DIRECTION('',(0.,0.,1.));
#1864=DIRECTION('',(0.,0.,-1.));
#1865=DIRECTION('',(1.,0.,0.));
#1866=DIRECTION('',(0.,0.,-1.));
#1867=DIRECTION('',(1.,0.,0.));
#1868=DIRECTION('',(0.,0.,-1.));
#1869=DIRECTION('',(0.,0.,-1.));
#1870=DIRECTION('',(0.,-1.,0.));
#1871=DIRECTION('',(0.,1.,0.));
#1872=DIRECTION('',(0.,0.,1.));
#1873=DIRECTION('',(0.,0.,-1.));
#1874=DIRECTION('',(1.,0.,0.));
#1875=DIRECTION('',(1.,0.,0.));
#1876=DIRECTION('',(0.,0.,-1.));
#1877=DIRECTION('',(0.,-1.,0.));
#1878=DIRECTION('',(0.,0.,1.));
#1879=DIRECTION('',(1.,0.,0.));
#1880=DIRECTION('',(0.,1.,0.));
#1881=DIRECTION('',(0.,0.,1.));
#1882=DIRECTION('',(0.,0.,-1.));
#1883=DIRECTION('',(1.,0.,0.));
#1884=DIRECTION('',(0.,0.,-1.));
#1885=DIRECTION('',(1.,0.,0.));
#1886=DIRECTION('',(0.,0.,-1.));
#1887=DIRECTION('',(0.,0.,-1.));
#1888=DIRECTION('',(0.,-1.,0.));
#1889=DIRECTION('',(0.,1.,0.));
#1890=DIRECTION('',(0.,0.,1.));
#1891=DIRECTION('',(0.,0.,-1.));
#1892=DIRECTION('',(1.,0.,0.));
#1893=DIRECTION('',(1.,0.,0.));
#1894=DIRECTION('',(0.,0.,-1.));
#1895=DIRECTION('',(0.,-1.,0.));
#1896=DIRECTION('',(0.,0.,1.));
#1897=DIRECTION('',(1.,0.,0.));
#1898=DIRECTION('',(0.,1.,0.));
#1899=DIRECTION('',(0.,0.,1.));
#1900=DIRECTION('',(0.,0.,-1.));
#1901=DIRECTION('',(1.,0.,0.));
#1902=DIRECTION('',(0.,0.,-1.));
#1903=DIRECTION('',(1.,0.,0.));
#1904=DIRECTION('',(0.,0.,-1.));
#1905=DIRECTION('',(0.,0.,-1.));
#1906=DIRECTION('',(0.,-1.,0.));
#1907=DIRECTION('',(0.,1.,0.));
#1908=DIRECTION('',(0.,0.,1.));
#1909=DIRECTION('',(0.,0.,-1.));
#1910=DIRECTION('',(1.,0.,0.));
#1911=DIRECTION('',(1.,0.,0.));
#1912=DIRECTION('',(0.,0.,-1.));
#1913=DIRECTION('',(0.,-1.,0.));
#1914=DIRECTION('',(0.,0.,1.));
#1915=DIRECTION('',(1.,0.,0.));
#1916=DIRECTION('',(0.,1.,0.));
#1917=DIRECTION('',(0.,0.,1.));
#1918=DIRECTION('',(0.,0.,-1.));
#1919=DIRECTION('',(1.,0.,0.));
#1920=DIRECTION('',(0.,0.,-1.));
#1921=DIRECTION('',(1.,0.,0.));
#1922=DIRECTION('',(0.,0.,-1.));
#1923=DIRECTION('',(0.,0.,-1.));
#1924=DIRECTION('',(0.,-1.,0.));
#1925=DIRECTION('',(0.,1.,0.));
#1926=DIRECTION('',(0.,0.,1.));
#1927=DIRECTION('',(0.,0.,-1.));
#1928=DIRECTION('',(1.,0.,0.));
#1929=DIRECTION('',(1.,0.,0.));
#1930=DIRECTION('',(0.,0.,-1.));
#1931=DIRECTION('',(0.,-1.,0.));
#1932=DIRECTION('',(0.,0.,1.));
#1933=DIRECTION('',(1.,0.,0.));
#1934=DIRECTION('',(0.,1.,0.));
#1935=DIRECTION('',(0.,0.,1.));
#1936=DIRECTION('',(0.,0.,-1.));
#1937=DIRECTION('',(1.,0.,0.));
#1938=DIRECTION('',(0.,0.,-1.));
#1939=DIRECTION('',(1.,0.,0.));
#1940=DIRECTION('',(0.,0.,-1.));
#1941=DIRECTION('',(0.,0.,-1.));
#1942=DIRECTION('',(0.,-1.,0.));
#1943=DIRECTION('',(0.,1.,0.));
#1944=DIRECTION('',(0.,0.,1.));
#1945=DIRECTION('',(0.,0.,-1.));
#1946=DIRECTION('',(1.,0.,0.));
#1947=DIRECTION('',(1.,0.,0.));
#1948=DIRECTION('',(0.,0.,-1.));
#1949=DIRECTION('',(0.,-1.,0.));
#1950=DIRECTION('',(0.,0.,1.));
#1951=DIRECTION('',(1.,0.,0.));
#1952=DIRECTION('',(0.,0.,-1.));
#1953=DIRECTION('',(-1.,0.,0.));
#1954=DIRECTION('',(0.,0.,1.));
#1955=DIRECTION('',(1.,0.,0.));
#1956=DIRECTION('',(0.,0.,1.));
#1957=DIRECTION('',(1.,0.,0.));
#1958=DIRECTION('',(0.,0.,-1.));
#1959=DIRECTION('',(-1.,0.,0.));
#1960=DIRECTION('',(0.,0.,1.));
#1961=DIRECTION('',(1.,0.,0.));
#1962=DIRECTION('',(0.,0.,1.));
#1963=DIRECTION('',(1.,0.,0.));
#1964=DIRECTION('',(0.,0.,-1.));
#1965=DIRECTION('',(-1.,0.,0.));
#1966=DIRECTION('',(0.,0.,1.));
#1967=DIRECTION('',(1.,0.,0.));
#1968=DIRECTION('',(0.,0.,1.));
#1969=DIRECTION('',(1.,0.,0.));
#1970=DIRECTION('',(0.,0.,-1.));
#1971=DIRECTION('',(-1.,0.,0.));
#1972=DIRECTION('',(0.,0.,1.));
#1973=DIRECTION('',(1.,0.,0.));
#1974=DIRECTION('',(0.,0.,1.));
#1975=DIRECTION('',(1.,0.,0.));
#1976=DIRECTION('',(0.,0.,-1.));
#1977=DIRECTION('',(-1.,0.,0.));
#1978=DIRECTION('',(0.,0.,1.));
#1979=DIRECTION('',(1.,0.,0.));
#1980=DIRECTION('',(0.,0.,1.));
#1981=DIRECTION('',(1.,0.,0.));
#1982=DIRECTION('',(0.,0.,-1.));
#1983=DIRECTION('',(-1.,0.,0.));
#1984=DIRECTION('',(0.,0.,1.));
#1985=DIRECTION('',(1.,0.,0.));
#1986=DIRECTION('',(0.,0.,1.));
#1987=DIRECTION('',(1.,0.,0.));
#1988=DIRECTION('',(0.,1.,0.));
#1989=DIRECTION('',(0.,0.,1.));
#1990=DIRECTION('',(0.,0.,-1.));
#1991=DIRECTION('',(1.,0.,0.));
#1992=DIRECTION('',(0.,0.,-1.));
#1993=DIRECTION('',(1.,0.,0.));
#1994=DIRECTION('',(0.,0.,-1.));
#1995=DIRECTION('',(0.,0.,-1.));
#1996=DIRECTION('',(0.,-1.,0.));
#1997=DIRECTION('',(0.,1.,0.));
#1998=DIRECTION('',(0.,0.,1.));
#1999=DIRECTION('',(0.,0.,-1.));
#2000=DIRECTION('',(1.,0.,0.));
#2001=DIRECTION('',(1.,0.,0.));
#2002=DIRECTION('',(0.,0.,-1.));
#2003=DIRECTION('',(0.,-1.,0.));
#2004=DIRECTION('',(0.,0.,1.));
#2005=DIRECTION('',(1.,0.,0.));
#2006=DIRECTION('',(0.,1.,0.));
#2007=DIRECTION('',(0.,0.,1.));
#2008=DIRECTION('',(0.,0.,-1.));
#2009=DIRECTION('',(1.,0.,0.));
#2010=DIRECTION('',(0.,0.,-1.));
#2011=DIRECTION('',(1.,0.,0.));
#2012=DIRECTION('',(0.,0.,-1.));
#2013=DIRECTION('',(0.,0.,-1.));
#2014=DIRECTION('',(0.,-1.,0.));
#2015=DIRECTION('',(0.,1.,0.));
#2016=DIRECTION('',(0.,0.,1.));
#2017=DIRECTION('',(0.,0.,-1.));
#2018=DIRECTION('',(1.,0.,0.));
#2019=DIRECTION('',(1.,0.,0.));
#2020=DIRECTION('',(0.,0.,-1.));
#2021=DIRECTION('',(0.,-1.,0.));
#2022=DIRECTION('',(0.,0.,1.));
#2023=DIRECTION('',(1.,0.,0.));
#2024=DIRECTION('',(0.,1.,0.));
#2025=DIRECTION('',(0.,0.,1.));
#2026=DIRECTION('',(0.,0.,-1.));
#2027=DIRECTION('',(1.,0.,0.));
#2028=DIRECTION('',(0.,0.,-1.));
#2029=DIRECTION('',(1.,0.,0.));
#2030=DIRECTION('',(0.,0.,-1.));
#2031=DIRECTION('',(0.,0.,-1.));
#2032=DIRECTION('',(0.,-1.,0.));
#2033=DIRECTION('',(0.,1.,0.));
#2034=DIRECTION('',(0.,0.,1.));
#2035=DIRECTION('',(0.,0.,-1.));
#2036=DIRECTION('',(1.,0.,0.));
#2037=DIRECTION('',(1.,0.,0.));
#2038=DIRECTION('',(0.,0.,-1.));
#2039=DIRECTION('',(0.,-1.,0.));
#2040=DIRECTION('',(0.,0.,1.));
#2041=DIRECTION('',(1.,0.,0.));
#2042=DIRECTION('',(0.,0.,1.));
#2043=DIRECTION('',(1.,0.,0.));
#2044=DIRECTION('',(0.,0.,1.));
#2045=DIRECTION('',(1.,0.,0.));
#2046=DIRECTION('',(0.,0.,1.));
#2047=DIRECTION('',(1.,0.,0.));
#2048=DIRECTION('',(0.,0.,1.));
#2049=DIRECTION('',(1.,0.,0.));
#2050=DIRECTION('',(0.,1.,0.));
#2051=DIRECTION('',(0.,0.,1.));
#2052=DIRECTION('',(0.,0.,-1.));
#2053=DIRECTION('',(1.,0.,0.));
#2054=DIRECTION('',(0.,0.,-1.));
#2055=DIRECTION('',(1.,0.,0.));
#2056=DIRECTION('',(0.,0.,-1.));
#2057=DIRECTION('',(0.,-1.,0.));
#2058=DIRECTION('',(1.,0.,0.));
#2059=DIRECTION('',(0.,0.,-1.));
#2060=DIRECTION('',(0.,-1.,0.));
#2061=DIRECTION('',(0.,0.,1.));
#2062=DIRECTION('',(1.,0.,0.));
#2063=DIRECTION('',(0.,1.,0.));
#2064=DIRECTION('',(0.,0.,1.));
#2065=DIRECTION('',(0.,0.,-1.));
#2066=DIRECTION('',(1.,0.,0.));
#2067=DIRECTION('',(0.,0.,-1.));
#2068=DIRECTION('',(1.,0.,0.));
#2069=DIRECTION('',(0.,0.,-1.));
#2070=DIRECTION('',(0.,-1.,0.));
#2071=DIRECTION('',(1.,0.,0.));
#2072=DIRECTION('',(0.,0.,-1.));
#2073=DIRECTION('',(0.,-1.,0.));
#2074=DIRECTION('',(0.,0.,1.));
#2075=DIRECTION('',(1.,0.,0.));
#2076=DIRECTION('',(0.,0.,1.));
#2077=DIRECTION('',(1.,0.,0.));
#2078=DIRECTION('',(0.,1.,0.));
#2079=DIRECTION('',(0.,1.,0.));
#2080=DIRECTION('',(-1.,0.,0.));
#2081=DIRECTION('',(-1.,0.,0.));
#2082=DIRECTION('',(0.,0.,1.));
#2083=DIRECTION('',(0.,0.,-1.));
#2084=DIRECTION('',(0.,1.,0.));
#2085=DIRECTION('',(0.,0.,-1.));
#2086=DIRECTION('',(0.,-1.,0.));
#2087=DIRECTION('',(0.,0.,-1.));
#2088=DIRECTION('',(0.,0.,-1.));
#2089=DIRECTION('',(-1.,0.,0.));
#2090=DIRECTION('',(-1.,0.,0.));
#2091=DIRECTION('',(0.,0.,1.));
#2092=DIRECTION('',(0.,0.,-1.));
#2093=DIRECTION('',(0.,1.,0.));
#2094=DIRECTION('',(0.,-1.,0.));
#2095=DIRECTION('',(0.,0.,-1.));
#2096=DIRECTION('',(-1.,0.,0.));
#2097=DIRECTION('',(0.,0.,1.));
#2098=DIRECTION('',(1.,0.,0.));
#2099=DIRECTION('',(0.,1.,0.));
#2100=DIRECTION('',(0.,0.,1.));
#2101=DIRECTION('',(0.,0.,-1.));
#2102=DIRECTION('',(1.,0.,0.));
#2103=DIRECTION('',(0.,0.,-1.));
#2104=DIRECTION('',(1.,0.,0.));
#2105=DIRECTION('',(0.,0.,-1.));
#2106=DIRECTION('',(0.,0.,-1.));
#2107=DIRECTION('',(0.,-1.,0.));
#2108=DIRECTION('',(0.,1.,0.));
#2109=DIRECTION('',(0.,0.,1.));
#2110=DIRECTION('',(0.,0.,-1.));
#2111=DIRECTION('',(1.,0.,0.));
#2112=DIRECTION('',(1.,0.,0.));
#2113=DIRECTION('',(0.,0.,-1.));
#2114=DIRECTION('',(0.,0.,-1.));
#2115=DIRECTION('',(0.,-1.,0.));
#2116=DIRECTION('',(0.,1.,0.));
#2117=DIRECTION('',(0.,0.,1.));
#2118=DIRECTION('',(0.,0.,-1.));
#2119=DIRECTION('',(1.,0.,0.));
#2120=DIRECTION('',(1.,0.,0.));
#2121=DIRECTION('',(0.,0.,-1.));
#2122=DIRECTION('',(0.,0.,-1.));
#2123=DIRECTION('',(0.,-1.,0.));
#2124=DIRECTION('',(0.,1.,0.));
#2125=DIRECTION('',(0.,0.,1.));
#2126=DIRECTION('',(0.,0.,-1.));
#2127=DIRECTION('',(1.,0.,0.));
#2128=DIRECTION('',(-1.,0.,0.));
#2129=DIRECTION('',(0.,0.,1.));
#2130=DIRECTION('',(0.,1.,0.));
#2131=DIRECTION('',(0.,0.,1.));
#2132=DIRECTION('',(1.,0.,0.));
#2133=CARTESIAN_POINT('',(0.,0.,0.));
#2134=CARTESIAN_POINT('',(0.045,-0.0356517311608961,0.00254));
#2135=CARTESIAN_POINT('',(0.0827141366899014,-0.0213126968592405,0.00254));
#2136=CARTESIAN_POINT('',(0.0808897167444229,-0.0213126968592405,0.00254));
#2137=CARTESIAN_POINT('',(0.0845385566353798,-0.0213126968592405,0.00254));
#2138=CARTESIAN_POINT('',(0.0845385566353798,-0.0257723899558186,0.00254));
#2139=CARTESIAN_POINT('',(0.0845385566353798,-0.0302320830523968,0.00254));
#2140=CARTESIAN_POINT('',(0.0827141366899014,-0.0302320830523968,0.00254));
#2141=CARTESIAN_POINT('',(0.0808897167444229,-0.0302320830523968,0.00254));
#2142=CARTESIAN_POINT('',(0.0808897167444229,-0.0325295012444258,0.00254));
#2143=CARTESIAN_POINT('',(0.0808897167444229,-0.0348269194364548,0.00254));
#2144=CARTESIAN_POINT('',(0.0743353217840195,-0.0348269194364548,0.00254));
#2145=CARTESIAN_POINT('',(0.067780926823616,-0.0348269194364548,0.00254));
#2146=CARTESIAN_POINT('',(0.067780926823616,-0.0279346657916903,0.00254));
#2147=CARTESIAN_POINT('',(0.067780926823616,-0.021042412146926,0.00254));
#2148=CARTESIAN_POINT('',(0.0743353217840195,-0.021042412146926,0.00254));
#2149=CARTESIAN_POINT('',(0.0808897167444229,-0.021042412146926,0.00254));
#2150=CARTESIAN_POINT('',(0.0808897167444229,-0.0211775545030832,0.00254));
#2151=CARTESIAN_POINT('',(0.0830641711550355,-0.00757956805109978,0.00254));
#2152=CARTESIAN_POINT('',(0.0845647906056272,-0.00757956805109978,0.00254));
#2153=CARTESIAN_POINT('',(0.00407017115503549,-0.00757956805109978,0.00254));
#2154=CARTESIAN_POINT('',(0.00557079060562721,-0.00757956805109978,0.00254));
#2155=CARTESIAN_POINT('',(0.00407017115503549,-0.0596495680510998,0.00254));
#2156=CARTESIAN_POINT('',(0.00557079060562721,-0.0596495680510998,0.00254));
#2157=CARTESIAN_POINT('',(0.0830641711550355,-0.0596495680510998,0.00254));
#2158=CARTESIAN_POINT('',(0.0845647906056272,-0.0596495680510998,0.00254));
#2159=CARTESIAN_POINT('',(0.0439572166651487,-0.0414091460406781,0.00254));
#2160=CARTESIAN_POINT('',(0.0407890491187573,-0.0414091460406781,0.00254));
#2161=CARTESIAN_POINT('',(0.0471253842115402,-0.0414091460406781,0.00254));
#2162=CARTESIAN_POINT('',(0.0471253842115402,-0.0425972081720829,0.00254));
#2163=CARTESIAN_POINT('',(0.0471253842115402,-0.0437852703034878,0.00254));
#2164=CARTESIAN_POINT('',(0.0439572166651487,-0.0437852703034878,0.00254));
#2165=CARTESIAN_POINT('',(0.0407890491187573,-0.0437852703034878,0.00254));
#2166=CARTESIAN_POINT('',(0.0407890491187573,-0.0425972081720829,0.00254));
#2167=CARTESIAN_POINT('',(0.061441607773304,-0.0317219607532025,0.00254));
#2168=CARTESIAN_POINT('',(0.0591441914439201,-0.0317219607532025,0.00254));
#2169=CARTESIAN_POINT('',(0.0637390241026878,-0.0317219607532025,0.00254));
#2170=CARTESIAN_POINT('',(0.0637390241026878,-0.0338166654109955,0.00254));
#2171=CARTESIAN_POINT('',(0.0637390241026878,-0.0359113700687885,0.00254));
#2172=CARTESIAN_POINT('',(0.061441607773304,-0.0359113700687885,0.00254));
#2173=CARTESIAN_POINT('',(0.0591441914439201,-0.0359113700687885,0.00254));
#2174=CARTESIAN_POINT('',(0.0591441914439201,-0.0338166654109955,0.00254));
#2175=CARTESIAN_POINT('',(0.0524546522647142,-0.0326679572463036,0.00254));
#2176=CARTESIAN_POINT('',(0.0476571023464203,-0.0326679572463036,0.00254));
#2177=CARTESIAN_POINT('',(0.0572522021830082,-0.0326679572463036,0.00254));
#2178=CARTESIAN_POINT('',(0.0572522021830082,-0.0341545213013887,0.00254));
#2179=CARTESIAN_POINT('',(0.0572522021830082,-0.035641085356474,0.00254));
#2180=CARTESIAN_POINT('',(0.0524546522647142,-0.035641085356474,0.00254));
#2181=CARTESIAN_POINT('',(0.0476571023464203,-0.035641085356474,0.00254));
#2182=CARTESIAN_POINT('',(0.0476571023464203,-0.0341545213013887,0.00254));
#2183=CARTESIAN_POINT('',(0.0451968125998974,-0.01187938824296,0.00254));
#2184=CARTESIAN_POINT('',(0.0476571023464203,-0.01187938824296,0.00254));
#2185=CARTESIAN_POINT('',(0.0300115905702114,-0.0120375687256455,0.00254));
#2186=CARTESIAN_POINT('',(0.0323147193466769,-0.0120375687256455,0.00254));
#2187=CARTESIAN_POINT('',(0.0148263685405254,-0.0120375687256455,0.00254));
#2188=CARTESIAN_POINT('',(0.0177128708101924,-0.0120375687256455,0.00254));
#2189=CARTESIAN_POINT('',(0.0277970787137747,-0.0413007587194443,0.00254));
#2190=CARTESIAN_POINT('',(0.0307137641116008,-0.0413007587194443,0.00254));
#2191=CARTESIAN_POINT('',(0.0355478711426258,-0.0416171178221703,0.00254));
#2192=CARTESIAN_POINT('',(0.0379623740311103,-0.0416171178221703,0.00254));
#2193=CARTESIAN_POINT('',(0.0395362004637718,-0.0157718651462347,0.00254));
#2194=CARTESIAN_POINT('',(0.0395362004637718,-0.00712276296690106,0.00254));
#2195=CARTESIAN_POINT('',(0.0395362004637718,-0.0244209673255682,0.00254));
#2196=CARTESIAN_POINT('',(0.040482196956873,-0.00712276296690106,0.00254));
#2197=CARTESIAN_POINT('',(0.0414281934499741,-0.00712276296690106,0.00254));
#2198=CARTESIAN_POINT('',(0.0414281934499741,-0.0157718651462347,0.00254));
#2199=CARTESIAN_POINT('',(0.0414281934499741,-0.0244209673255682,0.00254));
#2200=CARTESIAN_POINT('',(0.040482196956873,-0.0244209673255682,0.00254));
#2201=CARTESIAN_POINT('',(0.0514287166297436,-0.015907007502392,0.00254));
#2202=CARTESIAN_POINT('',(0.0514287166297436,-0.00712276296690106,0.00254));
#2203=CARTESIAN_POINT('',(0.0514287166297436,-0.0246912520378828,0.00254));
#2204=CARTESIAN_POINT('',(0.0525098536163569,-0.00712276296690106,0.00254));
#2205=CARTESIAN_POINT('',(0.0535909906029701,-0.00712276296690106,0.00254));
#2206=CARTESIAN_POINT('',(0.0535909906029701,-0.015907007502392,0.00254));
#2207=CARTESIAN_POINT('',(0.0535909906029701,-0.0246912520378828,0.00254));
#2208=CARTESIAN_POINT('',(0.0525098536163569,-0.0246912520378828,0.00254));
#2209=CARTESIAN_POINT('',(0.0361576452851295,-0.0159745786804706,0.00254));
#2210=CARTESIAN_POINT('',(0.0361576452851295,-0.00752819003537297,0.00254));
#2211=CARTESIAN_POINT('',(0.0361576452851295,-0.0244209673255682,0.00254));
#2212=CARTESIAN_POINT('',(0.0371036417782307,-0.00752819003537297,0.00254));
#2213=CARTESIAN_POINT('',(0.0380496382713318,-0.00752819003537297,0.00254));
#2214=CARTESIAN_POINT('',(0.0380496382713318,-0.0159745786804706,0.00254));
#2215=CARTESIAN_POINT('',(0.0380496382713318,-0.0244209673255682,0.00254));
#2216=CARTESIAN_POINT('',(0.0371036417782307,-0.0244209673255682,0.00254));
#2217=CARTESIAN_POINT('',(0.0244002714753151,-0.0157042942009867,0.00254));
#2218=CARTESIAN_POINT('',(0.0244002714753151,-0.00698762107640505,0.00254));
#2219=CARTESIAN_POINT('',(0.0244002714753151,-0.0244209673255682,0.00254));
#2220=CARTESIAN_POINT('',(0.0252786967903375,-0.00698762107640505,0.00254));
#2221=CARTESIAN_POINT('',(0.02615712210536,-0.00698762107640505,0.00254));
#2222=CARTESIAN_POINT('',(0.02615712210536,-0.0157042942009867,0.00254));
#2223=CARTESIAN_POINT('',(0.02615712210536,-0.0244209673255682,0.00254));
#2224=CARTESIAN_POINT('',(0.0252786967903375,-0.0244209673255682,0.00254));
#2225=CARTESIAN_POINT('',(0.020616291090846,-0.0159070077352226,0.00254));
#2226=CARTESIAN_POINT('',(0.020616291090846,-0.00739304814487696,0.00254));
#2227=CARTESIAN_POINT('',(0.020616291090846,-0.0244209673255682,0.00254));
#2228=CARTESIAN_POINT('',(0.0218325704336167,-0.00739304814487696,0.00254));
#2229=CARTESIAN_POINT('',(0.0230488497763872,-0.00739304814487696,0.00254));
#2230=CARTESIAN_POINT('',(0.0230488497763872,-0.0159070077352226,0.00254));
#2231=CARTESIAN_POINT('',(0.0230488497763872,-0.0244209673255682,0.00254));
#2232=CARTESIAN_POINT('',(0.0218325704336167,-0.0244209673255682,0.00254));
#2233=CARTESIAN_POINT('',(0.00912920292466879,-0.0159745786804706,0.00254));
#2234=CARTESIAN_POINT('',(0.00912920292466879,-0.00752819003537297,0.00254));
#2235=CARTESIAN_POINT('',(0.00912920292466879,-0.0244209673255682,0.00254));
#2236=CARTESIAN_POINT('',(0.0100751989521086,-0.00752819003537297,0.00254));
#2237=CARTESIAN_POINT('',(0.0110211949795484,-0.00752819003537297,0.00254));
#2238=CARTESIAN_POINT('',(0.0110211949795484,-0.0159745786804706,0.00254));
#2239=CARTESIAN_POINT('',(0.0110211949795484,-0.0244209673255682,0.00254));
#2240=CARTESIAN_POINT('',(0.0100751989521086,-0.0244209673255682,0.00254));
#2241=CARTESIAN_POINT('',(0.0447923423489556,-0.0638526156544685,0.00254));
#2242=CARTESIAN_POINT('',(0.0244753118604422,-0.0638526156544685,0.00254));
#2243=CARTESIAN_POINT('',(0.0284669082611799,-0.0638526156544685,0.00254));
#2244=CARTESIAN_POINT('',(0.0284669082611799,-0.057398984208703,0.00254));
#2245=CARTESIAN_POINT('',(0.0284669082611799,-0.0495607368648052,0.00254));
#2246=CARTESIAN_POINT('',(0.0340015543624759,-0.0495607368648052,0.00254));
#2247=CARTESIAN_POINT('',(0.0395362004637718,-0.0495607368648052,0.00254));
#2248=CARTESIAN_POINT('',(0.0395362004637718,-0.057398984208703,0.00254));
#2249=CARTESIAN_POINT('',(0.0395362004637718,-0.0638526156544685,0.00254));
#2250=CARTESIAN_POINT('',(0.0447923423489556,-0.0638526156544685,0.00254));
#2251=CARTESIAN_POINT('',(0.0522519387304783,-0.0638526156544685,0.00254));
#2252=CARTESIAN_POINT('',(0.0522519387304783,-0.0577202420681715,0.00254));
#2253=CARTESIAN_POINT('',(0.0522519387304783,-0.0515878684818745,0.00254));
#2254=CARTESIAN_POINT('',(0.0595496166497469,-0.0515878684818745,0.00254));
#2255=CARTESIAN_POINT('',(0.0668472945690155,-0.0515878684818745,0.00254));
#2256=CARTESIAN_POINT('',(0.0668472945690155,-0.0577202420681715,0.00254));
#2257=CARTESIAN_POINT('',(0.0668472945690155,-0.0638526156544685,0.00254));
#2258=CARTESIAN_POINT('',(0.0447923423489556,-0.0638526156544685,0.00254));
#2259=CARTESIAN_POINT('',(0.0870242640376091,-0.0638526156544685,0.00254));
#2260=CARTESIAN_POINT('',(0.0870242640376091,-0.0334151935530827,0.00254));
#2261=CARTESIAN_POINT('',(0.0870242640376091,-0.00297777145169676,0.00254));
#2262=CARTESIAN_POINT('',(0.0447923423489556,-0.00297777145169676,0.00254));
#2263=CARTESIAN_POINT('',(0.00256042066030204,-0.00297777145169676,0.00254));
#2264=CARTESIAN_POINT('',(0.00256042066030204,-0.0334151935530827,0.00254));
#2265=CARTESIAN_POINT('',(0.00256042066030204,-0.0373601800298463,0.00254));
#2266=CARTESIAN_POINT('',(0.00470288656651974,-0.0395607836544514,0.00254));
#2267=CARTESIAN_POINT('',(0.00256042066030204,-0.0417613872790565,0.00254));
#2268=CARTESIAN_POINT('',(0.00256042066030204,-0.0334151935530827,0.00254));
#2269=CARTESIAN_POINT('',(0.00256042066030204,-0.0638526156544685,0.00254));
#2270=CARTESIAN_POINT('',(0.0447923423489556,-0.0638526156544685,0.00254));
#2271=CARTESIAN_POINT('',(0.0146530382335186,-0.0638526156544685,0.00254));
#2272=CARTESIAN_POINT('',(0.0146530382335186,-0.0587889458984137,0.00254));
#2273=CARTESIAN_POINT('',(0.0146530382335186,-0.0537252761423588,0.00254));
#2274=CARTESIAN_POINT('',(0.0195641750469804,-0.0537252761423588,0.00254));
#2275=CARTESIAN_POINT('',(0.0244753118604422,-0.0537252761423588,0.00254));
#2276=CARTESIAN_POINT('',(0.0244753118604422,-0.0587889458984137,0.00254));
#2277=CARTESIAN_POINT('',(0.0447923423489556,-0.00297777145169676,0.00254));
#2278=CARTESIAN_POINT('',(0.0447923423489556,-0.00297777145169676,0.));
#2279=CARTESIAN_POINT('',(0.00256042066030204,-0.00297777145169676,0.));
#2280=CARTESIAN_POINT('',(0.0870242640376091,-0.00297777145169676,0.));
#2281=CARTESIAN_POINT('',(0.00256042066030204,-0.00297777145169676,0.00254));
#2282=CARTESIAN_POINT('',(0.0870242640376091,-0.00297777145169676,0.00254));
#2283=CARTESIAN_POINT('',(0.00256042066030204,-0.0334151935530827,0.00254));
#2284=CARTESIAN_POINT('',(0.00256042066030204,-0.0334151935530827,0.));
#2285=CARTESIAN_POINT('',(0.00256042066030204,-0.0638526156544685,0.));
#2286=CARTESIAN_POINT('',(0.00256042066030204,-0.0638526156544685,0.00254));
#2287=CARTESIAN_POINT('',(0.00256042066030204,-0.0417613872790565,0.005588));
#2288=CARTESIAN_POINT('',(0.00256042066030204,-0.0417613872790565,0.005588));
#2289=CARTESIAN_POINT('',(0.00256042066030204,-0.0334151935530827,0.005588));
#2290=CARTESIAN_POINT('',(0.00256042066030204,-0.0373601800298463,0.005588));
#2291=CARTESIAN_POINT('',(0.00256042066030204,-0.0373601800298463,0.005588));
#2292=CARTESIAN_POINT('',(0.0447923423489556,-0.0638526156544685,0.00254));
#2293=CARTESIAN_POINT('',(0.0447923423489556,-0.0638526156544685,0.));
#2294=CARTESIAN_POINT('',(0.0870242640376091,-0.0638526156544685,0.));
#2295=CARTESIAN_POINT('',(0.0870242640376091,-0.0638526156544685,0.00254));
#2296=CARTESIAN_POINT('',(0.0668472945690155,-0.0638526156544685,0.004572));
#2297=CARTESIAN_POINT('',(0.0668472945690155,-0.0638526156544685,0.004572));
#2298=CARTESIAN_POINT('',(0.0447923423489556,-0.0638526156544685,0.004572));
#2299=CARTESIAN_POINT('',(0.0522519387304783,-0.0638526156544685,0.004572));
#2300=CARTESIAN_POINT('',(0.0522519387304783,-0.0638526156544685,0.004572));
#2301=CARTESIAN_POINT('',(0.0447923423489556,-0.0638526156544685,0.00254));
#2302=CARTESIAN_POINT('',(0.0244753118604422,-0.0638526156544685,0.004572));
#2303=CARTESIAN_POINT('',(0.0244753118604422,-0.0638526156544685,0.004572));
#2304=CARTESIAN_POINT('',(0.0447923423489556,-0.0638526156544685,0.004572));
#2305=CARTESIAN_POINT('',(0.0146530382335186,-0.0638526156544685,0.004572));
#2306=CARTESIAN_POINT('',(0.0146530382335186,-0.0638526156544685,0.004572));
#2307=CARTESIAN_POINT('',(0.0870242640376091,-0.0334151935530827,0.00254));
#2308=CARTESIAN_POINT('',(0.0870242640376091,-0.0334151935530827,0.));
#2309=CARTESIAN_POINT('',(0.045,-0.0356517311608961,0.));
#2310=CARTESIAN_POINT('',(0.0830641711550355,-0.00757956805109978,0.));
#2311=CARTESIAN_POINT('',(0.0845647906056272,-0.00757956805109978,0.));
#2312=CARTESIAN_POINT('',(0.00407017115503549,-0.00757956805109978,0.));
#2313=CARTESIAN_POINT('',(0.00557079060562721,-0.00757956805109978,0.));
#2314=CARTESIAN_POINT('',(0.00407017115503549,-0.0596495680510998,0.));
#2315=CARTESIAN_POINT('',(0.00557079060562721,-0.0596495680510998,0.));
#2316=CARTESIAN_POINT('',(0.0830641711550355,-0.0596495680510998,0.));
#2317=CARTESIAN_POINT('',(0.0845647906056272,-0.0596495680510998,0.));
#2318=CARTESIAN_POINT('',(0.040482196956873,-0.00712276296690106,0.012954));
#2319=CARTESIAN_POINT('',(0.0395362004637718,-0.00712276296690106,0.012954));
#2320=CARTESIAN_POINT('',(0.0395362004637718,-0.00712276296690106,0.012954));
#2321=CARTESIAN_POINT('',(0.040482196956873,-0.00712276296690106,0.012954));
#2322=CARTESIAN_POINT('',(0.0414281934499741,-0.00712276296690106,0.012954));
#2323=CARTESIAN_POINT('',(0.0414281934499741,-0.00712276296690106,0.012954));
#2324=CARTESIAN_POINT('',(0.0395362004637718,-0.0157718651462347,0.012954));
#2325=CARTESIAN_POINT('',(0.0395362004637718,-0.0244209673255682,0.012954));
#2326=CARTESIAN_POINT('',(0.0395362004637718,-0.0244209673255682,0.012954));
#2327=CARTESIAN_POINT('',(0.0395362004637718,-0.0157718651462347,0.012954));
#2328=CARTESIAN_POINT('',(0.040482196956873,-0.0244209673255682,0.012954));
#2329=CARTESIAN_POINT('',(0.0414281934499741,-0.0244209673255682,0.012954));
#2330=CARTESIAN_POINT('',(0.0414281934499741,-0.0244209673255682,0.012954));
#2331=CARTESIAN_POINT('',(0.040482196956873,-0.0244209673255682,0.012954));
#2332=CARTESIAN_POINT('',(0.0414281934499741,-0.0157718651462347,0.012954));
#2333=CARTESIAN_POINT('',(0.0414281934499741,-0.0157718651462347,0.012954));
#2334=CARTESIAN_POINT('',(0.043945773259367,-0.0341075015021488,0.012954));
#2335=CARTESIAN_POINT('',(0.0525098536163569,-0.00712276296690106,0.012954));
#2336=CARTESIAN_POINT('',(0.0514287166297436,-0.00712276296690106,0.012954));
#2337=CARTESIAN_POINT('',(0.0514287166297436,-0.00712276296690106,0.012954));
#2338=CARTESIAN_POINT('',(0.0525098536163569,-0.00712276296690106,0.012954));
#2339=CARTESIAN_POINT('',(0.0535909906029701,-0.00712276296690106,0.012954));
#2340=CARTESIAN_POINT('',(0.0535909906029701,-0.00712276296690106,0.012954));
#2341=CARTESIAN_POINT('',(0.0514287166297436,-0.015907007502392,0.012954));
#2342=CARTESIAN_POINT('',(0.0514287166297436,-0.0246912520378828,0.012954));
#2343=CARTESIAN_POINT('',(0.0514287166297436,-0.0246912520378828,0.012954));
#2344=CARTESIAN_POINT('',(0.0514287166297436,-0.015907007502392,0.012954));
#2345=CARTESIAN_POINT('',(0.0525098536163569,-0.0246912520378828,0.012954));
#2346=CARTESIAN_POINT('',(0.0535909906029701,-0.0246912520378828,0.012954));
#2347=CARTESIAN_POINT('',(0.0535909906029701,-0.0246912520378828,0.012954));
#2348=CARTESIAN_POINT('',(0.0525098536163569,-0.0246912520378828,0.012954));
#2349=CARTESIAN_POINT('',(0.0535909906029701,-0.015907007502392,0.012954));
#2350=CARTESIAN_POINT('',(0.0535909906029701,-0.015907007502392,0.012954));
#2351=CARTESIAN_POINT('',(0.043945773259367,-0.0341075015021488,0.012954));
#2352=CARTESIAN_POINT('',(0.0371036417782307,-0.00752819003537297,0.012954));
#2353=CARTESIAN_POINT('',(0.0361576452851295,-0.00752819003537297,0.012954));
#2354=CARTESIAN_POINT('',(0.0361576452851295,-0.00752819003537297,0.012954));
#2355=CARTESIAN_POINT('',(0.0371036417782307,-0.00752819003537297,0.012954));
#2356=CARTESIAN_POINT('',(0.0380496382713318,-0.00752819003537297,0.012954));
#2357=CARTESIAN_POINT('',(0.0380496382713318,-0.00752819003537297,0.012954));
#2358=CARTESIAN_POINT('',(0.0361576452851295,-0.0159745786804706,0.012954));
#2359=CARTESIAN_POINT('',(0.0361576452851295,-0.0244209673255682,0.012954));
#2360=CARTESIAN_POINT('',(0.0361576452851295,-0.0244209673255682,0.012954));
#2361=CARTESIAN_POINT('',(0.0361576452851295,-0.0159745786804706,0.012954));
#2362=CARTESIAN_POINT('',(0.0371036417782307,-0.0244209673255682,0.012954));
#2363=CARTESIAN_POINT('',(0.0380496382713318,-0.0244209673255682,0.012954));
#2364=CARTESIAN_POINT('',(0.0380496382713318,-0.0244209673255682,0.012954));
#2365=CARTESIAN_POINT('',(0.0371036417782307,-0.0244209673255682,0.012954));
#2366=CARTESIAN_POINT('',(0.0380496382713318,-0.0159745786804706,0.012954));
#2367=CARTESIAN_POINT('',(0.0380496382713318,-0.0159745786804706,0.012954));
#2368=CARTESIAN_POINT('',(0.043945773259367,-0.0341075015021488,0.012954));
#2369=CARTESIAN_POINT('',(0.0252786967903375,-0.00698762107640505,0.012954));
#2370=CARTESIAN_POINT('',(0.0244002714753151,-0.00698762107640505,0.012954));
#2371=CARTESIAN_POINT('',(0.0244002714753151,-0.00698762107640505,0.012954));
#2372=CARTESIAN_POINT('',(0.0252786967903375,-0.00698762107640505,0.012954));
#2373=CARTESIAN_POINT('',(0.02615712210536,-0.00698762107640505,0.012954));
#2374=CARTESIAN_POINT('',(0.02615712210536,-0.00698762107640505,0.012954));
#2375=CARTESIAN_POINT('',(0.0244002714753151,-0.0157042942009867,0.012954));
#2376=CARTESIAN_POINT('',(0.0244002714753151,-0.0244209673255682,0.012954));
#2377=CARTESIAN_POINT('',(0.0244002714753151,-0.0244209673255682,0.012954));
#2378=CARTESIAN_POINT('',(0.0244002714753151,-0.0157042942009867,0.012954));
#2379=CARTESIAN_POINT('',(0.0252786967903375,-0.0244209673255682,0.012954));
#2380=CARTESIAN_POINT('',(0.02615712210536,-0.0244209673255682,0.012954));
#2381=CARTESIAN_POINT('',(0.02615712210536,-0.0244209673255682,0.012954));
#2382=CARTESIAN_POINT('',(0.0252786967903375,-0.0244209673255682,0.012954));
#2383=CARTESIAN_POINT('',(0.02615712210536,-0.0157042942009867,0.012954));
#2384=CARTESIAN_POINT('',(0.02615712210536,-0.0157042942009867,0.012954));
#2385=CARTESIAN_POINT('',(0.043945773259367,-0.0341075015021488,0.012954));
#2386=CARTESIAN_POINT('',(0.0218325704336167,-0.00739304814487696,0.012954));
#2387=CARTESIAN_POINT('',(0.020616291090846,-0.00739304814487696,0.012954));
#2388=CARTESIAN_POINT('',(0.020616291090846,-0.00739304814487696,0.012954));
#2389=CARTESIAN_POINT('',(0.0218325704336167,-0.00739304814487696,0.012954));
#2390=CARTESIAN_POINT('',(0.0230488497763872,-0.00739304814487696,0.012954));
#2391=CARTESIAN_POINT('',(0.0230488497763872,-0.00739304814487696,0.012954));
#2392=CARTESIAN_POINT('',(0.020616291090846,-0.0159070077352226,0.012954));
#2393=CARTESIAN_POINT('',(0.020616291090846,-0.0244209673255682,0.012954));
#2394=CARTESIAN_POINT('',(0.020616291090846,-0.0244209673255682,0.012954));
#2395=CARTESIAN_POINT('',(0.020616291090846,-0.0159070077352226,0.012954));
#2396=CARTESIAN_POINT('',(0.0218325704336167,-0.0244209673255682,0.012954));
#2397=CARTESIAN_POINT('',(0.0230488497763872,-0.0244209673255682,0.012954));
#2398=CARTESIAN_POINT('',(0.0230488497763872,-0.0244209673255682,0.012954));
#2399=CARTESIAN_POINT('',(0.0218325704336167,-0.0244209673255682,0.012954));
#2400=CARTESIAN_POINT('',(0.0230488497763872,-0.0159070077352226,0.012954));
#2401=CARTESIAN_POINT('',(0.0230488497763872,-0.0159070077352226,0.012954));
#2402=CARTESIAN_POINT('',(0.043945773259367,-0.0341075015021488,0.012954));
#2403=CARTESIAN_POINT('',(0.0100751989521086,-0.00752819003537297,0.012954));
#2404=CARTESIAN_POINT('',(0.00912920292466879,-0.00752819003537297,0.012954));
#2405=CARTESIAN_POINT('',(0.00912920292466879,-0.00752819003537297,0.012954));
#2406=CARTESIAN_POINT('',(0.0100751989521086,-0.00752819003537297,0.012954));
#2407=CARTESIAN_POINT('',(0.0110211949795484,-0.00752819003537297,0.012954));
#2408=CARTESIAN_POINT('',(0.0110211949795484,-0.00752819003537297,0.012954));
#2409=CARTESIAN_POINT('',(0.00912920292466879,-0.0159745786804706,0.012954));
#2410=CARTESIAN_POINT('',(0.00912920292466879,-0.0244209673255682,0.012954));
#2411=CARTESIAN_POINT('',(0.00912920292466879,-0.0244209673255682,0.012954));
#2412=CARTESIAN_POINT('',(0.00912920292466879,-0.0159745786804706,0.012954));
#2413=CARTESIAN_POINT('',(0.0100751989521086,-0.0244209673255682,0.012954));
#2414=CARTESIAN_POINT('',(0.0110211949795484,-0.0244209673255682,0.012954));
#2415=CARTESIAN_POINT('',(0.0110211949795484,-0.0244209673255682,0.012954));
#2416=CARTESIAN_POINT('',(0.0100751989521086,-0.0244209673255682,0.012954));
#2417=CARTESIAN_POINT('',(0.0110211949795484,-0.0159745786804706,0.012954));
#2418=CARTESIAN_POINT('',(0.0110211949795484,-0.0159745786804706,0.012954));
#2419=CARTESIAN_POINT('',(0.043945773259367,-0.0341075015021488,0.012954));
#2420=CARTESIAN_POINT('',(0.0355478711426258,-0.0416171178221703,0.005588));
#2421=CARTESIAN_POINT('',(0.0355478711426258,-0.0416171178221703,0.005588));
#2422=CARTESIAN_POINT('',(0.0379623740311103,-0.0416171178221703,0.005588));
#2423=CARTESIAN_POINT('',(0.043945773259367,-0.0341075015021488,0.005588));
#2424=CARTESIAN_POINT('',(0.0277970787137747,-0.0413007587194443,0.005588));
#2425=CARTESIAN_POINT('',(0.0277970787137747,-0.0413007587194443,0.005588));
#2426=CARTESIAN_POINT('',(0.0307137641116008,-0.0413007587194443,0.005588));
#2427=CARTESIAN_POINT('',(0.043945773259367,-0.0341075015021488,0.005588));
#2428=CARTESIAN_POINT('',(0.00470288656651974,-0.0395607836544514,0.005588));
#2429=CARTESIAN_POINT('',(0.00470288656651974,-0.0395607836544514,0.005588));
#2430=CARTESIAN_POINT('',(0.043945773259367,-0.0341075015021488,0.005588));
#2431=CARTESIAN_POINT('',(0.0148263685405254,-0.0120375687256455,0.005588));
#2432=CARTESIAN_POINT('',(0.0148263685405254,-0.0120375687256455,0.005588));
#2433=CARTESIAN_POINT('',(0.0177128708101924,-0.0120375687256455,0.005588));
#2434=CARTESIAN_POINT('',(0.043945773259367,-0.0341075015021488,0.005588));
#2435=CARTESIAN_POINT('',(0.0300115905702114,-0.0120375687256455,0.005588));
#2436=CARTESIAN_POINT('',(0.0300115905702114,-0.0120375687256455,0.005588));
#2437=CARTESIAN_POINT('',(0.0323147193466769,-0.0120375687256455,0.005588));
#2438=CARTESIAN_POINT('',(0.043945773259367,-0.0341075015021488,0.005588));
#2439=CARTESIAN_POINT('',(0.0451968125998974,-0.01187938824296,0.005588));
#2440=CARTESIAN_POINT('',(0.0451968125998974,-0.01187938824296,0.005588));
#2441=CARTESIAN_POINT('',(0.0476571023464203,-0.01187938824296,0.005588));
#2442=CARTESIAN_POINT('',(0.043945773259367,-0.0341075015021488,0.005588));
#2443=CARTESIAN_POINT('',(0.0524546522647142,-0.0326679572463036,0.004064));
#2444=CARTESIAN_POINT('',(0.0476571023464203,-0.0326679572463036,0.004064));
#2445=CARTESIAN_POINT('',(0.0476571023464203,-0.0326679572463036,0.004064));
#2446=CARTESIAN_POINT('',(0.0524546522647142,-0.0326679572463036,0.004064));
#2447=CARTESIAN_POINT('',(0.0572522021830082,-0.0326679572463036,0.004064));
#2448=CARTESIAN_POINT('',(0.0572522021830082,-0.0326679572463036,0.004064));
#2449=CARTESIAN_POINT('',(0.0476571023464203,-0.0341545213013887,0.004064));
#2450=CARTESIAN_POINT('',(0.0476571023464203,-0.035641085356474,0.004064));
#2451=CARTESIAN_POINT('',(0.0476571023464203,-0.035641085356474,0.004064));
#2452=CARTESIAN_POINT('',(0.0476571023464203,-0.0341545213013887,0.004064));
#2453=CARTESIAN_POINT('',(0.0524546522647142,-0.035641085356474,0.004064));
#2454=CARTESIAN_POINT('',(0.0572522021830082,-0.035641085356474,0.004064));
#2455=CARTESIAN_POINT('',(0.0572522021830082,-0.035641085356474,0.004064));
#2456=CARTESIAN_POINT('',(0.0524546522647142,-0.035641085356474,0.004064));
#2457=CARTESIAN_POINT('',(0.0572522021830082,-0.0341545213013887,0.004064));
#2458=CARTESIAN_POINT('',(0.0572522021830082,-0.0341545213013887,0.004064));
#2459=CARTESIAN_POINT('',(0.043945773259367,-0.0341075015021488,0.004064));
#2460=CARTESIAN_POINT('',(0.061441607773304,-0.0317219607532025,0.004064));
#2461=CARTESIAN_POINT('',(0.0591441914439201,-0.0317219607532025,0.004064));
#2462=CARTESIAN_POINT('',(0.0591441914439201,-0.0317219607532025,0.004064));
#2463=CARTESIAN_POINT('',(0.061441607773304,-0.0317219607532025,0.004064));
#2464=CARTESIAN_POINT('',(0.0637390241026878,-0.0317219607532025,0.004064));
#2465=CARTESIAN_POINT('',(0.0637390241026878,-0.0317219607532025,0.004064));
#2466=CARTESIAN_POINT('',(0.0591441914439201,-0.0338166654109955,0.004064));
#2467=CARTESIAN_POINT('',(0.0591441914439201,-0.0359113700687885,0.004064));
#2468=CARTESIAN_POINT('',(0.0591441914439201,-0.0359113700687885,0.004064));
#2469=CARTESIAN_POINT('',(0.0591441914439201,-0.0338166654109955,0.004064));
#2470=CARTESIAN_POINT('',(0.061441607773304,-0.0359113700687885,0.004064));
#2471=CARTESIAN_POINT('',(0.0637390241026878,-0.0359113700687885,0.004064));
#2472=CARTESIAN_POINT('',(0.0637390241026878,-0.0359113700687885,0.004064));
#2473=CARTESIAN_POINT('',(0.061441607773304,-0.0359113700687885,0.004064));
#2474=CARTESIAN_POINT('',(0.0637390241026878,-0.0338166654109955,0.004064));
#2475=CARTESIAN_POINT('',(0.0637390241026878,-0.0338166654109955,0.004064));
#2476=CARTESIAN_POINT('',(0.043945773259367,-0.0341075015021488,0.004064));
#2477=CARTESIAN_POINT('',(0.0439572166651487,-0.0414091460406781,0.004064));
#2478=CARTESIAN_POINT('',(0.0407890491187573,-0.0414091460406781,0.004064));
#2479=CARTESIAN_POINT('',(0.0407890491187573,-0.0414091460406781,0.004064));
#2480=CARTESIAN_POINT('',(0.0439572166651487,-0.0414091460406781,0.004064));
#2481=CARTESIAN_POINT('',(0.0471253842115402,-0.0414091460406781,0.004064));
#2482=CARTESIAN_POINT('',(0.0471253842115402,-0.0414091460406781,0.004064));
#2483=CARTESIAN_POINT('',(0.0407890491187573,-0.0425972081720829,0.004064));
#2484=CARTESIAN_POINT('',(0.0407890491187573,-0.0437852703034878,0.004064));
#2485=CARTESIAN_POINT('',(0.0407890491187573,-0.0437852703034878,0.004064));
#2486=CARTESIAN_POINT('',(0.0407890491187573,-0.0425972081720829,0.004064));
#2487=CARTESIAN_POINT('',(0.0439572166651487,-0.0437852703034878,0.004064));
#2488=CARTESIAN_POINT('',(0.0471253842115402,-0.0437852703034878,0.004064));
#2489=CARTESIAN_POINT('',(0.0471253842115402,-0.0437852703034878,0.004064));
#2490=CARTESIAN_POINT('',(0.0439572166651487,-0.0437852703034878,0.004064));
#2491=CARTESIAN_POINT('',(0.0471253842115402,-0.0425972081720829,0.004064));
#2492=CARTESIAN_POINT('',(0.0471253842115402,-0.0425972081720829,0.004064));
#2493=CARTESIAN_POINT('',(0.043945773259367,-0.0341075015021488,0.004064));
#2494=CARTESIAN_POINT('',(0.0830641711550355,-0.0596495680510998,-0.02286));
#2495=CARTESIAN_POINT('',(0.00407017115503549,-0.0596495680510998,-0.02286));
#2496=CARTESIAN_POINT('',(0.00407017115503549,-0.00757956805109978,-0.02286));
#2497=CARTESIAN_POINT('',(0.0830641711550355,-0.00757956805109978,-0.02286));
#2498=CARTESIAN_POINT('',(0.0195641750469804,-0.0537252761423588,0.004572));
#2499=CARTESIAN_POINT('',(0.0146530382335186,-0.0537252761423588,0.004572));
#2500=CARTESIAN_POINT('',(0.0146530382335186,-0.0537252761423588,0.004572));
#2501=CARTESIAN_POINT('',(0.0195641750469804,-0.0537252761423588,0.004572));
#2502=CARTESIAN_POINT('',(0.0244753118604422,-0.0537252761423588,0.004572));
#2503=CARTESIAN_POINT('',(0.0244753118604422,-0.0537252761423588,0.004572));
#2504=CARTESIAN_POINT('',(0.0146530382335186,-0.0587889458984137,0.004572));
#2505=CARTESIAN_POINT('',(0.0146530382335186,-0.0587889458984137,0.004572));
#2506=CARTESIAN_POINT('',(0.0244753118604422,-0.0587889458984137,0.004572));
#2507=CARTESIAN_POINT('',(0.0244753118604422,-0.0587889458984137,0.004572));
#2508=CARTESIAN_POINT('',(0.043945773259367,-0.0341075015021488,0.004572));
#2509=CARTESIAN_POINT('',(0.0595496166497469,-0.0515878684818745,0.004572));
#2510=CARTESIAN_POINT('',(0.0522519387304783,-0.0515878684818745,0.004572));
#2511=CARTESIAN_POINT('',(0.0522519387304783,-0.0515878684818745,0.004572));
#2512=CARTESIAN_POINT('',(0.0595496166497469,-0.0515878684818745,0.004572));
#2513=CARTESIAN_POINT('',(0.0668472945690155,-0.0515878684818745,0.004572));
#2514=CARTESIAN_POINT('',(0.0668472945690155,-0.0515878684818745,0.004572));
#2515=CARTESIAN_POINT('',(0.0522519387304783,-0.0577202420681715,0.004572));
#2516=CARTESIAN_POINT('',(0.0522519387304783,-0.0577202420681715,0.004572));
#2517=CARTESIAN_POINT('',(0.0668472945690155,-0.0577202420681715,0.004572));
#2518=CARTESIAN_POINT('',(0.0668472945690155,-0.0577202420681715,0.004572));
#2519=CARTESIAN_POINT('',(0.043945773259367,-0.0341075015021488,0.004572));
#2520=CARTESIAN_POINT('',(0.043945773259367,-0.0341075015021488,0.00254));
#2521=CARTESIAN_POINT('',(0.0284669082611799,-0.057398984208703,0.00254));
#2522=CARTESIAN_POINT('',(0.0284669082611799,-0.0652372315526009,0.00254));
#2523=CARTESIAN_POINT('',(0.0395362004637718,-0.057398984208703,0.00254));
#2524=CARTESIAN_POINT('',(0.0395362004637718,-0.0652372315526009,0.00254));
#2525=CARTESIAN_POINT('',(0.0340015543624759,-0.0652372315526009,0.00254));
#2526=CARTESIAN_POINT('',(0.0284669082611799,-0.057398984208703,0.004572));
#2527=CARTESIAN_POINT('',(0.0284669082611799,-0.0652372315526009,0.004572));
#2528=CARTESIAN_POINT('',(0.0284669082611799,-0.0652372315526009,0.004572));
#2529=CARTESIAN_POINT('',(0.0284669082611799,-0.057398984208703,0.004572));
#2530=CARTESIAN_POINT('',(0.0284669082611799,-0.0495607368648052,0.004572));
#2531=CARTESIAN_POINT('',(0.0284669082611799,-0.0495607368648052,0.004572));
#2532=CARTESIAN_POINT('',(0.0340015543624759,-0.0652372315526009,0.004572));
#2533=CARTESIAN_POINT('',(0.0395362004637718,-0.0652372315526009,0.004572));
#2534=CARTESIAN_POINT('',(0.0395362004637718,-0.0652372315526009,0.004572));
#2535=CARTESIAN_POINT('',(0.0340015543624759,-0.0652372315526009,0.004572));
#2536=CARTESIAN_POINT('',(0.0395362004637718,-0.057398984208703,0.004572));
#2537=CARTESIAN_POINT('',(0.0395362004637718,-0.0495607368648052,0.004572));
#2538=CARTESIAN_POINT('',(0.0395362004637718,-0.0495607368648052,0.004572));
#2539=CARTESIAN_POINT('',(0.0395362004637718,-0.057398984208703,0.004572));
#2540=CARTESIAN_POINT('',(0.0340015543624759,-0.0495607368648052,0.004572));
#2541=CARTESIAN_POINT('',(0.0340015543624759,-0.0495607368648052,0.004572));
#2542=CARTESIAN_POINT('',(0.043945773259367,-0.0341075015021488,0.004572));
#2543=CARTESIAN_POINT('',(0.0827141366899014,-0.0213126968592405,0.004572));
#2544=CARTESIAN_POINT('',(0.0808897167444229,-0.0213126968592405,0.004572));
#2545=CARTESIAN_POINT('',(0.0808897167444229,-0.0213126968592405,0.004572));
#2546=CARTESIAN_POINT('',(0.0827141366899014,-0.0213126968592405,0.004572));
#2547=CARTESIAN_POINT('',(0.0845385566353798,-0.0213126968592405,0.004572));
#2548=CARTESIAN_POINT('',(0.0845385566353798,-0.0213126968592405,0.004572));
#2549=CARTESIAN_POINT('',(0.0808897167444229,-0.0211775545030832,0.004572));
#2550=CARTESIAN_POINT('',(0.0808897167444229,-0.021042412146926,0.004572));
#2551=CARTESIAN_POINT('',(0.0808897167444229,-0.021042412146926,0.004572));
#2552=CARTESIAN_POINT('',(0.0808897167444229,-0.0211775545030832,0.004572));
#2553=CARTESIAN_POINT('',(0.0743353217840195,-0.021042412146926,0.004572));
#2554=CARTESIAN_POINT('',(0.067780926823616,-0.021042412146926,0.004572));
#2555=CARTESIAN_POINT('',(0.067780926823616,-0.021042412146926,0.004572));
#2556=CARTESIAN_POINT('',(0.0743353217840195,-0.021042412146926,0.004572));
#2557=CARTESIAN_POINT('',(0.067780926823616,-0.0279346657916903,0.004572));
#2558=CARTESIAN_POINT('',(0.067780926823616,-0.0348269194364548,0.004572));
#2559=CARTESIAN_POINT('',(0.067780926823616,-0.0348269194364548,0.004572));
#2560=CARTESIAN_POINT('',(0.067780926823616,-0.0279346657916903,0.004572));
#2561=CARTESIAN_POINT('',(0.0743353217840195,-0.0348269194364548,0.004572));
#2562=CARTESIAN_POINT('',(0.0808897167444229,-0.0348269194364548,0.004572));
#2563=CARTESIAN_POINT('',(0.0808897167444229,-0.0348269194364548,0.004572));
#2564=CARTESIAN_POINT('',(0.0743353217840195,-0.0348269194364548,0.004572));
#2565=CARTESIAN_POINT('',(0.0808897167444229,-0.0325295012444258,0.004572));
#2566=CARTESIAN_POINT('',(0.0808897167444229,-0.0302320830523968,0.004572));
#2567=CARTESIAN_POINT('',(0.0808897167444229,-0.0302320830523968,0.004572));
#2568=CARTESIAN_POINT('',(0.0808897167444229,-0.0325295012444258,0.004572));
#2569=CARTESIAN_POINT('',(0.0827141366899014,-0.0302320830523968,0.004572));
#2570=CARTESIAN_POINT('',(0.0845385566353798,-0.0302320830523968,0.004572));
#2571=CARTESIAN_POINT('',(0.0845385566353798,-0.0302320830523968,0.004572));
#2572=CARTESIAN_POINT('',(0.0827141366899014,-0.0302320830523968,0.004572));
#2573=CARTESIAN_POINT('',(0.0845385566353798,-0.0257723899558186,0.004572));
#2574=CARTESIAN_POINT('',(0.0845385566353798,-0.0257723899558186,0.004572));
#2575=CARTESIAN_POINT('',(0.043945773259367,-0.0341075015021488,0.004572));
#2576=MECHANICAL_DESIGN_GEOMETRIC_PRESENTATION_REPRESENTATION('',(#1601),
#2577);
#2577=(
GEOMETRIC_REPRESENTATION_CONTEXT(3)
GLOBAL_UNCERTAINTY_ASSIGNED_CONTEXT((#2578))
GLOBAL_UNIT_ASSIGNED_CONTEXT((#2581,#2580,#2579))
REPRESENTATION_CONTEXT('Part 1','TOP_LEVEL_ASSEMBLY_PART')
);
#2578=UNCERTAINTY_MEASURE_WITH_UNIT(LENGTH_MEASURE(1.E-8),#2581,
'DISTANCE_ACCURACY_VALUE','Maximum Tolerance applied to model');
#2579=(
NAMED_UNIT(*)
SI_UNIT($,.STERADIAN.)
SOLID_ANGLE_UNIT()
);
#2580=(
NAMED_UNIT(*)
PLANE_ANGLE_UNIT()
SI_UNIT($,.RADIAN.)
);
#2581=(
LENGTH_UNIT()
NAMED_UNIT(*)
SI_UNIT($,.METRE.)
);
#2582=PRODUCT_DEFINITION_SHAPE('','',#2583);
#2583=PRODUCT_DEFINITION('','',#2585,#2584);
#2584=PRODUCT_DEFINITION_CONTEXT('',#2591,'design');
#2585=PRODUCT_DEFINITION_FORMATION_WITH_SPECIFIED_SOURCE('','',#2587,
 .NOT_KNOWN.);
#2586=PRODUCT_RELATED_PRODUCT_CATEGORY('','',(#2587));
#2587=PRODUCT('Part 1','Part 1','Part 1',(#2589));
#2588=PRODUCT_CATEGORY('','');
#2589=PRODUCT_CONTEXT('',#2591,'mechanical');
#2590=APPLICATION_PROTOCOL_DEFINITION('international standard',
'ap242_managed_model_based_3d_engineering',2020,#2591);
#2591=APPLICATION_CONTEXT('managed model based 3d engineering');
ENDSEC;
END-ISO-10303-21;
