ISO-10303-21;
HEADER;
/* Generated by software containing ST-Developer
 * from STEP Tools, Inc. (www.steptools.com) 
 */
/* OPTION: using custom renumber hook */

FILE_DESCRIPTION(
/* description */ ('STEP AP242 Edition 2',
'CAx-IF Rec.Pracs.---Representation and Presentation of Product Manufa
cturing Information (PMI)---4.0---2014-10-13',
'CAx-IF Rec.Pracs.---3D Tessellated Geometry---0.4---2014-09-14','2;1',
'CAx-IF Rec.Pracs.---User Defined Attributes---1.5---2016-08-15'),
/* implementation_level */ '2;1');

FILE_NAME(
/* name */ 'psu - psu 24 v',
/* time_stamp */ '2026-08-14T04:13:21Z',
/* author */ (''),
/* organization */ (''),
/* preprocessor_version */ 'ST-DEVELOPER v20',
/* originating_system */ 'ONSHAPE BY PTC INC, 1.219',
/* authorisation */ '  ');

FILE_SCHEMA (('AP242_MANAGED_MODEL_BASED_3D_ENGINEERING_MIM_LF { 1 0 10303 442 3 1 4 }'));
ENDSEC;

DATA;
#10=SHAPE_REPRESENTATION_RELATIONSHIP('','',#2503,#11);
#11=ADVANCED_BREP_SHAPE_REPRESENTATION('',(#2501),#4357);
#12=CYLINDRICAL_SURFACE('',#2619,0.0036511833731802);
#13=CYLINDRICAL_SURFACE('',#2622,0.0036511833731802);
#14=CYLINDRICAL_SURFACE('',#2625,0.00365118337318019);
#15=CYLINDRICAL_SURFACE('',#2628,0.00365118337318019);
#16=CYLINDRICAL_SURFACE('',#2631,0.0036511833731802);
#17=CYLINDRICAL_SURFACE('',#2634,0.0036511833731802);
#18=CYLINDRICAL_SURFACE('',#2644,0.00381);
#19=CYLINDRICAL_SURFACE('',#2647,0.00381);
#20=CYLINDRICAL_SURFACE('',#2650,0.00381);
#21=CYLINDRICAL_SURFACE('',#2653,0.00381);
#22=CYLINDRICAL_SURFACE('',#2656,0.00381);
#23=CYLINDRICAL_SURFACE('',#2659,0.00381);
#24=CYLINDRICAL_SURFACE('',#2662,0.00381);
#25=CYLINDRICAL_SURFACE('',#2665,0.00381);
#26=CYLINDRICAL_SURFACE('',#2668,0.00381);
#27=CYLINDRICAL_SURFACE('',#2671,0.00381);
#28=CYLINDRICAL_SURFACE('',#2674,0.00381);
#29=CYLINDRICAL_SURFACE('',#2677,0.00381);
#30=CYLINDRICAL_SURFACE('',#2680,0.00381);
#31=CYLINDRICAL_SURFACE('',#2683,0.00381);
#32=CYLINDRICAL_SURFACE('',#2686,0.00381);
#33=CYLINDRICAL_SURFACE('',#2689,0.00381);
#34=CYLINDRICAL_SURFACE('',#2692,0.00381);
#35=CYLINDRICAL_SURFACE('',#2695,0.00381);
#36=CYLINDRICAL_SURFACE('',#2698,0.00381);
#37=CYLINDRICAL_SURFACE('',#2701,0.00381);
#38=CYLINDRICAL_SURFACE('',#2704,0.00381);
#39=CYLINDRICAL_SURFACE('',#2707,0.00381);
#40=CYLINDRICAL_SURFACE('',#2710,0.00381);
#41=CYLINDRICAL_SURFACE('',#2713,0.00381);
#42=CYLINDRICAL_SURFACE('',#2716,0.00381);
#43=CYLINDRICAL_SURFACE('',#2719,0.00381);
#44=CYLINDRICAL_SURFACE('',#2722,0.00381);
#45=CYLINDRICAL_SURFACE('',#2725,0.00381);
#46=CYLINDRICAL_SURFACE('',#2728,0.00381);
#47=CYLINDRICAL_SURFACE('',#2731,0.00381);
#48=CYLINDRICAL_SURFACE('',#2734,0.00381);
#49=CYLINDRICAL_SURFACE('',#2737,0.00381);
#50=CYLINDRICAL_SURFACE('',#2740,0.00381);
#51=CYLINDRICAL_SURFACE('',#2743,0.00381);
#52=CYLINDRICAL_SURFACE('',#2746,0.00381);
#53=CYLINDRICAL_SURFACE('',#2749,0.00381);
#54=CYLINDRICAL_SURFACE('',#2752,0.00381);
#55=CYLINDRICAL_SURFACE('',#2755,0.00381);
#56=CYLINDRICAL_SURFACE('',#2758,0.00381);
#57=CYLINDRICAL_SURFACE('',#2761,0.00381);
#58=CYLINDRICAL_SURFACE('',#2764,0.00381);
#59=CYLINDRICAL_SURFACE('',#2767,0.00381);
#60=CYLINDRICAL_SURFACE('',#2770,0.00381);
#61=CYLINDRICAL_SURFACE('',#2773,0.00381);
#62=CYLINDRICAL_SURFACE('',#2776,0.00381);
#63=CYLINDRICAL_SURFACE('',#2779,0.00381);
#64=CYLINDRICAL_SURFACE('',#2782,0.00381);
#65=CYLINDRICAL_SURFACE('',#2785,0.00381);
#66=CYLINDRICAL_SURFACE('',#2788,0.00381);
#67=CYLINDRICAL_SURFACE('',#2791,0.00381);
#68=CYLINDRICAL_SURFACE('',#2794,0.00381);
#69=CYLINDRICAL_SURFACE('',#2797,0.00381);
#70=CYLINDRICAL_SURFACE('',#2800,0.00381);
#71=CYLINDRICAL_SURFACE('',#2803,0.00381);
#72=CYLINDRICAL_SURFACE('',#2806,0.00381);
#73=CYLINDRICAL_SURFACE('',#2809,0.00381);
#74=CYLINDRICAL_SURFACE('',#2812,0.00381);
#75=CYLINDRICAL_SURFACE('',#2815,0.00381);
#76=CYLINDRICAL_SURFACE('',#2818,0.00381);
#77=CYLINDRICAL_SURFACE('',#2821,0.00381);
#78=CYLINDRICAL_SURFACE('',#2824,0.00381);
#79=CYLINDRICAL_SURFACE('',#2827,0.00381);
#80=CYLINDRICAL_SURFACE('',#2830,0.00381);
#81=CYLINDRICAL_SURFACE('',#2833,0.00381);
#82=CYLINDRICAL_SURFACE('',#2836,0.00381);
#83=CYLINDRICAL_SURFACE('',#2839,0.00381);
#84=CYLINDRICAL_SURFACE('',#2842,0.00381);
#85=CYLINDRICAL_SURFACE('',#2845,0.00381);
#86=CYLINDRICAL_SURFACE('',#2848,0.00381);
#87=CYLINDRICAL_SURFACE('',#2851,0.00381);
#88=CYLINDRICAL_SURFACE('',#2854,0.00381);
#89=CYLINDRICAL_SURFACE('',#2857,0.00381);
#90=CIRCLE('',#2506,0.0036511833731802);
#91=CIRCLE('',#2507,0.0036511833731802);
#92=CIRCLE('',#2508,0.00365118337318019);
#93=CIRCLE('',#2509,0.00365118337318019);
#94=CIRCLE('',#2510,0.0036511833731802);
#95=CIRCLE('',#2511,0.0036511833731802);
#96=CIRCLE('',#2516,0.00381);
#97=CIRCLE('',#2517,0.00381);
#98=CIRCLE('',#2518,0.00381);
#99=CIRCLE('',#2519,0.00381);
#100=CIRCLE('',#2520,0.00381);
#101=CIRCLE('',#2521,0.00381);
#102=CIRCLE('',#2522,0.00381);
#103=CIRCLE('',#2523,0.00381);
#104=CIRCLE('',#2524,0.00381);
#105=CIRCLE('',#2525,0.00381);
#106=CIRCLE('',#2526,0.00381);
#107=CIRCLE('',#2527,0.00381);
#108=CIRCLE('',#2528,0.00381);
#109=CIRCLE('',#2529,0.00381);
#110=CIRCLE('',#2530,0.00381);
#111=CIRCLE('',#2531,0.00381);
#112=CIRCLE('',#2532,0.00381);
#113=CIRCLE('',#2533,0.00381);
#114=CIRCLE('',#2534,0.00381);
#115=CIRCLE('',#2535,0.00381);
#116=CIRCLE('',#2536,0.00381);
#117=CIRCLE('',#2537,0.00381);
#118=CIRCLE('',#2538,0.00381);
#119=CIRCLE('',#2539,0.00381);
#120=CIRCLE('',#2540,0.00381);
#121=CIRCLE('',#2541,0.00381);
#122=CIRCLE('',#2542,0.00381);
#123=CIRCLE('',#2543,0.00381);
#124=CIRCLE('',#2544,0.00381);
#125=CIRCLE('',#2545,0.00381);
#126=CIRCLE('',#2546,0.00381);
#127=CIRCLE('',#2547,0.00381);
#128=CIRCLE('',#2548,0.00381);
#129=CIRCLE('',#2549,0.00381);
#130=CIRCLE('',#2550,0.00381);
#131=CIRCLE('',#2551,0.00381);
#132=CIRCLE('',#2552,0.00381);
#133=CIRCLE('',#2553,0.00381);
#134=CIRCLE('',#2554,0.00381);
#135=CIRCLE('',#2555,0.00381);
#136=CIRCLE('',#2556,0.00381);
#137=CIRCLE('',#2557,0.00381);
#138=CIRCLE('',#2558,0.00381);
#139=CIRCLE('',#2559,0.00381);
#140=CIRCLE('',#2560,0.00381);
#141=CIRCLE('',#2561,0.00381);
#142=CIRCLE('',#2562,0.00381);
#143=CIRCLE('',#2563,0.00381);
#144=CIRCLE('',#2564,0.00381);
#145=CIRCLE('',#2565,0.00381);
#146=CIRCLE('',#2566,0.00381);
#147=CIRCLE('',#2567,0.00381);
#148=CIRCLE('',#2568,0.00381);
#149=CIRCLE('',#2569,0.00381);
#150=CIRCLE('',#2570,0.00381);
#151=CIRCLE('',#2571,0.00381);
#152=CIRCLE('',#2572,0.00381);
#153=CIRCLE('',#2573,0.00381);
#154=CIRCLE('',#2574,0.00381);
#155=CIRCLE('',#2575,0.00381);
#156=CIRCLE('',#2576,0.00381);
#157=CIRCLE('',#2577,0.00381);
#158=CIRCLE('',#2578,0.00381);
#159=CIRCLE('',#2579,0.00381);
#160=CIRCLE('',#2580,0.00381);
#161=CIRCLE('',#2581,0.00381);
#162=CIRCLE('',#2582,0.00381);
#163=CIRCLE('',#2583,0.00381);
#164=CIRCLE('',#2584,0.00381);
#165=CIRCLE('',#2585,0.00381);
#166=CIRCLE('',#2586,0.00381);
#167=CIRCLE('',#2587,0.00381);
#168=CIRCLE('',#2620,0.0036511833731802);
#169=CIRCLE('',#2623,0.0036511833731802);
#170=CIRCLE('',#2626,0.00365118337318019);
#171=CIRCLE('',#2629,0.00365118337318019);
#172=CIRCLE('',#2632,0.0036511833731802);
#173=CIRCLE('',#2635,0.0036511833731802);
#174=CIRCLE('',#2645,0.00381);
#175=CIRCLE('',#2648,0.00381);
#176=CIRCLE('',#2651,0.00381);
#177=CIRCLE('',#2654,0.00381);
#178=CIRCLE('',#2657,0.00381);
#179=CIRCLE('',#2660,0.00381);
#180=CIRCLE('',#2663,0.00381);
#181=CIRCLE('',#2666,0.00381);
#182=CIRCLE('',#2669,0.00381);
#183=CIRCLE('',#2672,0.00381);
#184=CIRCLE('',#2675,0.00381);
#185=CIRCLE('',#2678,0.00381);
#186=CIRCLE('',#2681,0.00381);
#187=CIRCLE('',#2684,0.00381);
#188=CIRCLE('',#2687,0.00381);
#189=CIRCLE('',#2690,0.00381);
#190=CIRCLE('',#2693,0.00381);
#191=CIRCLE('',#2696,0.00381);
#192=CIRCLE('',#2699,0.00381);
#193=CIRCLE('',#2702,0.00381);
#194=CIRCLE('',#2705,0.00381);
#195=CIRCLE('',#2708,0.00381);
#196=CIRCLE('',#2711,0.00381);
#197=CIRCLE('',#2714,0.00381);
#198=CIRCLE('',#2717,0.00381);
#199=CIRCLE('',#2720,0.00381);
#200=CIRCLE('',#2723,0.00381);
#201=CIRCLE('',#2726,0.00381);
#202=CIRCLE('',#2729,0.00381);
#203=CIRCLE('',#2732,0.00381);
#204=CIRCLE('',#2735,0.00381);
#205=CIRCLE('',#2738,0.00381);
#206=CIRCLE('',#2741,0.00381);
#207=CIRCLE('',#2744,0.00381);
#208=CIRCLE('',#2747,0.00381);
#209=CIRCLE('',#2750,0.00381);
#210=CIRCLE('',#2753,0.00381);
#211=CIRCLE('',#2756,0.00381);
#212=CIRCLE('',#2759,0.00381);
#213=CIRCLE('',#2762,0.00381);
#214=CIRCLE('',#2765,0.00381);
#215=CIRCLE('',#2768,0.00381);
#216=CIRCLE('',#2771,0.00381);
#217=CIRCLE('',#2774,0.00381);
#218=CIRCLE('',#2777,0.00381);
#219=CIRCLE('',#2780,0.00381);
#220=CIRCLE('',#2783,0.00381);
#221=CIRCLE('',#2786,0.00381);
#222=CIRCLE('',#2789,0.00381);
#223=CIRCLE('',#2792,0.00381);
#224=CIRCLE('',#2795,0.00381);
#225=CIRCLE('',#2798,0.00381);
#226=CIRCLE('',#2801,0.00381);
#227=CIRCLE('',#2804,0.00381);
#228=CIRCLE('',#2807,0.00381);
#229=CIRCLE('',#2810,0.00381);
#230=CIRCLE('',#2813,0.00381);
#231=CIRCLE('',#2816,0.00381);
#232=CIRCLE('',#2819,0.00381);
#233=CIRCLE('',#2822,0.00381);
#234=CIRCLE('',#2825,0.00381);
#235=CIRCLE('',#2828,0.00381);
#236=CIRCLE('',#2831,0.00381);
#237=CIRCLE('',#2834,0.00381);
#238=CIRCLE('',#2837,0.00381);
#239=CIRCLE('',#2840,0.00381);
#240=CIRCLE('',#2843,0.00381);
#241=CIRCLE('',#2846,0.00381);
#242=CIRCLE('',#2849,0.00381);
#243=CIRCLE('',#2852,0.00381);
#244=CIRCLE('',#2855,0.00381);
#245=CIRCLE('',#2858,0.00381);
#246=ORIENTED_EDGE('',*,*,#762,.F.);
#247=ORIENTED_EDGE('',*,*,#763,.F.);
#248=ORIENTED_EDGE('',*,*,#764,.F.);
#249=ORIENTED_EDGE('',*,*,#765,.F.);
#250=ORIENTED_EDGE('',*,*,#766,.F.);
#251=ORIENTED_EDGE('',*,*,#767,.F.);
#252=ORIENTED_EDGE('',*,*,#768,.F.);
#253=ORIENTED_EDGE('',*,*,#769,.F.);
#254=ORIENTED_EDGE('',*,*,#770,.F.);
#255=ORIENTED_EDGE('',*,*,#771,.F.);
#256=ORIENTED_EDGE('',*,*,#772,.F.);
#257=ORIENTED_EDGE('',*,*,#773,.F.);
#258=ORIENTED_EDGE('',*,*,#774,.F.);
#259=ORIENTED_EDGE('',*,*,#775,.T.);
#260=ORIENTED_EDGE('',*,*,#776,.T.);
#261=ORIENTED_EDGE('',*,*,#777,.F.);
#262=ORIENTED_EDGE('',*,*,#778,.F.);
#263=ORIENTED_EDGE('',*,*,#779,.T.);
#264=ORIENTED_EDGE('',*,*,#780,.T.);
#265=ORIENTED_EDGE('',*,*,#781,.F.);
#266=ORIENTED_EDGE('',*,*,#782,.F.);
#267=ORIENTED_EDGE('',*,*,#783,.T.);
#268=ORIENTED_EDGE('',*,*,#784,.T.);
#269=ORIENTED_EDGE('',*,*,#785,.F.);
#270=ORIENTED_EDGE('',*,*,#786,.F.);
#271=ORIENTED_EDGE('',*,*,#787,.T.);
#272=ORIENTED_EDGE('',*,*,#788,.T.);
#273=ORIENTED_EDGE('',*,*,#789,.F.);
#274=ORIENTED_EDGE('',*,*,#790,.F.);
#275=ORIENTED_EDGE('',*,*,#791,.T.);
#276=ORIENTED_EDGE('',*,*,#792,.T.);
#277=ORIENTED_EDGE('',*,*,#793,.F.);
#278=ORIENTED_EDGE('',*,*,#794,.F.);
#279=ORIENTED_EDGE('',*,*,#795,.F.);
#280=ORIENTED_EDGE('',*,*,#796,.T.);
#281=ORIENTED_EDGE('',*,*,#797,.T.);
#282=ORIENTED_EDGE('',*,*,#798,.F.);
#283=ORIENTED_EDGE('',*,*,#799,.T.);
#284=ORIENTED_EDGE('',*,*,#800,.T.);
#285=ORIENTED_EDGE('',*,*,#801,.F.);
#286=ORIENTED_EDGE('',*,*,#802,.F.);
#287=ORIENTED_EDGE('',*,*,#803,.F.);
#288=ORIENTED_EDGE('',*,*,#804,.T.);
#289=ORIENTED_EDGE('',*,*,#795,.T.);
#290=ORIENTED_EDGE('',*,*,#805,.T.);
#291=ORIENTED_EDGE('',*,*,#806,.F.);
#292=ORIENTED_EDGE('',*,*,#807,.F.);
#293=ORIENTED_EDGE('',*,*,#803,.T.);
#294=ORIENTED_EDGE('',*,*,#808,.T.);
#295=ORIENTED_EDGE('',*,*,#797,.F.);
#296=ORIENTED_EDGE('',*,*,#809,.F.);
#297=ORIENTED_EDGE('',*,*,#806,.T.);
#298=ORIENTED_EDGE('',*,*,#810,.F.);
#299=ORIENTED_EDGE('',*,*,#811,.F.);
#300=ORIENTED_EDGE('',*,*,#812,.F.);
#301=ORIENTED_EDGE('',*,*,#813,.F.);
#302=ORIENTED_EDGE('',*,*,#814,.F.);
#303=ORIENTED_EDGE('',*,*,#815,.F.);
#304=ORIENTED_EDGE('',*,*,#816,.F.);
#305=ORIENTED_EDGE('',*,*,#817,.F.);
#306=ORIENTED_EDGE('',*,*,#818,.F.);
#307=ORIENTED_EDGE('',*,*,#819,.F.);
#308=ORIENTED_EDGE('',*,*,#820,.F.);
#309=ORIENTED_EDGE('',*,*,#821,.F.);
#310=ORIENTED_EDGE('',*,*,#822,.F.);
#311=ORIENTED_EDGE('',*,*,#823,.F.);
#312=ORIENTED_EDGE('',*,*,#824,.F.);
#313=ORIENTED_EDGE('',*,*,#825,.F.);
#314=ORIENTED_EDGE('',*,*,#826,.F.);
#315=ORIENTED_EDGE('',*,*,#827,.F.);
#316=ORIENTED_EDGE('',*,*,#828,.F.);
#317=ORIENTED_EDGE('',*,*,#829,.F.);
#318=ORIENTED_EDGE('',*,*,#830,.F.);
#319=ORIENTED_EDGE('',*,*,#831,.F.);
#320=ORIENTED_EDGE('',*,*,#832,.F.);
#321=ORIENTED_EDGE('',*,*,#833,.F.);
#322=ORIENTED_EDGE('',*,*,#834,.F.);
#323=ORIENTED_EDGE('',*,*,#835,.F.);
#324=ORIENTED_EDGE('',*,*,#836,.F.);
#325=ORIENTED_EDGE('',*,*,#837,.F.);
#326=ORIENTED_EDGE('',*,*,#838,.F.);
#327=ORIENTED_EDGE('',*,*,#839,.F.);
#328=ORIENTED_EDGE('',*,*,#840,.F.);
#329=ORIENTED_EDGE('',*,*,#841,.F.);
#330=ORIENTED_EDGE('',*,*,#842,.F.);
#331=ORIENTED_EDGE('',*,*,#843,.F.);
#332=ORIENTED_EDGE('',*,*,#844,.F.);
#333=ORIENTED_EDGE('',*,*,#845,.F.);
#334=ORIENTED_EDGE('',*,*,#846,.F.);
#335=ORIENTED_EDGE('',*,*,#847,.F.);
#336=ORIENTED_EDGE('',*,*,#848,.F.);
#337=ORIENTED_EDGE('',*,*,#849,.F.);
#338=ORIENTED_EDGE('',*,*,#850,.F.);
#339=ORIENTED_EDGE('',*,*,#851,.F.);
#340=ORIENTED_EDGE('',*,*,#852,.F.);
#341=ORIENTED_EDGE('',*,*,#853,.F.);
#342=ORIENTED_EDGE('',*,*,#854,.F.);
#343=ORIENTED_EDGE('',*,*,#855,.F.);
#344=ORIENTED_EDGE('',*,*,#856,.F.);
#345=ORIENTED_EDGE('',*,*,#857,.F.);
#346=ORIENTED_EDGE('',*,*,#858,.F.);
#347=ORIENTED_EDGE('',*,*,#859,.F.);
#348=ORIENTED_EDGE('',*,*,#860,.F.);
#349=ORIENTED_EDGE('',*,*,#861,.F.);
#350=ORIENTED_EDGE('',*,*,#862,.F.);
#351=ORIENTED_EDGE('',*,*,#863,.F.);
#352=ORIENTED_EDGE('',*,*,#864,.F.);
#353=ORIENTED_EDGE('',*,*,#865,.F.);
#354=ORIENTED_EDGE('',*,*,#866,.F.);
#355=ORIENTED_EDGE('',*,*,#867,.F.);
#356=ORIENTED_EDGE('',*,*,#868,.F.);
#357=ORIENTED_EDGE('',*,*,#869,.F.);
#358=ORIENTED_EDGE('',*,*,#870,.F.);
#359=ORIENTED_EDGE('',*,*,#871,.F.);
#360=ORIENTED_EDGE('',*,*,#872,.F.);
#361=ORIENTED_EDGE('',*,*,#873,.F.);
#362=ORIENTED_EDGE('',*,*,#874,.F.);
#363=ORIENTED_EDGE('',*,*,#875,.F.);
#364=ORIENTED_EDGE('',*,*,#876,.F.);
#365=ORIENTED_EDGE('',*,*,#877,.F.);
#366=ORIENTED_EDGE('',*,*,#878,.F.);
#367=ORIENTED_EDGE('',*,*,#879,.F.);
#368=ORIENTED_EDGE('',*,*,#880,.F.);
#369=ORIENTED_EDGE('',*,*,#881,.F.);
#370=ORIENTED_EDGE('',*,*,#804,.F.);
#371=ORIENTED_EDGE('',*,*,#807,.T.);
#372=ORIENTED_EDGE('',*,*,#809,.T.);
#373=ORIENTED_EDGE('',*,*,#796,.F.);
#374=ORIENTED_EDGE('',*,*,#802,.T.);
#375=ORIENTED_EDGE('',*,*,#794,.T.);
#376=ORIENTED_EDGE('',*,*,#808,.F.);
#377=ORIENTED_EDGE('',*,*,#805,.F.);
#378=ORIENTED_EDGE('',*,*,#790,.T.);
#379=ORIENTED_EDGE('',*,*,#882,.F.);
#380=ORIENTED_EDGE('',*,*,#883,.F.);
#381=ORIENTED_EDGE('',*,*,#884,.T.);
#382=ORIENTED_EDGE('',*,*,#793,.T.);
#383=ORIENTED_EDGE('',*,*,#885,.F.);
#384=ORIENTED_EDGE('',*,*,#886,.F.);
#385=ORIENTED_EDGE('',*,*,#882,.T.);
#386=ORIENTED_EDGE('',*,*,#792,.F.);
#387=ORIENTED_EDGE('',*,*,#887,.F.);
#388=ORIENTED_EDGE('',*,*,#888,.T.);
#389=ORIENTED_EDGE('',*,*,#885,.T.);
#390=ORIENTED_EDGE('',*,*,#791,.F.);
#391=ORIENTED_EDGE('',*,*,#884,.F.);
#392=ORIENTED_EDGE('',*,*,#889,.T.);
#393=ORIENTED_EDGE('',*,*,#887,.T.);
#394=ORIENTED_EDGE('',*,*,#883,.T.);
#395=ORIENTED_EDGE('',*,*,#886,.T.);
#396=ORIENTED_EDGE('',*,*,#888,.F.);
#397=ORIENTED_EDGE('',*,*,#889,.F.);
#398=ORIENTED_EDGE('',*,*,#786,.T.);
#399=ORIENTED_EDGE('',*,*,#890,.F.);
#400=ORIENTED_EDGE('',*,*,#891,.F.);
#401=ORIENTED_EDGE('',*,*,#892,.T.);
#402=ORIENTED_EDGE('',*,*,#789,.T.);
#403=ORIENTED_EDGE('',*,*,#893,.F.);
#404=ORIENTED_EDGE('',*,*,#894,.F.);
#405=ORIENTED_EDGE('',*,*,#890,.T.);
#406=ORIENTED_EDGE('',*,*,#788,.F.);
#407=ORIENTED_EDGE('',*,*,#895,.F.);
#408=ORIENTED_EDGE('',*,*,#896,.T.);
#409=ORIENTED_EDGE('',*,*,#893,.T.);
#410=ORIENTED_EDGE('',*,*,#787,.F.);
#411=ORIENTED_EDGE('',*,*,#892,.F.);
#412=ORIENTED_EDGE('',*,*,#897,.T.);
#413=ORIENTED_EDGE('',*,*,#895,.T.);
#414=ORIENTED_EDGE('',*,*,#891,.T.);
#415=ORIENTED_EDGE('',*,*,#894,.T.);
#416=ORIENTED_EDGE('',*,*,#896,.F.);
#417=ORIENTED_EDGE('',*,*,#897,.F.);
#418=ORIENTED_EDGE('',*,*,#782,.T.);
#419=ORIENTED_EDGE('',*,*,#898,.F.);
#420=ORIENTED_EDGE('',*,*,#899,.F.);
#421=ORIENTED_EDGE('',*,*,#900,.T.);
#422=ORIENTED_EDGE('',*,*,#785,.T.);
#423=ORIENTED_EDGE('',*,*,#901,.F.);
#424=ORIENTED_EDGE('',*,*,#902,.F.);
#425=ORIENTED_EDGE('',*,*,#898,.T.);
#426=ORIENTED_EDGE('',*,*,#784,.F.);
#427=ORIENTED_EDGE('',*,*,#903,.F.);
#428=ORIENTED_EDGE('',*,*,#904,.T.);
#429=ORIENTED_EDGE('',*,*,#901,.T.);
#430=ORIENTED_EDGE('',*,*,#783,.F.);
#431=ORIENTED_EDGE('',*,*,#900,.F.);
#432=ORIENTED_EDGE('',*,*,#905,.T.);
#433=ORIENTED_EDGE('',*,*,#903,.T.);
#434=ORIENTED_EDGE('',*,*,#899,.T.);
#435=ORIENTED_EDGE('',*,*,#902,.T.);
#436=ORIENTED_EDGE('',*,*,#904,.F.);
#437=ORIENTED_EDGE('',*,*,#905,.F.);
#438=ORIENTED_EDGE('',*,*,#778,.T.);
#439=ORIENTED_EDGE('',*,*,#906,.F.);
#440=ORIENTED_EDGE('',*,*,#907,.F.);
#441=ORIENTED_EDGE('',*,*,#908,.T.);
#442=ORIENTED_EDGE('',*,*,#781,.T.);
#443=ORIENTED_EDGE('',*,*,#909,.F.);
#444=ORIENTED_EDGE('',*,*,#910,.F.);
#445=ORIENTED_EDGE('',*,*,#906,.T.);
#446=ORIENTED_EDGE('',*,*,#780,.F.);
#447=ORIENTED_EDGE('',*,*,#911,.F.);
#448=ORIENTED_EDGE('',*,*,#912,.T.);
#449=ORIENTED_EDGE('',*,*,#909,.T.);
#450=ORIENTED_EDGE('',*,*,#779,.F.);
#451=ORIENTED_EDGE('',*,*,#908,.F.);
#452=ORIENTED_EDGE('',*,*,#913,.T.);
#453=ORIENTED_EDGE('',*,*,#911,.T.);
#454=ORIENTED_EDGE('',*,*,#907,.T.);
#455=ORIENTED_EDGE('',*,*,#910,.T.);
#456=ORIENTED_EDGE('',*,*,#912,.F.);
#457=ORIENTED_EDGE('',*,*,#913,.F.);
#458=ORIENTED_EDGE('',*,*,#774,.T.);
#459=ORIENTED_EDGE('',*,*,#914,.F.);
#460=ORIENTED_EDGE('',*,*,#915,.F.);
#461=ORIENTED_EDGE('',*,*,#916,.T.);
#462=ORIENTED_EDGE('',*,*,#777,.T.);
#463=ORIENTED_EDGE('',*,*,#917,.F.);
#464=ORIENTED_EDGE('',*,*,#918,.F.);
#465=ORIENTED_EDGE('',*,*,#914,.T.);
#466=ORIENTED_EDGE('',*,*,#776,.F.);
#467=ORIENTED_EDGE('',*,*,#919,.F.);
#468=ORIENTED_EDGE('',*,*,#920,.T.);
#469=ORIENTED_EDGE('',*,*,#917,.T.);
#470=ORIENTED_EDGE('',*,*,#775,.F.);
#471=ORIENTED_EDGE('',*,*,#916,.F.);
#472=ORIENTED_EDGE('',*,*,#921,.T.);
#473=ORIENTED_EDGE('',*,*,#919,.T.);
#474=ORIENTED_EDGE('',*,*,#915,.T.);
#475=ORIENTED_EDGE('',*,*,#918,.T.);
#476=ORIENTED_EDGE('',*,*,#920,.F.);
#477=ORIENTED_EDGE('',*,*,#921,.F.);
#478=ORIENTED_EDGE('',*,*,#799,.F.);
#479=ORIENTED_EDGE('',*,*,#922,.F.);
#480=ORIENTED_EDGE('',*,*,#923,.T.);
#481=ORIENTED_EDGE('',*,*,#924,.T.);
#482=ORIENTED_EDGE('',*,*,#798,.T.);
#483=ORIENTED_EDGE('',*,*,#925,.F.);
#484=ORIENTED_EDGE('',*,*,#926,.F.);
#485=ORIENTED_EDGE('',*,*,#922,.T.);
#486=ORIENTED_EDGE('',*,*,#801,.T.);
#487=ORIENTED_EDGE('',*,*,#927,.F.);
#488=ORIENTED_EDGE('',*,*,#928,.F.);
#489=ORIENTED_EDGE('',*,*,#925,.T.);
#490=ORIENTED_EDGE('',*,*,#800,.F.);
#491=ORIENTED_EDGE('',*,*,#924,.F.);
#492=ORIENTED_EDGE('',*,*,#929,.T.);
#493=ORIENTED_EDGE('',*,*,#927,.T.);
#494=ORIENTED_EDGE('',*,*,#923,.F.);
#495=ORIENTED_EDGE('',*,*,#926,.T.);
#496=ORIENTED_EDGE('',*,*,#928,.T.);
#497=ORIENTED_EDGE('',*,*,#929,.F.);
#498=ORIENTED_EDGE('',*,*,#930,.F.);
#499=ORIENTED_EDGE('',*,*,#773,.T.);
#500=ORIENTED_EDGE('',*,*,#930,.T.);
#501=ORIENTED_EDGE('',*,*,#931,.F.);
#502=ORIENTED_EDGE('',*,*,#772,.T.);
#503=ORIENTED_EDGE('',*,*,#931,.T.);
#504=ORIENTED_EDGE('',*,*,#932,.F.);
#505=ORIENTED_EDGE('',*,*,#771,.T.);
#506=ORIENTED_EDGE('',*,*,#932,.T.);
#507=ORIENTED_EDGE('',*,*,#933,.F.);
#508=ORIENTED_EDGE('',*,*,#770,.T.);
#509=ORIENTED_EDGE('',*,*,#933,.T.);
#510=ORIENTED_EDGE('',*,*,#934,.F.);
#511=ORIENTED_EDGE('',*,*,#769,.T.);
#512=ORIENTED_EDGE('',*,*,#934,.T.);
#513=ORIENTED_EDGE('',*,*,#935,.F.);
#514=ORIENTED_EDGE('',*,*,#768,.T.);
#515=ORIENTED_EDGE('',*,*,#935,.T.);
#516=ORIENTED_EDGE('',*,*,#762,.T.);
#517=ORIENTED_EDGE('',*,*,#936,.F.);
#518=ORIENTED_EDGE('',*,*,#937,.F.);
#519=ORIENTED_EDGE('',*,*,#938,.T.);
#520=ORIENTED_EDGE('',*,*,#767,.T.);
#521=ORIENTED_EDGE('',*,*,#939,.F.);
#522=ORIENTED_EDGE('',*,*,#940,.F.);
#523=ORIENTED_EDGE('',*,*,#936,.T.);
#524=ORIENTED_EDGE('',*,*,#766,.T.);
#525=ORIENTED_EDGE('',*,*,#941,.F.);
#526=ORIENTED_EDGE('',*,*,#942,.F.);
#527=ORIENTED_EDGE('',*,*,#939,.T.);
#528=ORIENTED_EDGE('',*,*,#765,.T.);
#529=ORIENTED_EDGE('',*,*,#943,.F.);
#530=ORIENTED_EDGE('',*,*,#944,.F.);
#531=ORIENTED_EDGE('',*,*,#941,.T.);
#532=ORIENTED_EDGE('',*,*,#764,.T.);
#533=ORIENTED_EDGE('',*,*,#945,.F.);
#534=ORIENTED_EDGE('',*,*,#946,.F.);
#535=ORIENTED_EDGE('',*,*,#943,.T.);
#536=ORIENTED_EDGE('',*,*,#763,.T.);
#537=ORIENTED_EDGE('',*,*,#938,.F.);
#538=ORIENTED_EDGE('',*,*,#947,.F.);
#539=ORIENTED_EDGE('',*,*,#945,.T.);
#540=ORIENTED_EDGE('',*,*,#937,.T.);
#541=ORIENTED_EDGE('',*,*,#940,.T.);
#542=ORIENTED_EDGE('',*,*,#942,.T.);
#543=ORIENTED_EDGE('',*,*,#944,.T.);
#544=ORIENTED_EDGE('',*,*,#946,.T.);
#545=ORIENTED_EDGE('',*,*,#947,.T.);
#546=ORIENTED_EDGE('',*,*,#948,.F.);
#547=ORIENTED_EDGE('',*,*,#881,.T.);
#548=ORIENTED_EDGE('',*,*,#948,.T.);
#549=ORIENTED_EDGE('',*,*,#949,.F.);
#550=ORIENTED_EDGE('',*,*,#880,.T.);
#551=ORIENTED_EDGE('',*,*,#949,.T.);
#552=ORIENTED_EDGE('',*,*,#950,.F.);
#553=ORIENTED_EDGE('',*,*,#879,.T.);
#554=ORIENTED_EDGE('',*,*,#950,.T.);
#555=ORIENTED_EDGE('',*,*,#951,.F.);
#556=ORIENTED_EDGE('',*,*,#878,.T.);
#557=ORIENTED_EDGE('',*,*,#951,.T.);
#558=ORIENTED_EDGE('',*,*,#952,.F.);
#559=ORIENTED_EDGE('',*,*,#877,.T.);
#560=ORIENTED_EDGE('',*,*,#952,.T.);
#561=ORIENTED_EDGE('',*,*,#953,.F.);
#562=ORIENTED_EDGE('',*,*,#876,.T.);
#563=ORIENTED_EDGE('',*,*,#953,.T.);
#564=ORIENTED_EDGE('',*,*,#954,.F.);
#565=ORIENTED_EDGE('',*,*,#875,.T.);
#566=ORIENTED_EDGE('',*,*,#954,.T.);
#567=ORIENTED_EDGE('',*,*,#955,.F.);
#568=ORIENTED_EDGE('',*,*,#874,.T.);
#569=ORIENTED_EDGE('',*,*,#955,.T.);
#570=ORIENTED_EDGE('',*,*,#956,.F.);
#571=ORIENTED_EDGE('',*,*,#873,.T.);
#572=ORIENTED_EDGE('',*,*,#956,.T.);
#573=ORIENTED_EDGE('',*,*,#957,.F.);
#574=ORIENTED_EDGE('',*,*,#872,.T.);
#575=ORIENTED_EDGE('',*,*,#957,.T.);
#576=ORIENTED_EDGE('',*,*,#958,.F.);
#577=ORIENTED_EDGE('',*,*,#871,.T.);
#578=ORIENTED_EDGE('',*,*,#958,.T.);
#579=ORIENTED_EDGE('',*,*,#959,.F.);
#580=ORIENTED_EDGE('',*,*,#870,.T.);
#581=ORIENTED_EDGE('',*,*,#959,.T.);
#582=ORIENTED_EDGE('',*,*,#960,.F.);
#583=ORIENTED_EDGE('',*,*,#869,.T.);
#584=ORIENTED_EDGE('',*,*,#960,.T.);
#585=ORIENTED_EDGE('',*,*,#961,.F.);
#586=ORIENTED_EDGE('',*,*,#868,.T.);
#587=ORIENTED_EDGE('',*,*,#961,.T.);
#588=ORIENTED_EDGE('',*,*,#962,.F.);
#589=ORIENTED_EDGE('',*,*,#867,.T.);
#590=ORIENTED_EDGE('',*,*,#962,.T.);
#591=ORIENTED_EDGE('',*,*,#963,.F.);
#592=ORIENTED_EDGE('',*,*,#866,.T.);
#593=ORIENTED_EDGE('',*,*,#963,.T.);
#594=ORIENTED_EDGE('',*,*,#964,.F.);
#595=ORIENTED_EDGE('',*,*,#865,.T.);
#596=ORIENTED_EDGE('',*,*,#964,.T.);
#597=ORIENTED_EDGE('',*,*,#965,.F.);
#598=ORIENTED_EDGE('',*,*,#864,.T.);
#599=ORIENTED_EDGE('',*,*,#965,.T.);
#600=ORIENTED_EDGE('',*,*,#966,.F.);
#601=ORIENTED_EDGE('',*,*,#863,.T.);
#602=ORIENTED_EDGE('',*,*,#966,.T.);
#603=ORIENTED_EDGE('',*,*,#967,.F.);
#604=ORIENTED_EDGE('',*,*,#862,.T.);
#605=ORIENTED_EDGE('',*,*,#967,.T.);
#606=ORIENTED_EDGE('',*,*,#968,.F.);
#607=ORIENTED_EDGE('',*,*,#861,.T.);
#608=ORIENTED_EDGE('',*,*,#968,.T.);
#609=ORIENTED_EDGE('',*,*,#969,.F.);
#610=ORIENTED_EDGE('',*,*,#860,.T.);
#611=ORIENTED_EDGE('',*,*,#969,.T.);
#612=ORIENTED_EDGE('',*,*,#970,.F.);
#613=ORIENTED_EDGE('',*,*,#859,.T.);
#614=ORIENTED_EDGE('',*,*,#970,.T.);
#615=ORIENTED_EDGE('',*,*,#971,.F.);
#616=ORIENTED_EDGE('',*,*,#858,.T.);
#617=ORIENTED_EDGE('',*,*,#971,.T.);
#618=ORIENTED_EDGE('',*,*,#972,.F.);
#619=ORIENTED_EDGE('',*,*,#857,.T.);
#620=ORIENTED_EDGE('',*,*,#972,.T.);
#621=ORIENTED_EDGE('',*,*,#973,.F.);
#622=ORIENTED_EDGE('',*,*,#856,.T.);
#623=ORIENTED_EDGE('',*,*,#973,.T.);
#624=ORIENTED_EDGE('',*,*,#974,.F.);
#625=ORIENTED_EDGE('',*,*,#855,.T.);
#626=ORIENTED_EDGE('',*,*,#974,.T.);
#627=ORIENTED_EDGE('',*,*,#975,.F.);
#628=ORIENTED_EDGE('',*,*,#854,.T.);
#629=ORIENTED_EDGE('',*,*,#975,.T.);
#630=ORIENTED_EDGE('',*,*,#976,.F.);
#631=ORIENTED_EDGE('',*,*,#853,.T.);
#632=ORIENTED_EDGE('',*,*,#976,.T.);
#633=ORIENTED_EDGE('',*,*,#977,.F.);
#634=ORIENTED_EDGE('',*,*,#852,.T.);
#635=ORIENTED_EDGE('',*,*,#977,.T.);
#636=ORIENTED_EDGE('',*,*,#978,.F.);
#637=ORIENTED_EDGE('',*,*,#851,.T.);
#638=ORIENTED_EDGE('',*,*,#978,.T.);
#639=ORIENTED_EDGE('',*,*,#979,.F.);
#640=ORIENTED_EDGE('',*,*,#850,.T.);
#641=ORIENTED_EDGE('',*,*,#979,.T.);
#642=ORIENTED_EDGE('',*,*,#980,.F.);
#643=ORIENTED_EDGE('',*,*,#849,.T.);
#644=ORIENTED_EDGE('',*,*,#980,.T.);
#645=ORIENTED_EDGE('',*,*,#981,.F.);
#646=ORIENTED_EDGE('',*,*,#848,.T.);
#647=ORIENTED_EDGE('',*,*,#981,.T.);
#648=ORIENTED_EDGE('',*,*,#982,.F.);
#649=ORIENTED_EDGE('',*,*,#847,.T.);
#650=ORIENTED_EDGE('',*,*,#982,.T.);
#651=ORIENTED_EDGE('',*,*,#983,.F.);
#652=ORIENTED_EDGE('',*,*,#846,.T.);
#653=ORIENTED_EDGE('',*,*,#983,.T.);
#654=ORIENTED_EDGE('',*,*,#984,.F.);
#655=ORIENTED_EDGE('',*,*,#845,.T.);
#656=ORIENTED_EDGE('',*,*,#984,.T.);
#657=ORIENTED_EDGE('',*,*,#985,.F.);
#658=ORIENTED_EDGE('',*,*,#844,.T.);
#659=ORIENTED_EDGE('',*,*,#985,.T.);
#660=ORIENTED_EDGE('',*,*,#986,.F.);
#661=ORIENTED_EDGE('',*,*,#843,.T.);
#662=ORIENTED_EDGE('',*,*,#986,.T.);
#663=ORIENTED_EDGE('',*,*,#987,.F.);
#664=ORIENTED_EDGE('',*,*,#842,.T.);
#665=ORIENTED_EDGE('',*,*,#987,.T.);
#666=ORIENTED_EDGE('',*,*,#988,.F.);
#667=ORIENTED_EDGE('',*,*,#841,.T.);
#668=ORIENTED_EDGE('',*,*,#988,.T.);
#669=ORIENTED_EDGE('',*,*,#989,.F.);
#670=ORIENTED_EDGE('',*,*,#840,.T.);
#671=ORIENTED_EDGE('',*,*,#989,.T.);
#672=ORIENTED_EDGE('',*,*,#990,.F.);
#673=ORIENTED_EDGE('',*,*,#839,.T.);
#674=ORIENTED_EDGE('',*,*,#990,.T.);
#675=ORIENTED_EDGE('',*,*,#991,.F.);
#676=ORIENTED_EDGE('',*,*,#838,.T.);
#677=ORIENTED_EDGE('',*,*,#991,.T.);
#678=ORIENTED_EDGE('',*,*,#992,.F.);
#679=ORIENTED_EDGE('',*,*,#837,.T.);
#680=ORIENTED_EDGE('',*,*,#992,.T.);
#681=ORIENTED_EDGE('',*,*,#993,.F.);
#682=ORIENTED_EDGE('',*,*,#836,.T.);
#683=ORIENTED_EDGE('',*,*,#993,.T.);
#684=ORIENTED_EDGE('',*,*,#994,.F.);
#685=ORIENTED_EDGE('',*,*,#835,.T.);
#686=ORIENTED_EDGE('',*,*,#994,.T.);
#687=ORIENTED_EDGE('',*,*,#995,.F.);
#688=ORIENTED_EDGE('',*,*,#834,.T.);
#689=ORIENTED_EDGE('',*,*,#995,.T.);
#690=ORIENTED_EDGE('',*,*,#996,.F.);
#691=ORIENTED_EDGE('',*,*,#833,.T.);
#692=ORIENTED_EDGE('',*,*,#996,.T.);
#693=ORIENTED_EDGE('',*,*,#997,.F.);
#694=ORIENTED_EDGE('',*,*,#832,.T.);
#695=ORIENTED_EDGE('',*,*,#997,.T.);
#696=ORIENTED_EDGE('',*,*,#998,.F.);
#697=ORIENTED_EDGE('',*,*,#831,.T.);
#698=ORIENTED_EDGE('',*,*,#998,.T.);
#699=ORIENTED_EDGE('',*,*,#999,.F.);
#700=ORIENTED_EDGE('',*,*,#830,.T.);
#701=ORIENTED_EDGE('',*,*,#999,.T.);
#702=ORIENTED_EDGE('',*,*,#1000,.F.);
#703=ORIENTED_EDGE('',*,*,#829,.T.);
#704=ORIENTED_EDGE('',*,*,#1000,.T.);
#705=ORIENTED_EDGE('',*,*,#1001,.F.);
#706=ORIENTED_EDGE('',*,*,#828,.T.);
#707=ORIENTED_EDGE('',*,*,#1001,.T.);
#708=ORIENTED_EDGE('',*,*,#1002,.F.);
#709=ORIENTED_EDGE('',*,*,#827,.T.);
#710=ORIENTED_EDGE('',*,*,#1002,.T.);
#711=ORIENTED_EDGE('',*,*,#1003,.F.);
#712=ORIENTED_EDGE('',*,*,#826,.T.);
#713=ORIENTED_EDGE('',*,*,#1003,.T.);
#714=ORIENTED_EDGE('',*,*,#1004,.F.);
#715=ORIENTED_EDGE('',*,*,#825,.T.);
#716=ORIENTED_EDGE('',*,*,#1004,.T.);
#717=ORIENTED_EDGE('',*,*,#1005,.F.);
#718=ORIENTED_EDGE('',*,*,#824,.T.);
#719=ORIENTED_EDGE('',*,*,#1005,.T.);
#720=ORIENTED_EDGE('',*,*,#1006,.F.);
#721=ORIENTED_EDGE('',*,*,#823,.T.);
#722=ORIENTED_EDGE('',*,*,#1006,.T.);
#723=ORIENTED_EDGE('',*,*,#1007,.F.);
#724=ORIENTED_EDGE('',*,*,#822,.T.);
#725=ORIENTED_EDGE('',*,*,#1007,.T.);
#726=ORIENTED_EDGE('',*,*,#1008,.F.);
#727=ORIENTED_EDGE('',*,*,#821,.T.);
#728=ORIENTED_EDGE('',*,*,#1008,.T.);
#729=ORIENTED_EDGE('',*,*,#1009,.F.);
#730=ORIENTED_EDGE('',*,*,#820,.T.);
#731=ORIENTED_EDGE('',*,*,#1009,.T.);
#732=ORIENTED_EDGE('',*,*,#1010,.F.);
#733=ORIENTED_EDGE('',*,*,#819,.T.);
#734=ORIENTED_EDGE('',*,*,#1010,.T.);
#735=ORIENTED_EDGE('',*,*,#1011,.F.);
#736=ORIENTED_EDGE('',*,*,#818,.T.);
#737=ORIENTED_EDGE('',*,*,#1011,.T.);
#738=ORIENTED_EDGE('',*,*,#1012,.F.);
#739=ORIENTED_EDGE('',*,*,#817,.T.);
#740=ORIENTED_EDGE('',*,*,#1012,.T.);
#741=ORIENTED_EDGE('',*,*,#1013,.F.);
#742=ORIENTED_EDGE('',*,*,#816,.T.);
#743=ORIENTED_EDGE('',*,*,#1013,.T.);
#744=ORIENTED_EDGE('',*,*,#1014,.F.);
#745=ORIENTED_EDGE('',*,*,#815,.T.);
#746=ORIENTED_EDGE('',*,*,#1014,.T.);
#747=ORIENTED_EDGE('',*,*,#1015,.F.);
#748=ORIENTED_EDGE('',*,*,#814,.T.);
#749=ORIENTED_EDGE('',*,*,#1015,.T.);
#750=ORIENTED_EDGE('',*,*,#1016,.F.);
#751=ORIENTED_EDGE('',*,*,#813,.T.);
#752=ORIENTED_EDGE('',*,*,#1016,.T.);
#753=ORIENTED_EDGE('',*,*,#1017,.F.);
#754=ORIENTED_EDGE('',*,*,#812,.T.);
#755=ORIENTED_EDGE('',*,*,#1017,.T.);
#756=ORIENTED_EDGE('',*,*,#1018,.F.);
#757=ORIENTED_EDGE('',*,*,#811,.T.);
#758=ORIENTED_EDGE('',*,*,#1018,.T.);
#759=ORIENTED_EDGE('',*,*,#1019,.F.);
#760=ORIENTED_EDGE('',*,*,#810,.T.);
#761=ORIENTED_EDGE('',*,*,#1019,.T.);
#762=EDGE_CURVE('',#1020,#1021,#1244,.T.);
#763=EDGE_CURVE('',#1022,#1020,#1245,.T.);
#764=EDGE_CURVE('',#1023,#1022,#1246,.T.);
#765=EDGE_CURVE('',#1024,#1023,#1247,.T.);
#766=EDGE_CURVE('',#1025,#1024,#1248,.T.);
#767=EDGE_CURVE('',#1021,#1025,#1249,.T.);
#768=EDGE_CURVE('',#1026,#1026,#90,.T.);
#769=EDGE_CURVE('',#1027,#1027,#91,.T.);
#770=EDGE_CURVE('',#1028,#1028,#92,.T.);
#771=EDGE_CURVE('',#1029,#1029,#93,.T.);
#772=EDGE_CURVE('',#1030,#1030,#94,.T.);
#773=EDGE_CURVE('',#1031,#1031,#95,.T.);
#774=EDGE_CURVE('',#1032,#1033,#1250,.T.);
#775=EDGE_CURVE('',#1032,#1034,#1251,.T.);
#776=EDGE_CURVE('',#1034,#1035,#1252,.T.);
#777=EDGE_CURVE('',#1033,#1035,#1253,.T.);
#778=EDGE_CURVE('',#1036,#1037,#1254,.T.);
#779=EDGE_CURVE('',#1036,#1038,#1255,.T.);
#780=EDGE_CURVE('',#1038,#1039,#1256,.T.);
#781=EDGE_CURVE('',#1037,#1039,#1257,.T.);
#782=EDGE_CURVE('',#1040,#1041,#1258,.T.);
#783=EDGE_CURVE('',#1040,#1042,#1259,.T.);
#784=EDGE_CURVE('',#1042,#1043,#1260,.T.);
#785=EDGE_CURVE('',#1041,#1043,#1261,.T.);
#786=EDGE_CURVE('',#1044,#1045,#1262,.T.);
#787=EDGE_CURVE('',#1044,#1046,#1263,.T.);
#788=EDGE_CURVE('',#1046,#1047,#1264,.T.);
#789=EDGE_CURVE('',#1045,#1047,#1265,.T.);
#790=EDGE_CURVE('',#1048,#1049,#1266,.T.);
#791=EDGE_CURVE('',#1048,#1050,#1267,.T.);
#792=EDGE_CURVE('',#1050,#1051,#1268,.T.);
#793=EDGE_CURVE('',#1049,#1051,#1269,.T.);
#794=EDGE_CURVE('',#1052,#1053,#1270,.T.);
#795=EDGE_CURVE('',#1054,#1052,#1271,.T.);
#796=EDGE_CURVE('',#1054,#1055,#1272,.T.);
#797=EDGE_CURVE('',#1055,#1053,#1273,.T.);
#798=EDGE_CURVE('',#1056,#1057,#1274,.T.);
#799=EDGE_CURVE('',#1056,#1058,#1275,.T.);
#800=EDGE_CURVE('',#1058,#1059,#1276,.T.);
#801=EDGE_CURVE('',#1057,#1059,#1277,.T.);
#802=EDGE_CURVE('',#1060,#1052,#1278,.T.);
#803=EDGE_CURVE('',#1061,#1060,#1279,.T.);
#804=EDGE_CURVE('',#1061,#1054,#1280,.T.);
#805=EDGE_CURVE('',#1060,#1062,#1281,.T.);
#806=EDGE_CURVE('',#1063,#1062,#1282,.T.);
#807=EDGE_CURVE('',#1061,#1063,#1283,.T.);
#808=EDGE_CURVE('',#1062,#1053,#1284,.T.);
#809=EDGE_CURVE('',#1063,#1055,#1285,.T.);
#810=EDGE_CURVE('',#1064,#1064,#96,.T.);
#811=EDGE_CURVE('',#1065,#1065,#97,.T.);
#812=EDGE_CURVE('',#1066,#1066,#98,.T.);
#813=EDGE_CURVE('',#1067,#1067,#99,.T.);
#814=EDGE_CURVE('',#1068,#1068,#100,.T.);
#815=EDGE_CURVE('',#1069,#1069,#101,.T.);
#816=EDGE_CURVE('',#1070,#1070,#102,.T.);
#817=EDGE_CURVE('',#1071,#1071,#103,.T.);
#818=EDGE_CURVE('',#1072,#1072,#104,.T.);
#819=EDGE_CURVE('',#1073,#1073,#105,.T.);
#820=EDGE_CURVE('',#1074,#1074,#106,.T.);
#821=EDGE_CURVE('',#1075,#1075,#107,.T.);
#822=EDGE_CURVE('',#1076,#1076,#108,.T.);
#823=EDGE_CURVE('',#1077,#1077,#109,.T.);
#824=EDGE_CURVE('',#1078,#1078,#110,.T.);
#825=EDGE_CURVE('',#1079,#1079,#111,.T.);
#826=EDGE_CURVE('',#1080,#1080,#112,.T.);
#827=EDGE_CURVE('',#1081,#1081,#113,.T.);
#828=EDGE_CURVE('',#1082,#1082,#114,.T.);
#829=EDGE_CURVE('',#1083,#1083,#115,.T.);
#830=EDGE_CURVE('',#1084,#1084,#116,.T.);
#831=EDGE_CURVE('',#1085,#1085,#117,.T.);
#832=EDGE_CURVE('',#1086,#1086,#118,.T.);
#833=EDGE_CURVE('',#1087,#1087,#119,.T.);
#834=EDGE_CURVE('',#1088,#1088,#120,.T.);
#835=EDGE_CURVE('',#1089,#1089,#121,.T.);
#836=EDGE_CURVE('',#1090,#1090,#122,.T.);
#837=EDGE_CURVE('',#1091,#1091,#123,.T.);
#838=EDGE_CURVE('',#1092,#1092,#124,.T.);
#839=EDGE_CURVE('',#1093,#1093,#125,.T.);
#840=EDGE_CURVE('',#1094,#1094,#126,.T.);
#841=EDGE_CURVE('',#1095,#1095,#127,.T.);
#842=EDGE_CURVE('',#1096,#1096,#128,.T.);
#843=EDGE_CURVE('',#1097,#1097,#129,.T.);
#844=EDGE_CURVE('',#1098,#1098,#130,.T.);
#845=EDGE_CURVE('',#1099,#1099,#131,.T.);
#846=EDGE_CURVE('',#1100,#1100,#132,.T.);
#847=EDGE_CURVE('',#1101,#1101,#133,.T.);
#848=EDGE_CURVE('',#1102,#1102,#134,.T.);
#849=EDGE_CURVE('',#1103,#1103,#135,.T.);
#850=EDGE_CURVE('',#1104,#1104,#136,.T.);
#851=EDGE_CURVE('',#1105,#1105,#137,.T.);
#852=EDGE_CURVE('',#1106,#1106,#138,.T.);
#853=EDGE_CURVE('',#1107,#1107,#139,.T.);
#854=EDGE_CURVE('',#1108,#1108,#140,.T.);
#855=EDGE_CURVE('',#1109,#1109,#141,.T.);
#856=EDGE_CURVE('',#1110,#1110,#142,.T.);
#857=EDGE_CURVE('',#1111,#1111,#143,.T.);
#858=EDGE_CURVE('',#1112,#1112,#144,.T.);
#859=EDGE_CURVE('',#1113,#1113,#145,.T.);
#860=EDGE_CURVE('',#1114,#1114,#146,.T.);
#861=EDGE_CURVE('',#1115,#1115,#147,.T.);
#862=EDGE_CURVE('',#1116,#1116,#148,.T.);
#863=EDGE_CURVE('',#1117,#1117,#149,.T.);
#864=EDGE_CURVE('',#1118,#1118,#150,.T.);
#865=EDGE_CURVE('',#1119,#1119,#151,.T.);
#866=EDGE_CURVE('',#1120,#1120,#152,.T.);
#867=EDGE_CURVE('',#1121,#1121,#153,.T.);
#868=EDGE_CURVE('',#1122,#1122,#154,.T.);
#869=EDGE_CURVE('',#1123,#1123,#155,.T.);
#870=EDGE_CURVE('',#1124,#1124,#156,.T.);
#871=EDGE_CURVE('',#1125,#1125,#157,.T.);
#872=EDGE_CURVE('',#1126,#1126,#158,.T.);
#873=EDGE_CURVE('',#1127,#1127,#159,.T.);
#874=EDGE_CURVE('',#1128,#1128,#160,.T.);
#875=EDGE_CURVE('',#1129,#1129,#161,.T.);
#876=EDGE_CURVE('',#1130,#1130,#162,.T.);
#877=EDGE_CURVE('',#1131,#1131,#163,.T.);
#878=EDGE_CURVE('',#1132,#1132,#164,.T.);
#879=EDGE_CURVE('',#1133,#1133,#165,.T.);
#880=EDGE_CURVE('',#1134,#1134,#166,.T.);
#881=EDGE_CURVE('',#1135,#1135,#167,.T.);
#882=EDGE_CURVE('',#1136,#1049,#1286,.T.);
#883=EDGE_CURVE('',#1137,#1136,#1287,.T.);
#884=EDGE_CURVE('',#1137,#1048,#1288,.T.);
#885=EDGE_CURVE('',#1138,#1051,#1289,.T.);
#886=EDGE_CURVE('',#1136,#1138,#1290,.T.);
#887=EDGE_CURVE('',#1139,#1050,#1291,.T.);
#888=EDGE_CURVE('',#1139,#1138,#1292,.T.);
#889=EDGE_CURVE('',#1137,#1139,#1293,.T.);
#890=EDGE_CURVE('',#1140,#1045,#1294,.T.);
#891=EDGE_CURVE('',#1141,#1140,#1295,.T.);
#892=EDGE_CURVE('',#1141,#1044,#1296,.T.);
#893=EDGE_CURVE('',#1142,#1047,#1297,.T.);
#894=EDGE_CURVE('',#1140,#1142,#1298,.T.);
#895=EDGE_CURVE('',#1143,#1046,#1299,.T.);
#896=EDGE_CURVE('',#1143,#1142,#1300,.T.);
#897=EDGE_CURVE('',#1141,#1143,#1301,.T.);
#898=EDGE_CURVE('',#1144,#1041,#1302,.T.);
#899=EDGE_CURVE('',#1145,#1144,#1303,.T.);
#900=EDGE_CURVE('',#1145,#1040,#1304,.T.);
#901=EDGE_CURVE('',#1146,#1043,#1305,.T.);
#902=EDGE_CURVE('',#1144,#1146,#1306,.T.);
#903=EDGE_CURVE('',#1147,#1042,#1307,.T.);
#904=EDGE_CURVE('',#1147,#1146,#1308,.T.);
#905=EDGE_CURVE('',#1145,#1147,#1309,.T.);
#906=EDGE_CURVE('',#1148,#1037,#1310,.T.);
#907=EDGE_CURVE('',#1149,#1148,#1311,.T.);
#908=EDGE_CURVE('',#1149,#1036,#1312,.T.);
#909=EDGE_CURVE('',#1150,#1039,#1313,.T.);
#910=EDGE_CURVE('',#1148,#1150,#1314,.T.);
#911=EDGE_CURVE('',#1151,#1038,#1315,.T.);
#912=EDGE_CURVE('',#1151,#1150,#1316,.T.);
#913=EDGE_CURVE('',#1149,#1151,#1317,.T.);
#914=EDGE_CURVE('',#1152,#1033,#1318,.T.);
#915=EDGE_CURVE('',#1153,#1152,#1319,.T.);
#916=EDGE_CURVE('',#1153,#1032,#1320,.T.);
#917=EDGE_CURVE('',#1154,#1035,#1321,.T.);
#918=EDGE_CURVE('',#1152,#1154,#1322,.T.);
#919=EDGE_CURVE('',#1155,#1034,#1323,.T.);
#920=EDGE_CURVE('',#1155,#1154,#1324,.T.);
#921=EDGE_CURVE('',#1153,#1155,#1325,.T.);
#922=EDGE_CURVE('',#1156,#1056,#1326,.T.);
#923=EDGE_CURVE('',#1156,#1157,#1327,.T.);
#924=EDGE_CURVE('',#1157,#1058,#1328,.T.);
#925=EDGE_CURVE('',#1158,#1057,#1329,.T.);
#926=EDGE_CURVE('',#1156,#1158,#1330,.T.);
#927=EDGE_CURVE('',#1159,#1059,#1331,.T.);
#928=EDGE_CURVE('',#1158,#1159,#1332,.T.);
#929=EDGE_CURVE('',#1157,#1159,#1333,.T.);
#930=EDGE_CURVE('',#1160,#1160,#168,.T.);
#931=EDGE_CURVE('',#1161,#1161,#169,.T.);
#932=EDGE_CURVE('',#1162,#1162,#170,.T.);
#933=EDGE_CURVE('',#1163,#1163,#171,.T.);
#934=EDGE_CURVE('',#1164,#1164,#172,.T.);
#935=EDGE_CURVE('',#1165,#1165,#173,.T.);
#936=EDGE_CURVE('',#1166,#1021,#1334,.T.);
#937=EDGE_CURVE('',#1167,#1166,#1335,.T.);
#938=EDGE_CURVE('',#1167,#1020,#1336,.T.);
#939=EDGE_CURVE('',#1168,#1025,#1337,.T.);
#940=EDGE_CURVE('',#1166,#1168,#1338,.T.);
#941=EDGE_CURVE('',#1169,#1024,#1339,.T.);
#942=EDGE_CURVE('',#1168,#1169,#1340,.T.);
#943=EDGE_CURVE('',#1170,#1023,#1341,.T.);
#944=EDGE_CURVE('',#1169,#1170,#1342,.T.);
#945=EDGE_CURVE('',#1171,#1022,#1343,.T.);
#946=EDGE_CURVE('',#1170,#1171,#1344,.T.);
#947=EDGE_CURVE('',#1171,#1167,#1345,.T.);
#948=EDGE_CURVE('',#1172,#1172,#174,.T.);
#949=EDGE_CURVE('',#1173,#1173,#175,.T.);
#950=EDGE_CURVE('',#1174,#1174,#176,.T.);
#951=EDGE_CURVE('',#1175,#1175,#177,.T.);
#952=EDGE_CURVE('',#1176,#1176,#178,.T.);
#953=EDGE_CURVE('',#1177,#1177,#179,.T.);
#954=EDGE_CURVE('',#1178,#1178,#180,.T.);
#955=EDGE_CURVE('',#1179,#1179,#181,.T.);
#956=EDGE_CURVE('',#1180,#1180,#182,.T.);
#957=EDGE_CURVE('',#1181,#1181,#183,.T.);
#958=EDGE_CURVE('',#1182,#1182,#184,.T.);
#959=EDGE_CURVE('',#1183,#1183,#185,.T.);
#960=EDGE_CURVE('',#1184,#1184,#186,.T.);
#961=EDGE_CURVE('',#1185,#1185,#187,.T.);
#962=EDGE_CURVE('',#1186,#1186,#188,.T.);
#963=EDGE_CURVE('',#1187,#1187,#189,.T.);
#964=EDGE_CURVE('',#1188,#1188,#190,.T.);
#965=EDGE_CURVE('',#1189,#1189,#191,.T.);
#966=EDGE_CURVE('',#1190,#1190,#192,.T.);
#967=EDGE_CURVE('',#1191,#1191,#193,.T.);
#968=EDGE_CURVE('',#1192,#1192,#194,.T.);
#969=EDGE_CURVE('',#1193,#1193,#195,.T.);
#970=EDGE_CURVE('',#1194,#1194,#196,.T.);
#971=EDGE_CURVE('',#1195,#1195,#197,.T.);
#972=EDGE_CURVE('',#1196,#1196,#198,.T.);
#973=EDGE_CURVE('',#1197,#1197,#199,.T.);
#974=EDGE_CURVE('',#1198,#1198,#200,.T.);
#975=EDGE_CURVE('',#1199,#1199,#201,.T.);
#976=EDGE_CURVE('',#1200,#1200,#202,.T.);
#977=EDGE_CURVE('',#1201,#1201,#203,.T.);
#978=EDGE_CURVE('',#1202,#1202,#204,.T.);
#979=EDGE_CURVE('',#1203,#1203,#205,.T.);
#980=EDGE_CURVE('',#1204,#1204,#206,.T.);
#981=EDGE_CURVE('',#1205,#1205,#207,.T.);
#982=EDGE_CURVE('',#1206,#1206,#208,.T.);
#983=EDGE_CURVE('',#1207,#1207,#209,.T.);
#984=EDGE_CURVE('',#1208,#1208,#210,.T.);
#985=EDGE_CURVE('',#1209,#1209,#211,.T.);
#986=EDGE_CURVE('',#1210,#1210,#212,.T.);
#987=EDGE_CURVE('',#1211,#1211,#213,.T.);
#988=EDGE_CURVE('',#1212,#1212,#214,.T.);
#989=EDGE_CURVE('',#1213,#1213,#215,.T.);
#990=EDGE_CURVE('',#1214,#1214,#216,.T.);
#991=EDGE_CURVE('',#1215,#1215,#217,.T.);
#992=EDGE_CURVE('',#1216,#1216,#218,.T.);
#993=EDGE_CURVE('',#1217,#1217,#219,.T.);
#994=EDGE_CURVE('',#1218,#1218,#220,.T.);
#995=EDGE_CURVE('',#1219,#1219,#221,.T.);
#996=EDGE_CURVE('',#1220,#1220,#222,.T.);
#997=EDGE_CURVE('',#1221,#1221,#223,.T.);
#998=EDGE_CURVE('',#1222,#1222,#224,.T.);
#999=EDGE_CURVE('',#1223,#1223,#225,.T.);
#1000=EDGE_CURVE('',#1224,#1224,#226,.T.);
#1001=EDGE_CURVE('',#1225,#1225,#227,.T.);
#1002=EDGE_CURVE('',#1226,#1226,#228,.T.);
#1003=EDGE_CURVE('',#1227,#1227,#229,.T.);
#1004=EDGE_CURVE('',#1228,#1228,#230,.T.);
#1005=EDGE_CURVE('',#1229,#1229,#231,.T.);
#1006=EDGE_CURVE('',#1230,#1230,#232,.T.);
#1007=EDGE_CURVE('',#1231,#1231,#233,.T.);
#1008=EDGE_CURVE('',#1232,#1232,#234,.T.);
#1009=EDGE_CURVE('',#1233,#1233,#235,.T.);
#1010=EDGE_CURVE('',#1234,#1234,#236,.T.);
#1011=EDGE_CURVE('',#1235,#1235,#237,.T.);
#1012=EDGE_CURVE('',#1236,#1236,#238,.T.);
#1013=EDGE_CURVE('',#1237,#1237,#239,.T.);
#1014=EDGE_CURVE('',#1238,#1238,#240,.T.);
#1015=EDGE_CURVE('',#1239,#1239,#241,.T.);
#1016=EDGE_CURVE('',#1240,#1240,#242,.T.);
#1017=EDGE_CURVE('',#1241,#1241,#243,.T.);
#1018=EDGE_CURVE('',#1242,#1242,#244,.T.);
#1019=EDGE_CURVE('',#1243,#1243,#245,.T.);
#1020=VERTEX_POINT('',#3677);
#1021=VERTEX_POINT('',#3678);
#1022=VERTEX_POINT('',#3680);
#1023=VERTEX_POINT('',#3682);
#1024=VERTEX_POINT('',#3684);
#1025=VERTEX_POINT('',#3686);
#1026=VERTEX_POINT('',#3689);
#1027=VERTEX_POINT('',#3691);
#1028=VERTEX_POINT('',#3693);
#1029=VERTEX_POINT('',#3695);
#1030=VERTEX_POINT('',#3697);
#1031=VERTEX_POINT('',#3699);
#1032=VERTEX_POINT('',#3701);
#1033=VERTEX_POINT('',#3702);
#1034=VERTEX_POINT('',#3704);
#1035=VERTEX_POINT('',#3706);
#1036=VERTEX_POINT('',#3709);
#1037=VERTEX_POINT('',#3710);
#1038=VERTEX_POINT('',#3712);
#1039=VERTEX_POINT('',#3714);
#1040=VERTEX_POINT('',#3717);
#1041=VERTEX_POINT('',#3718);
#1042=VERTEX_POINT('',#3720);
#1043=VERTEX_POINT('',#3722);
#1044=VERTEX_POINT('',#3725);
#1045=VERTEX_POINT('',#3726);
#1046=VERTEX_POINT('',#3728);
#1047=VERTEX_POINT('',#3730);
#1048=VERTEX_POINT('',#3733);
#1049=VERTEX_POINT('',#3734);
#1050=VERTEX_POINT('',#3736);
#1051=VERTEX_POINT('',#3738);
#1052=VERTEX_POINT('',#3741);
#1053=VERTEX_POINT('',#3742);
#1054=VERTEX_POINT('',#3744);
#1055=VERTEX_POINT('',#3746);
#1056=VERTEX_POINT('',#3749);
#1057=VERTEX_POINT('',#3750);
#1058=VERTEX_POINT('',#3752);
#1059=VERTEX_POINT('',#3754);
#1060=VERTEX_POINT('',#3758);
#1061=VERTEX_POINT('',#3760);
#1062=VERTEX_POINT('',#3764);
#1063=VERTEX_POINT('',#3766);
#1064=VERTEX_POINT('',#3773);
#1065=VERTEX_POINT('',#3775);
#1066=VERTEX_POINT('',#3777);
#1067=VERTEX_POINT('',#3779);
#1068=VERTEX_POINT('',#3781);
#1069=VERTEX_POINT('',#3783);
#1070=VERTEX_POINT('',#3785);
#1071=VERTEX_POINT('',#3787);
#1072=VERTEX_POINT('',#3789);
#1073=VERTEX_POINT('',#3791);
#1074=VERTEX_POINT('',#3793);
#1075=VERTEX_POINT('',#3795);
#1076=VERTEX_POINT('',#3797);
#1077=VERTEX_POINT('',#3799);
#1078=VERTEX_POINT('',#3801);
#1079=VERTEX_POINT('',#3803);
#1080=VERTEX_POINT('',#3805);
#1081=VERTEX_POINT('',#3807);
#1082=VERTEX_POINT('',#3809);
#1083=VERTEX_POINT('',#3811);
#1084=VERTEX_POINT('',#3813);
#1085=VERTEX_POINT('',#3815);
#1086=VERTEX_POINT('',#3817);
#1087=VERTEX_POINT('',#3819);
#1088=VERTEX_POINT('',#3821);
#1089=VERTEX_POINT('',#3823);
#1090=VERTEX_POINT('',#3825);
#1091=VERTEX_POINT('',#3827);
#1092=VERTEX_POINT('',#3829);
#1093=VERTEX_POINT('',#3831);
#1094=VERTEX_POINT('',#3833);
#1095=VERTEX_POINT('',#3835);
#1096=VERTEX_POINT('',#3837);
#1097=VERTEX_POINT('',#3839);
#1098=VERTEX_POINT('',#3841);
#1099=VERTEX_POINT('',#3843);
#1100=VERTEX_POINT('',#3845);
#1101=VERTEX_POINT('',#3847);
#1102=VERTEX_POINT('',#3849);
#1103=VERTEX_POINT('',#3851);
#1104=VERTEX_POINT('',#3853);
#1105=VERTEX_POINT('',#3855);
#1106=VERTEX_POINT('',#3857);
#1107=VERTEX_POINT('',#3859);
#1108=VERTEX_POINT('',#3861);
#1109=VERTEX_POINT('',#3863);
#1110=VERTEX_POINT('',#3865);
#1111=VERTEX_POINT('',#3867);
#1112=VERTEX_POINT('',#3869);
#1113=VERTEX_POINT('',#3871);
#1114=VERTEX_POINT('',#3873);
#1115=VERTEX_POINT('',#3875);
#1116=VERTEX_POINT('',#3877);
#1117=VERTEX_POINT('',#3879);
#1118=VERTEX_POINT('',#3881);
#1119=VERTEX_POINT('',#3883);
#1120=VERTEX_POINT('',#3885);
#1121=VERTEX_POINT('',#3887);
#1122=VERTEX_POINT('',#3889);
#1123=VERTEX_POINT('',#3891);
#1124=VERTEX_POINT('',#3893);
#1125=VERTEX_POINT('',#3895);
#1126=VERTEX_POINT('',#3897);
#1127=VERTEX_POINT('',#3899);
#1128=VERTEX_POINT('',#3901);
#1129=VERTEX_POINT('',#3903);
#1130=VERTEX_POINT('',#3905);
#1131=VERTEX_POINT('',#3907);
#1132=VERTEX_POINT('',#3909);
#1133=VERTEX_POINT('',#3911);
#1134=VERTEX_POINT('',#3913);
#1135=VERTEX_POINT('',#3915);
#1136=VERTEX_POINT('',#3919);
#1137=VERTEX_POINT('',#3921);
#1138=VERTEX_POINT('',#3925);
#1139=VERTEX_POINT('',#3929);
#1140=VERTEX_POINT('',#3936);
#1141=VERTEX_POINT('',#3938);
#1142=VERTEX_POINT('',#3942);
#1143=VERTEX_POINT('',#3946);
#1144=VERTEX_POINT('',#3953);
#1145=VERTEX_POINT('',#3955);
#1146=VERTEX_POINT('',#3959);
#1147=VERTEX_POINT('',#3963);
#1148=VERTEX_POINT('',#3970);
#1149=VERTEX_POINT('',#3972);
#1150=VERTEX_POINT('',#3976);
#1151=VERTEX_POINT('',#3980);
#1152=VERTEX_POINT('',#3987);
#1153=VERTEX_POINT('',#3989);
#1154=VERTEX_POINT('',#3993);
#1155=VERTEX_POINT('',#3997);
#1156=VERTEX_POINT('',#4004);
#1157=VERTEX_POINT('',#4006);
#1158=VERTEX_POINT('',#4010);
#1159=VERTEX_POINT('',#4014);
#1160=VERTEX_POINT('',#4021);
#1161=VERTEX_POINT('',#4025);
#1162=VERTEX_POINT('',#4029);
#1163=VERTEX_POINT('',#4033);
#1164=VERTEX_POINT('',#4037);
#1165=VERTEX_POINT('',#4041);
#1166=VERTEX_POINT('',#4045);
#1167=VERTEX_POINT('',#4047);
#1168=VERTEX_POINT('',#4051);
#1169=VERTEX_POINT('',#4055);
#1170=VERTEX_POINT('',#4059);
#1171=VERTEX_POINT('',#4063);
#1172=VERTEX_POINT('',#4070);
#1173=VERTEX_POINT('',#4074);
#1174=VERTEX_POINT('',#4078);
#1175=VERTEX_POINT('',#4082);
#1176=VERTEX_POINT('',#4086);
#1177=VERTEX_POINT('',#4090);
#1178=VERTEX_POINT('',#4094);
#1179=VERTEX_POINT('',#4098);
#1180=VERTEX_POINT('',#4102);
#1181=VERTEX_POINT('',#4106);
#1182=VERTEX_POINT('',#4110);
#1183=VERTEX_POINT('',#4114);
#1184=VERTEX_POINT('',#4118);
#1185=VERTEX_POINT('',#4122);
#1186=VERTEX_POINT('',#4126);
#1187=VERTEX_POINT('',#4130);
#1188=VERTEX_POINT('',#4134);
#1189=VERTEX_POINT('',#4138);
#1190=VERTEX_POINT('',#4142);
#1191=VERTEX_POINT('',#4146);
#1192=VERTEX_POINT('',#4150);
#1193=VERTEX_POINT('',#4154);
#1194=VERTEX_POINT('',#4158);
#1195=VERTEX_POINT('',#4162);
#1196=VERTEX_POINT('',#4166);
#1197=VERTEX_POINT('',#4170);
#1198=VERTEX_POINT('',#4174);
#1199=VERTEX_POINT('',#4178);
#1200=VERTEX_POINT('',#4182);
#1201=VERTEX_POINT('',#4186);
#1202=VERTEX_POINT('',#4190);
#1203=VERTEX_POINT('',#4194);
#1204=VERTEX_POINT('',#4198);
#1205=VERTEX_POINT('',#4202);
#1206=VERTEX_POINT('',#4206);
#1207=VERTEX_POINT('',#4210);
#1208=VERTEX_POINT('',#4214);
#1209=VERTEX_POINT('',#4218);
#1210=VERTEX_POINT('',#4222);
#1211=VERTEX_POINT('',#4226);
#1212=VERTEX_POINT('',#4230);
#1213=VERTEX_POINT('',#4234);
#1214=VERTEX_POINT('',#4238);
#1215=VERTEX_POINT('',#4242);
#1216=VERTEX_POINT('',#4246);
#1217=VERTEX_POINT('',#4250);
#1218=VERTEX_POINT('',#4254);
#1219=VERTEX_POINT('',#4258);
#1220=VERTEX_POINT('',#4262);
#1221=VERTEX_POINT('',#4266);
#1222=VERTEX_POINT('',#4270);
#1223=VERTEX_POINT('',#4274);
#1224=VERTEX_POINT('',#4278);
#1225=VERTEX_POINT('',#4282);
#1226=VERTEX_POINT('',#4286);
#1227=VERTEX_POINT('',#4290);
#1228=VERTEX_POINT('',#4294);
#1229=VERTEX_POINT('',#4298);
#1230=VERTEX_POINT('',#4302);
#1231=VERTEX_POINT('',#4306);
#1232=VERTEX_POINT('',#4310);
#1233=VERTEX_POINT('',#4314);
#1234=VERTEX_POINT('',#4318);
#1235=VERTEX_POINT('',#4322);
#1236=VERTEX_POINT('',#4326);
#1237=VERTEX_POINT('',#4330);
#1238=VERTEX_POINT('',#4334);
#1239=VERTEX_POINT('',#4338);
#1240=VERTEX_POINT('',#4342);
#1241=VERTEX_POINT('',#4346);
#1242=VERTEX_POINT('',#4350);
#1243=VERTEX_POINT('',#4354);
#1244=LINE('',#3676,#1346);
#1245=LINE('',#3679,#1347);
#1246=LINE('',#3681,#1348);
#1247=LINE('',#3683,#1349);
#1248=LINE('',#3685,#1350);
#1249=LINE('',#3687,#1351);
#1250=LINE('',#3700,#1352);
#1251=LINE('',#3703,#1353);
#1252=LINE('',#3705,#1354);
#1253=LINE('',#3707,#1355);
#1254=LINE('',#3708,#1356);
#1255=LINE('',#3711,#1357);
#1256=LINE('',#3713,#1358);
#1257=LINE('',#3715,#1359);
#1258=LINE('',#3716,#1360);
#1259=LINE('',#3719,#1361);
#1260=LINE('',#3721,#1362);
#1261=LINE('',#3723,#1363);
#1262=LINE('',#3724,#1364);
#1263=LINE('',#3727,#1365);
#1264=LINE('',#3729,#1366);
#1265=LINE('',#3731,#1367);
#1266=LINE('',#3732,#1368);
#1267=LINE('',#3735,#1369);
#1268=LINE('',#3737,#1370);
#1269=LINE('',#3739,#1371);
#1270=LINE('',#3740,#1372);
#1271=LINE('',#3743,#1373);
#1272=LINE('',#3745,#1374);
#1273=LINE('',#3747,#1375);
#1274=LINE('',#3748,#1376);
#1275=LINE('',#3751,#1377);
#1276=LINE('',#3753,#1378);
#1277=LINE('',#3755,#1379);
#1278=LINE('',#3757,#1380);
#1279=LINE('',#3759,#1381);
#1280=LINE('',#3761,#1382);
#1281=LINE('',#3763,#1383);
#1282=LINE('',#3765,#1384);
#1283=LINE('',#3767,#1385);
#1284=LINE('',#3769,#1386);
#1285=LINE('',#3770,#1387);
#1286=LINE('',#3918,#1388);
#1287=LINE('',#3920,#1389);
#1288=LINE('',#3922,#1390);
#1289=LINE('',#3924,#1391);
#1290=LINE('',#3926,#1392);
#1291=LINE('',#3928,#1393);
#1292=LINE('',#3930,#1394);
#1293=LINE('',#3932,#1395);
#1294=LINE('',#3935,#1396);
#1295=LINE('',#3937,#1397);
#1296=LINE('',#3939,#1398);
#1297=LINE('',#3941,#1399);
#1298=LINE('',#3943,#1400);
#1299=LINE('',#3945,#1401);
#1300=LINE('',#3947,#1402);
#1301=LINE('',#3949,#1403);
#1302=LINE('',#3952,#1404);
#1303=LINE('',#3954,#1405);
#1304=LINE('',#3956,#1406);
#1305=LINE('',#3958,#1407);
#1306=LINE('',#3960,#1408);
#1307=LINE('',#3962,#1409);
#1308=LINE('',#3964,#1410);
#1309=LINE('',#3966,#1411);
#1310=LINE('',#3969,#1412);
#1311=LINE('',#3971,#1413);
#1312=LINE('',#3973,#1414);
#1313=LINE('',#3975,#1415);
#1314=LINE('',#3977,#1416);
#1315=LINE('',#3979,#1417);
#1316=LINE('',#3981,#1418);
#1317=LINE('',#3983,#1419);
#1318=LINE('',#3986,#1420);
#1319=LINE('',#3988,#1421);
#1320=LINE('',#3990,#1422);
#1321=LINE('',#3992,#1423);
#1322=LINE('',#3994,#1424);
#1323=LINE('',#3996,#1425);
#1324=LINE('',#3998,#1426);
#1325=LINE('',#4000,#1427);
#1326=LINE('',#4003,#1428);
#1327=LINE('',#4005,#1429);
#1328=LINE('',#4007,#1430);
#1329=LINE('',#4009,#1431);
#1330=LINE('',#4011,#1432);
#1331=LINE('',#4013,#1433);
#1332=LINE('',#4015,#1434);
#1333=LINE('',#4017,#1435);
#1334=LINE('',#4044,#1436);
#1335=LINE('',#4046,#1437);
#1336=LINE('',#4048,#1438);
#1337=LINE('',#4050,#1439);
#1338=LINE('',#4052,#1440);
#1339=LINE('',#4054,#1441);
#1340=LINE('',#4056,#1442);
#1341=LINE('',#4058,#1443);
#1342=LINE('',#4060,#1444);
#1343=LINE('',#4062,#1445);
#1344=LINE('',#4064,#1446);
#1345=LINE('',#4066,#1447);
#1346=VECTOR('',#2864,1.);
#1347=VECTOR('',#2865,1.);
#1348=VECTOR('',#2866,1.);
#1349=VECTOR('',#2867,1.);
#1350=VECTOR('',#2868,1.);
#1351=VECTOR('',#2869,1.);
#1352=VECTOR('',#2882,1.);
#1353=VECTOR('',#2883,1.);
#1354=VECTOR('',#2884,1.);
#1355=VECTOR('',#2885,1.);
#1356=VECTOR('',#2886,1.);
#1357=VECTOR('',#2887,1.);
#1358=VECTOR('',#2888,1.);
#1359=VECTOR('',#2889,1.);
#1360=VECTOR('',#2890,1.);
#1361=VECTOR('',#2891,1.);
#1362=VECTOR('',#2892,1.);
#1363=VECTOR('',#2893,1.);
#1364=VECTOR('',#2894,1.);
#1365=VECTOR('',#2895,1.);
#1366=VECTOR('',#2896,1.);
#1367=VECTOR('',#2897,1.);
#1368=VECTOR('',#2898,1.);
#1369=VECTOR('',#2899,1.);
#1370=VECTOR('',#2900,1.);
#1371=VECTOR('',#2901,1.);
#1372=VECTOR('',#2902,1.);
#1373=VECTOR('',#2903,1.);
#1374=VECTOR('',#2904,1.);
#1375=VECTOR('',#2905,1.);
#1376=VECTOR('',#2906,1.);
#1377=VECTOR('',#2907,1.);
#1378=VECTOR('',#2908,1.);
#1379=VECTOR('',#2909,1.);
#1380=VECTOR('',#2912,1.);
#1381=VECTOR('',#2913,1.);
#1382=VECTOR('',#2914,1.);
#1383=VECTOR('',#2917,1.);
#1384=VECTOR('',#2918,1.);
#1385=VECTOR('',#2919,1.);
#1386=VECTOR('',#2922,1.);
#1387=VECTOR('',#2923,1.);
#1388=VECTOR('',#3074,1.);
#1389=VECTOR('',#3075,1.);
#1390=VECTOR('',#3076,1.);
#1391=VECTOR('',#3079,1.);
#1392=VECTOR('',#3080,1.);
#1393=VECTOR('',#3083,1.);
#1394=VECTOR('',#3084,1.);
#1395=VECTOR('',#3087,1.);
#1396=VECTOR('',#3092,1.);
#1397=VECTOR('',#3093,1.);
#1398=VECTOR('',#3094,1.);
#1399=VECTOR('',#3097,1.);
#1400=VECTOR('',#3098,1.);
#1401=VECTOR('',#3101,1.);
#1402=VECTOR('',#3102,1.);
#1403=VECTOR('',#3105,1.);
#1404=VECTOR('',#3110,1.);
#1405=VECTOR('',#3111,1.);
#1406=VECTOR('',#3112,1.);
#1407=VECTOR('',#3115,1.);
#1408=VECTOR('',#3116,1.);
#1409=VECTOR('',#3119,1.);
#1410=VECTOR('',#3120,1.);
#1411=VECTOR('',#3123,1.);
#1412=VECTOR('',#3128,1.);
#1413=VECTOR('',#3129,1.);
#1414=VECTOR('',#3130,1.);
#1415=VECTOR('',#3133,1.);
#1416=VECTOR('',#3134,1.);
#1417=VECTOR('',#3137,1.);
#1418=VECTOR('',#3138,1.);
#1419=VECTOR('',#3141,1.);
#1420=VECTOR('',#3146,1.);
#1421=VECTOR('',#3147,1.);
#1422=VECTOR('',#3148,1.);
#1423=VECTOR('',#3151,1.);
#1424=VECTOR('',#3152,1.);
#1425=VECTOR('',#3155,1.);
#1426=VECTOR('',#3156,1.);
#1427=VECTOR('',#3159,1.);
#1428=VECTOR('',#3164,1.);
#1429=VECTOR('',#3165,1.);
#1430=VECTOR('',#3166,1.);
#1431=VECTOR('',#3169,1.);
#1432=VECTOR('',#3170,1.);
#1433=VECTOR('',#3173,1.);
#1434=VECTOR('',#3174,1.);
#1435=VECTOR('',#3177,1.);
#1436=VECTOR('',#3218,1.);
#1437=VECTOR('',#3219,1.);
#1438=VECTOR('',#3220,1.);
#1439=VECTOR('',#3223,1.);
#1440=VECTOR('',#3224,1.);
#1441=VECTOR('',#3227,1.);
#1442=VECTOR('',#3228,1.);
#1443=VECTOR('',#3231,1.);
#1444=VECTOR('',#3232,1.);
#1445=VECTOR('',#3235,1.);
#1446=VECTOR('',#3236,1.);
#1447=VECTOR('',#3239,1.);
#1448=EDGE_LOOP('',(#246,#247,#248,#249,#250,#251));
#1449=EDGE_LOOP('',(#252));
#1450=EDGE_LOOP('',(#253));
#1451=EDGE_LOOP('',(#254));
#1452=EDGE_LOOP('',(#255));
#1453=EDGE_LOOP('',(#256));
#1454=EDGE_LOOP('',(#257));
#1455=EDGE_LOOP('',(#258,#259,#260,#261));
#1456=EDGE_LOOP('',(#262,#263,#264,#265));
#1457=EDGE_LOOP('',(#266,#267,#268,#269));
#1458=EDGE_LOOP('',(#270,#271,#272,#273));
#1459=EDGE_LOOP('',(#274,#275,#276,#277));
#1460=EDGE_LOOP('',(#278,#279,#280,#281));
#1461=EDGE_LOOP('',(#282,#283,#284,#285));
#1462=EDGE_LOOP('',(#286,#287,#288,#289));
#1463=EDGE_LOOP('',(#290,#291,#292,#293));
#1464=EDGE_LOOP('',(#294,#295,#296,#297));
#1465=EDGE_LOOP('',(#298));
#1466=EDGE_LOOP('',(#299));
#1467=EDGE_LOOP('',(#300));
#1468=EDGE_LOOP('',(#301));
#1469=EDGE_LOOP('',(#302));
#1470=EDGE_LOOP('',(#303));
#1471=EDGE_LOOP('',(#304));
#1472=EDGE_LOOP('',(#305));
#1473=EDGE_LOOP('',(#306));
#1474=EDGE_LOOP('',(#307));
#1475=EDGE_LOOP('',(#308));
#1476=EDGE_LOOP('',(#309));
#1477=EDGE_LOOP('',(#310));
#1478=EDGE_LOOP('',(#311));
#1479=EDGE_LOOP('',(#312));
#1480=EDGE_LOOP('',(#313));
#1481=EDGE_LOOP('',(#314));
#1482=EDGE_LOOP('',(#315));
#1483=EDGE_LOOP('',(#316));
#1484=EDGE_LOOP('',(#317));
#1485=EDGE_LOOP('',(#318));
#1486=EDGE_LOOP('',(#319));
#1487=EDGE_LOOP('',(#320));
#1488=EDGE_LOOP('',(#321));
#1489=EDGE_LOOP('',(#322));
#1490=EDGE_LOOP('',(#323));
#1491=EDGE_LOOP('',(#324));
#1492=EDGE_LOOP('',(#325));
#1493=EDGE_LOOP('',(#326));
#1494=EDGE_LOOP('',(#327));
#1495=EDGE_LOOP('',(#328));
#1496=EDGE_LOOP('',(#329));
#1497=EDGE_LOOP('',(#330));
#1498=EDGE_LOOP('',(#331));
#1499=EDGE_LOOP('',(#332));
#1500=EDGE_LOOP('',(#333));
#1501=EDGE_LOOP('',(#334));
#1502=EDGE_LOOP('',(#335));
#1503=EDGE_LOOP('',(#336));
#1504=EDGE_LOOP('',(#337));
#1505=EDGE_LOOP('',(#338));
#1506=EDGE_LOOP('',(#339));
#1507=EDGE_LOOP('',(#340));
#1508=EDGE_LOOP('',(#341));
#1509=EDGE_LOOP('',(#342));
#1510=EDGE_LOOP('',(#343));
#1511=EDGE_LOOP('',(#344));
#1512=EDGE_LOOP('',(#345));
#1513=EDGE_LOOP('',(#346));
#1514=EDGE_LOOP('',(#347));
#1515=EDGE_LOOP('',(#348));
#1516=EDGE_LOOP('',(#349));
#1517=EDGE_LOOP('',(#350));
#1518=EDGE_LOOP('',(#351));
#1519=EDGE_LOOP('',(#352));
#1520=EDGE_LOOP('',(#353));
#1521=EDGE_LOOP('',(#354));
#1522=EDGE_LOOP('',(#355));
#1523=EDGE_LOOP('',(#356));
#1524=EDGE_LOOP('',(#357));
#1525=EDGE_LOOP('',(#358));
#1526=EDGE_LOOP('',(#359));
#1527=EDGE_LOOP('',(#360));
#1528=EDGE_LOOP('',(#361));
#1529=EDGE_LOOP('',(#362));
#1530=EDGE_LOOP('',(#363));
#1531=EDGE_LOOP('',(#364));
#1532=EDGE_LOOP('',(#365));
#1533=EDGE_LOOP('',(#366));
#1534=EDGE_LOOP('',(#367));
#1535=EDGE_LOOP('',(#368));
#1536=EDGE_LOOP('',(#369));
#1537=EDGE_LOOP('',(#370,#371,#372,#373));
#1538=EDGE_LOOP('',(#374,#375,#376,#377));
#1539=EDGE_LOOP('',(#378,#379,#380,#381));
#1540=EDGE_LOOP('',(#382,#383,#384,#385));
#1541=EDGE_LOOP('',(#386,#387,#388,#389));
#1542=EDGE_LOOP('',(#390,#391,#392,#393));
#1543=EDGE_LOOP('',(#394,#395,#396,#397));
#1544=EDGE_LOOP('',(#398,#399,#400,#401));
#1545=EDGE_LOOP('',(#402,#403,#404,#405));
#1546=EDGE_LOOP('',(#406,#407,#408,#409));
#1547=EDGE_LOOP('',(#410,#411,#412,#413));
#1548=EDGE_LOOP('',(#414,#415,#416,#417));
#1549=EDGE_LOOP('',(#418,#419,#420,#421));
#1550=EDGE_LOOP('',(#422,#423,#424,#425));
#1551=EDGE_LOOP('',(#426,#427,#428,#429));
#1552=EDGE_LOOP('',(#430,#431,#432,#433));
#1553=EDGE_LOOP('',(#434,#435,#436,#437));
#1554=EDGE_LOOP('',(#438,#439,#440,#441));
#1555=EDGE_LOOP('',(#442,#443,#444,#445));
#1556=EDGE_LOOP('',(#446,#447,#448,#449));
#1557=EDGE_LOOP('',(#450,#451,#452,#453));
#1558=EDGE_LOOP('',(#454,#455,#456,#457));
#1559=EDGE_LOOP('',(#458,#459,#460,#461));
#1560=EDGE_LOOP('',(#462,#463,#464,#465));
#1561=EDGE_LOOP('',(#466,#467,#468,#469));
#1562=EDGE_LOOP('',(#470,#471,#472,#473));
#1563=EDGE_LOOP('',(#474,#475,#476,#477));
#1564=EDGE_LOOP('',(#478,#479,#480,#481));
#1565=EDGE_LOOP('',(#482,#483,#484,#485));
#1566=EDGE_LOOP('',(#486,#487,#488,#489));
#1567=EDGE_LOOP('',(#490,#491,#492,#493));
#1568=EDGE_LOOP('',(#494,#495,#496,#497));
#1569=EDGE_LOOP('',(#498));
#1570=EDGE_LOOP('',(#499));
#1571=EDGE_LOOP('',(#500));
#1572=EDGE_LOOP('',(#501));
#1573=EDGE_LOOP('',(#502));
#1574=EDGE_LOOP('',(#503));
#1575=EDGE_LOOP('',(#504));
#1576=EDGE_LOOP('',(#505));
#1577=EDGE_LOOP('',(#506));
#1578=EDGE_LOOP('',(#507));
#1579=EDGE_LOOP('',(#508));
#1580=EDGE_LOOP('',(#509));
#1581=EDGE_LOOP('',(#510));
#1582=EDGE_LOOP('',(#511));
#1583=EDGE_LOOP('',(#512));
#1584=EDGE_LOOP('',(#513));
#1585=EDGE_LOOP('',(#514));
#1586=EDGE_LOOP('',(#515));
#1587=EDGE_LOOP('',(#516,#517,#518,#519));
#1588=EDGE_LOOP('',(#520,#521,#522,#523));
#1589=EDGE_LOOP('',(#524,#525,#526,#527));
#1590=EDGE_LOOP('',(#528,#529,#530,#531));
#1591=EDGE_LOOP('',(#532,#533,#534,#535));
#1592=EDGE_LOOP('',(#536,#537,#538,#539));
#1593=EDGE_LOOP('',(#540,#541,#542,#543,#544,#545));
#1594=EDGE_LOOP('',(#546));
#1595=EDGE_LOOP('',(#547));
#1596=EDGE_LOOP('',(#548));
#1597=EDGE_LOOP('',(#549));
#1598=EDGE_LOOP('',(#550));
#1599=EDGE_LOOP('',(#551));
#1600=EDGE_LOOP('',(#552));
#1601=EDGE_LOOP('',(#553));
#1602=EDGE_LOOP('',(#554));
#1603=EDGE_LOOP('',(#555));
#1604=EDGE_LOOP('',(#556));
#1605=EDGE_LOOP('',(#557));
#1606=EDGE_LOOP('',(#558));
#1607=EDGE_LOOP('',(#559));
#1608=EDGE_LOOP('',(#560));
#1609=EDGE_LOOP('',(#561));
#1610=EDGE_LOOP('',(#562));
#1611=EDGE_LOOP('',(#563));
#1612=EDGE_LOOP('',(#564));
#1613=EDGE_LOOP('',(#565));
#1614=EDGE_LOOP('',(#566));
#1615=EDGE_LOOP('',(#567));
#1616=EDGE_LOOP('',(#568));
#1617=EDGE_LOOP('',(#569));
#1618=EDGE_LOOP('',(#570));
#1619=EDGE_LOOP('',(#571));
#1620=EDGE_LOOP('',(#572));
#1621=EDGE_LOOP('',(#573));
#1622=EDGE_LOOP('',(#574));
#1623=EDGE_LOOP('',(#575));
#1624=EDGE_LOOP('',(#576));
#1625=EDGE_LOOP('',(#577));
#1626=EDGE_LOOP('',(#578));
#1627=EDGE_LOOP('',(#579));
#1628=EDGE_LOOP('',(#580));
#1629=EDGE_LOOP('',(#581));
#1630=EDGE_LOOP('',(#582));
#1631=EDGE_LOOP('',(#583));
#1632=EDGE_LOOP('',(#584));
#1633=EDGE_LOOP('',(#585));
#1634=EDGE_LOOP('',(#586));
#1635=EDGE_LOOP('',(#587));
#1636=EDGE_LOOP('',(#588));
#1637=EDGE_LOOP('',(#589));
#1638=EDGE_LOOP('',(#590));
#1639=EDGE_LOOP('',(#591));
#1640=EDGE_LOOP('',(#592));
#1641=EDGE_LOOP('',(#593));
#1642=EDGE_LOOP('',(#594));
#1643=EDGE_LOOP('',(#595));
#1644=EDGE_LOOP('',(#596));
#1645=EDGE_LOOP('',(#597));
#1646=EDGE_LOOP('',(#598));
#1647=EDGE_LOOP('',(#599));
#1648=EDGE_LOOP('',(#600));
#1649=EDGE_LOOP('',(#601));
#1650=EDGE_LOOP('',(#602));
#1651=EDGE_LOOP('',(#603));
#1652=EDGE_LOOP('',(#604));
#1653=EDGE_LOOP('',(#605));
#1654=EDGE_LOOP('',(#606));
#1655=EDGE_LOOP('',(#607));
#1656=EDGE_LOOP('',(#608));
#1657=EDGE_LOOP('',(#609));
#1658=EDGE_LOOP('',(#610));
#1659=EDGE_LOOP('',(#611));
#1660=EDGE_LOOP('',(#612));
#1661=EDGE_LOOP('',(#613));
#1662=EDGE_LOOP('',(#614));
#1663=EDGE_LOOP('',(#615));
#1664=EDGE_LOOP('',(#616));
#1665=EDGE_LOOP('',(#617));
#1666=EDGE_LOOP('',(#618));
#1667=EDGE_LOOP('',(#619));
#1668=EDGE_LOOP('',(#620));
#1669=EDGE_LOOP('',(#621));
#1670=EDGE_LOOP('',(#622));
#1671=EDGE_LOOP('',(#623));
#1672=EDGE_LOOP('',(#624));
#1673=EDGE_LOOP('',(#625));
#1674=EDGE_LOOP('',(#626));
#1675=EDGE_LOOP('',(#627));
#1676=EDGE_LOOP('',(#628));
#1677=EDGE_LOOP('',(#629));
#1678=EDGE_LOOP('',(#630));
#1679=EDGE_LOOP('',(#631));
#1680=EDGE_LOOP('',(#632));
#1681=EDGE_LOOP('',(#633));
#1682=EDGE_LOOP('',(#634));
#1683=EDGE_LOOP('',(#635));
#1684=EDGE_LOOP('',(#636));
#1685=EDGE_LOOP('',(#637));
#1686=EDGE_LOOP('',(#638));
#1687=EDGE_LOOP('',(#639));
#1688=EDGE_LOOP('',(#640));
#1689=EDGE_LOOP('',(#641));
#1690=EDGE_LOOP('',(#642));
#1691=EDGE_LOOP('',(#643));
#1692=EDGE_LOOP('',(#644));
#1693=EDGE_LOOP('',(#645));
#1694=EDGE_LOOP('',(#646));
#1695=EDGE_LOOP('',(#647));
#1696=EDGE_LOOP('',(#648));
#1697=EDGE_LOOP('',(#649));
#1698=EDGE_LOOP('',(#650));
#1699=EDGE_LOOP('',(#651));
#1700=EDGE_LOOP('',(#652));
#1701=EDGE_LOOP('',(#653));
#1702=EDGE_LOOP('',(#654));
#1703=EDGE_LOOP('',(#655));
#1704=EDGE_LOOP('',(#656));
#1705=EDGE_LOOP('',(#657));
#1706=EDGE_LOOP('',(#658));
#1707=EDGE_LOOP('',(#659));
#1708=EDGE_LOOP('',(#660));
#1709=EDGE_LOOP('',(#661));
#1710=EDGE_LOOP('',(#662));
#1711=EDGE_LOOP('',(#663));
#1712=EDGE_LOOP('',(#664));
#1713=EDGE_LOOP('',(#665));
#1714=EDGE_LOOP('',(#666));
#1715=EDGE_LOOP('',(#667));
#1716=EDGE_LOOP('',(#668));
#1717=EDGE_LOOP('',(#669));
#1718=EDGE_LOOP('',(#670));
#1719=EDGE_LOOP('',(#671));
#1720=EDGE_LOOP('',(#672));
#1721=EDGE_LOOP('',(#673));
#1722=EDGE_LOOP('',(#674));
#1723=EDGE_LOOP('',(#675));
#1724=EDGE_LOOP('',(#676));
#1725=EDGE_LOOP('',(#677));
#1726=EDGE_LOOP('',(#678));
#1727=EDGE_LOOP('',(#679));
#1728=EDGE_LOOP('',(#680));
#1729=EDGE_LOOP('',(#681));
#1730=EDGE_LOOP('',(#682));
#1731=EDGE_LOOP('',(#683));
#1732=EDGE_LOOP('',(#684));
#1733=EDGE_LOOP('',(#685));
#1734=EDGE_LOOP('',(#686));
#1735=EDGE_LOOP('',(#687));
#1736=EDGE_LOOP('',(#688));
#1737=EDGE_LOOP('',(#689));
#1738=EDGE_LOOP('',(#690));
#1739=EDGE_LOOP('',(#691));
#1740=EDGE_LOOP('',(#692));
#1741=EDGE_LOOP('',(#693));
#1742=EDGE_LOOP('',(#694));
#1743=EDGE_LOOP('',(#695));
#1744=EDGE_LOOP('',(#696));
#1745=EDGE_LOOP('',(#697));
#1746=EDGE_LOOP('',(#698));
#1747=EDGE_LOOP('',(#699));
#1748=EDGE_LOOP('',(#700));
#1749=EDGE_LOOP('',(#701));
#1750=EDGE_LOOP('',(#702));
#1751=EDGE_LOOP('',(#703));
#1752=EDGE_LOOP('',(#704));
#1753=EDGE_LOOP('',(#705));
#1754=EDGE_LOOP('',(#706));
#1755=EDGE_LOOP('',(#707));
#1756=EDGE_LOOP('',(#708));
#1757=EDGE_LOOP('',(#709));
#1758=EDGE_LOOP('',(#710));
#1759=EDGE_LOOP('',(#711));
#1760=EDGE_LOOP('',(#712));
#1761=EDGE_LOOP('',(#713));
#1762=EDGE_LOOP('',(#714));
#1763=EDGE_LOOP('',(#715));
#1764=EDGE_LOOP('',(#716));
#1765=EDGE_LOOP('',(#717));
#1766=EDGE_LOOP('',(#718));
#1767=EDGE_LOOP('',(#719));
#1768=EDGE_LOOP('',(#720));
#1769=EDGE_LOOP('',(#721));
#1770=EDGE_LOOP('',(#722));
#1771=EDGE_LOOP('',(#723));
#1772=EDGE_LOOP('',(#724));
#1773=EDGE_LOOP('',(#725));
#1774=EDGE_LOOP('',(#726));
#1775=EDGE_LOOP('',(#727));
#1776=EDGE_LOOP('',(#728));
#1777=EDGE_LOOP('',(#729));
#1778=EDGE_LOOP('',(#730));
#1779=EDGE_LOOP('',(#731));
#1780=EDGE_LOOP('',(#732));
#1781=EDGE_LOOP('',(#733));
#1782=EDGE_LOOP('',(#734));
#1783=EDGE_LOOP('',(#735));
#1784=EDGE_LOOP('',(#736));
#1785=EDGE_LOOP('',(#737));
#1786=EDGE_LOOP('',(#738));
#1787=EDGE_LOOP('',(#739));
#1788=EDGE_LOOP('',(#740));
#1789=EDGE_LOOP('',(#741));
#1790=EDGE_LOOP('',(#742));
#1791=EDGE_LOOP('',(#743));
#1792=EDGE_LOOP('',(#744));
#1793=EDGE_LOOP('',(#745));
#1794=EDGE_LOOP('',(#746));
#1795=EDGE_LOOP('',(#747));
#1796=EDGE_LOOP('',(#748));
#1797=EDGE_LOOP('',(#749));
#1798=EDGE_LOOP('',(#750));
#1799=EDGE_LOOP('',(#751));
#1800=EDGE_LOOP('',(#752));
#1801=EDGE_LOOP('',(#753));
#1802=EDGE_LOOP('',(#754));
#1803=EDGE_LOOP('',(#755));
#1804=EDGE_LOOP('',(#756));
#1805=EDGE_LOOP('',(#757));
#1806=EDGE_LOOP('',(#758));
#1807=EDGE_LOOP('',(#759));
#1808=EDGE_LOOP('',(#760));
#1809=EDGE_LOOP('',(#761));
#1810=FACE_BOUND('',#1448,.T.);
#1811=FACE_BOUND('',#1449,.T.);
#1812=FACE_BOUND('',#1450,.T.);
#1813=FACE_BOUND('',#1451,.T.);
#1814=FACE_BOUND('',#1452,.T.);
#1815=FACE_BOUND('',#1453,.T.);
#1816=FACE_BOUND('',#1454,.T.);
#1817=FACE_BOUND('',#1455,.T.);
#1818=FACE_BOUND('',#1456,.T.);
#1819=FACE_BOUND('',#1457,.T.);
#1820=FACE_BOUND('',#1458,.T.);
#1821=FACE_BOUND('',#1459,.T.);
#1822=FACE_BOUND('',#1460,.T.);
#1823=FACE_BOUND('',#1461,.T.);
#1824=FACE_BOUND('',#1462,.T.);
#1825=FACE_BOUND('',#1463,.T.);
#1826=FACE_BOUND('',#1464,.T.);
#1827=FACE_BOUND('',#1465,.T.);
#1828=FACE_BOUND('',#1466,.T.);
#1829=FACE_BOUND('',#1467,.T.);
#1830=FACE_BOUND('',#1468,.T.);
#1831=FACE_BOUND('',#1469,.T.);
#1832=FACE_BOUND('',#1470,.T.);
#1833=FACE_BOUND('',#1471,.T.);
#1834=FACE_BOUND('',#1472,.T.);
#1835=FACE_BOUND('',#1473,.T.);
#1836=FACE_BOUND('',#1474,.T.);
#1837=FACE_BOUND('',#1475,.T.);
#1838=FACE_BOUND('',#1476,.T.);
#1839=FACE_BOUND('',#1477,.T.);
#1840=FACE_BOUND('',#1478,.T.);
#1841=FACE_BOUND('',#1479,.T.);
#1842=FACE_BOUND('',#1480,.T.);
#1843=FACE_BOUND('',#1481,.T.);
#1844=FACE_BOUND('',#1482,.T.);
#1845=FACE_BOUND('',#1483,.T.);
#1846=FACE_BOUND('',#1484,.T.);
#1847=FACE_BOUND('',#1485,.T.);
#1848=FACE_BOUND('',#1486,.T.);
#1849=FACE_BOUND('',#1487,.T.);
#1850=FACE_BOUND('',#1488,.T.);
#1851=FACE_BOUND('',#1489,.T.);
#1852=FACE_BOUND('',#1490,.T.);
#1853=FACE_BOUND('',#1491,.T.);
#1854=FACE_BOUND('',#1492,.T.);
#1855=FACE_BOUND('',#1493,.T.);
#1856=FACE_BOUND('',#1494,.T.);
#1857=FACE_BOUND('',#1495,.T.);
#1858=FACE_BOUND('',#1496,.T.);
#1859=FACE_BOUND('',#1497,.T.);
#1860=FACE_BOUND('',#1498,.T.);
#1861=FACE_BOUND('',#1499,.T.);
#1862=FACE_BOUND('',#1500,.T.);
#1863=FACE_BOUND('',#1501,.T.);
#1864=FACE_BOUND('',#1502,.T.);
#1865=FACE_BOUND('',#1503,.T.);
#1866=FACE_BOUND('',#1504,.T.);
#1867=FACE_BOUND('',#1505,.T.);
#1868=FACE_BOUND('',#1506,.T.);
#1869=FACE_BOUND('',#1507,.T.);
#1870=FACE_BOUND('',#1508,.T.);
#1871=FACE_BOUND('',#1509,.T.);
#1872=FACE_BOUND('',#1510,.T.);
#1873=FACE_BOUND('',#1511,.T.);
#1874=FACE_BOUND('',#1512,.T.);
#1875=FACE_BOUND('',#1513,.T.);
#1876=FACE_BOUND('',#1514,.T.);
#1877=FACE_BOUND('',#1515,.T.);
#1878=FACE_BOUND('',#1516,.T.);
#1879=FACE_BOUND('',#1517,.T.);
#1880=FACE_BOUND('',#1518,.T.);
#1881=FACE_BOUND('',#1519,.T.);
#1882=FACE_BOUND('',#1520,.T.);
#1883=FACE_BOUND('',#1521,.T.);
#1884=FACE_BOUND('',#1522,.T.);
#1885=FACE_BOUND('',#1523,.T.);
#1886=FACE_BOUND('',#1524,.T.);
#1887=FACE_BOUND('',#1525,.T.);
#1888=FACE_BOUND('',#1526,.T.);
#1889=FACE_BOUND('',#1527,.T.);
#1890=FACE_BOUND('',#1528,.T.);
#1891=FACE_BOUND('',#1529,.T.);
#1892=FACE_BOUND('',#1530,.T.);
#1893=FACE_BOUND('',#1531,.T.);
#1894=FACE_BOUND('',#1532,.T.);
#1895=FACE_BOUND('',#1533,.T.);
#1896=FACE_BOUND('',#1534,.T.);
#1897=FACE_BOUND('',#1535,.T.);
#1898=FACE_BOUND('',#1536,.T.);
#1899=FACE_BOUND('',#1537,.T.);
#1900=FACE_BOUND('',#1538,.T.);
#1901=FACE_BOUND('',#1539,.T.);
#1902=FACE_BOUND('',#1540,.T.);
#1903=FACE_BOUND('',#1541,.T.);
#1904=FACE_BOUND('',#1542,.T.);
#1905=FACE_BOUND('',#1543,.T.);
#1906=FACE_BOUND('',#1544,.T.);
#1907=FACE_BOUND('',#1545,.T.);
#1908=FACE_BOUND('',#1546,.T.);
#1909=FACE_BOUND('',#1547,.T.);
#1910=FACE_BOUND('',#1548,.T.);
#1911=FACE_BOUND('',#1549,.T.);
#1912=FACE_BOUND('',#1550,.T.);
#1913=FACE_BOUND('',#1551,.T.);
#1914=FACE_BOUND('',#1552,.T.);
#1915=FACE_BOUND('',#1553,.T.);
#1916=FACE_BOUND('',#1554,.T.);
#1917=FACE_BOUND('',#1555,.T.);
#1918=FACE_BOUND('',#1556,.T.);
#1919=FACE_BOUND('',#1557,.T.);
#1920=FACE_BOUND('',#1558,.T.);
#1921=FACE_BOUND('',#1559,.T.);
#1922=FACE_BOUND('',#1560,.T.);
#1923=FACE_BOUND('',#1561,.T.);
#1924=FACE_BOUND('',#1562,.T.);
#1925=FACE_BOUND('',#1563,.T.);
#1926=FACE_BOUND('',#1564,.T.);
#1927=FACE_BOUND('',#1565,.T.);
#1928=FACE_BOUND('',#1566,.T.);
#1929=FACE_BOUND('',#1567,.T.);
#1930=FACE_BOUND('',#1568,.T.);
#1931=FACE_BOUND('',#1569,.T.);
#1932=FACE_BOUND('',#1570,.T.);
#1933=FACE_BOUND('',#1571,.T.);
#1934=FACE_BOUND('',#1572,.T.);
#1935=FACE_BOUND('',#1573,.T.);
#1936=FACE_BOUND('',#1574,.T.);
#1937=FACE_BOUND('',#1575,.T.);
#1938=FACE_BOUND('',#1576,.T.);
#1939=FACE_BOUND('',#1577,.T.);
#1940=FACE_BOUND('',#1578,.T.);
#1941=FACE_BOUND('',#1579,.T.);
#1942=FACE_BOUND('',#1580,.T.);
#1943=FACE_BOUND('',#1581,.T.);
#1944=FACE_BOUND('',#1582,.T.);
#1945=FACE_BOUND('',#1583,.T.);
#1946=FACE_BOUND('',#1584,.T.);
#1947=FACE_BOUND('',#1585,.T.);
#1948=FACE_BOUND('',#1586,.T.);
#1949=FACE_BOUND('',#1587,.T.);
#1950=FACE_BOUND('',#1588,.T.);
#1951=FACE_BOUND('',#1589,.T.);
#1952=FACE_BOUND('',#1590,.T.);
#1953=FACE_BOUND('',#1591,.T.);
#1954=FACE_BOUND('',#1592,.T.);
#1955=FACE_BOUND('',#1593,.T.);
#1956=FACE_BOUND('',#1594,.T.);
#1957=FACE_BOUND('',#1595,.T.);
#1958=FACE_BOUND('',#1596,.T.);
#1959=FACE_BOUND('',#1597,.T.);
#1960=FACE_BOUND('',#1598,.T.);
#1961=FACE_BOUND('',#1599,.T.);
#1962=FACE_BOUND('',#1600,.T.);
#1963=FACE_BOUND('',#1601,.T.);
#1964=FACE_BOUND('',#1602,.T.);
#1965=FACE_BOUND('',#1603,.T.);
#1966=FACE_BOUND('',#1604,.T.);
#1967=FACE_BOUND('',#1605,.T.);
#1968=FACE_BOUND('',#1606,.T.);
#1969=FACE_BOUND('',#1607,.T.);
#1970=FACE_BOUND('',#1608,.T.);
#1971=FACE_BOUND('',#1609,.T.);
#1972=FACE_BOUND('',#1610,.T.);
#1973=FACE_BOUND('',#1611,.T.);
#1974=FACE_BOUND('',#1612,.T.);
#1975=FACE_BOUND('',#1613,.T.);
#1976=FACE_BOUND('',#1614,.T.);
#1977=FACE_BOUND('',#1615,.T.);
#1978=FACE_BOUND('',#1616,.T.);
#1979=FACE_BOUND('',#1617,.T.);
#1980=FACE_BOUND('',#1618,.T.);
#1981=FACE_BOUND('',#1619,.T.);
#1982=FACE_BOUND('',#1620,.T.);
#1983=FACE_BOUND('',#1621,.T.);
#1984=FACE_BOUND('',#1622,.T.);
#1985=FACE_BOUND('',#1623,.T.);
#1986=FACE_BOUND('',#1624,.T.);
#1987=FACE_BOUND('',#1625,.T.);
#1988=FACE_BOUND('',#1626,.T.);
#1989=FACE_BOUND('',#1627,.T.);
#1990=FACE_BOUND('',#1628,.T.);
#1991=FACE_BOUND('',#1629,.T.);
#1992=FACE_BOUND('',#1630,.T.);
#1993=FACE_BOUND('',#1631,.T.);
#1994=FACE_BOUND('',#1632,.T.);
#1995=FACE_BOUND('',#1633,.T.);
#1996=FACE_BOUND('',#1634,.T.);
#1997=FACE_BOUND('',#1635,.T.);
#1998=FACE_BOUND('',#1636,.T.);
#1999=FACE_BOUND('',#1637,.T.);
#2000=FACE_BOUND('',#1638,.T.);
#2001=FACE_BOUND('',#1639,.T.);
#2002=FACE_BOUND('',#1640,.T.);
#2003=FACE_BOUND('',#1641,.T.);
#2004=FACE_BOUND('',#1642,.T.);
#2005=FACE_BOUND('',#1643,.T.);
#2006=FACE_BOUND('',#1644,.T.);
#2007=FACE_BOUND('',#1645,.T.);
#2008=FACE_BOUND('',#1646,.T.);
#2009=FACE_BOUND('',#1647,.T.);
#2010=FACE_BOUND('',#1648,.T.);
#2011=FACE_BOUND('',#1649,.T.);
#2012=FACE_BOUND('',#1650,.T.);
#2013=FACE_BOUND('',#1651,.T.);
#2014=FACE_BOUND('',#1652,.T.);
#2015=FACE_BOUND('',#1653,.T.);
#2016=FACE_BOUND('',#1654,.T.);
#2017=FACE_BOUND('',#1655,.T.);
#2018=FACE_BOUND('',#1656,.T.);
#2019=FACE_BOUND('',#1657,.T.);
#2020=FACE_BOUND('',#1658,.T.);
#2021=FACE_BOUND('',#1659,.T.);
#2022=FACE_BOUND('',#1660,.T.);
#2023=FACE_BOUND('',#1661,.T.);
#2024=FACE_BOUND('',#1662,.T.);
#2025=FACE_BOUND('',#1663,.T.);
#2026=FACE_BOUND('',#1664,.T.);
#2027=FACE_BOUND('',#1665,.T.);
#2028=FACE_BOUND('',#1666,.T.);
#2029=FACE_BOUND('',#1667,.T.);
#2030=FACE_BOUND('',#1668,.T.);
#2031=FACE_BOUND('',#1669,.T.);
#2032=FACE_BOUND('',#1670,.T.);
#2033=FACE_BOUND('',#1671,.T.);
#2034=FACE_BOUND('',#1672,.T.);
#2035=FACE_BOUND('',#1673,.T.);
#2036=FACE_BOUND('',#1674,.T.);
#2037=FACE_BOUND('',#1675,.T.);
#2038=FACE_BOUND('',#1676,.T.);
#2039=FACE_BOUND('',#1677,.T.);
#2040=FACE_BOUND('',#1678,.T.);
#2041=FACE_BOUND('',#1679,.T.);
#2042=FACE_BOUND('',#1680,.T.);
#2043=FACE_BOUND('',#1681,.T.);
#2044=FACE_BOUND('',#1682,.T.);
#2045=FACE_BOUND('',#1683,.T.);
#2046=FACE_BOUND('',#1684,.T.);
#2047=FACE_BOUND('',#1685,.T.);
#2048=FACE_BOUND('',#1686,.T.);
#2049=FACE_BOUND('',#1687,.T.);
#2050=FACE_BOUND('',#1688,.T.);
#2051=FACE_BOUND('',#1689,.T.);
#2052=FACE_BOUND('',#1690,.T.);
#2053=FACE_BOUND('',#1691,.T.);
#2054=FACE_BOUND('',#1692,.T.);
#2055=FACE_BOUND('',#1693,.T.);
#2056=FACE_BOUND('',#1694,.T.);
#2057=FACE_BOUND('',#1695,.T.);
#2058=FACE_BOUND('',#1696,.T.);
#2059=FACE_BOUND('',#1697,.T.);
#2060=FACE_BOUND('',#1698,.T.);
#2061=FACE_BOUND('',#1699,.T.);
#2062=FACE_BOUND('',#1700,.T.);
#2063=FACE_BOUND('',#1701,.T.);
#2064=FACE_BOUND('',#1702,.T.);
#2065=FACE_BOUND('',#1703,.T.);
#2066=FACE_BOUND('',#1704,.T.);
#2067=FACE_BOUND('',#1705,.T.);
#2068=FACE_BOUND('',#1706,.T.);
#2069=FACE_BOUND('',#1707,.T.);
#2070=FACE_BOUND('',#1708,.T.);
#2071=FACE_BOUND('',#1709,.T.);
#2072=FACE_BOUND('',#1710,.T.);
#2073=FACE_BOUND('',#1711,.T.);
#2074=FACE_BOUND('',#1712,.T.);
#2075=FACE_BOUND('',#1713,.T.);
#2076=FACE_BOUND('',#1714,.T.);
#2077=FACE_BOUND('',#1715,.T.);
#2078=FACE_BOUND('',#1716,.T.);
#2079=FACE_BOUND('',#1717,.T.);
#2080=FACE_BOUND('',#1718,.T.);
#2081=FACE_BOUND('',#1719,.T.);
#2082=FACE_BOUND('',#1720,.T.);
#2083=FACE_BOUND('',#1721,.T.);
#2084=FACE_BOUND('',#1722,.T.);
#2085=FACE_BOUND('',#1723,.T.);
#2086=FACE_BOUND('',#1724,.T.);
#2087=FACE_BOUND('',#1725,.T.);
#2088=FACE_BOUND('',#1726,.T.);
#2089=FACE_BOUND('',#1727,.T.);
#2090=FACE_BOUND('',#1728,.T.);
#2091=FACE_BOUND('',#1729,.T.);
#2092=FACE_BOUND('',#1730,.T.);
#2093=FACE_BOUND('',#1731,.T.);
#2094=FACE_BOUND('',#1732,.T.);
#2095=FACE_BOUND('',#1733,.T.);
#2096=FACE_BOUND('',#1734,.T.);
#2097=FACE_BOUND('',#1735,.T.);
#2098=FACE_BOUND('',#1736,.T.);
#2099=FACE_BOUND('',#1737,.T.);
#2100=FACE_BOUND('',#1738,.T.);
#2101=FACE_BOUND('',#1739,.T.);
#2102=FACE_BOUND('',#1740,.T.);
#2103=FACE_BOUND('',#1741,.T.);
#2104=FACE_BOUND('',#1742,.T.);
#2105=FACE_BOUND('',#1743,.T.);
#2106=FACE_BOUND('',#1744,.T.);
#2107=FACE_BOUND('',#1745,.T.);
#2108=FACE_BOUND('',#1746,.T.);
#2109=FACE_BOUND('',#1747,.T.);
#2110=FACE_BOUND('',#1748,.T.);
#2111=FACE_BOUND('',#1749,.T.);
#2112=FACE_BOUND('',#1750,.T.);
#2113=FACE_BOUND('',#1751,.T.);
#2114=FACE_BOUND('',#1752,.T.);
#2115=FACE_BOUND('',#1753,.T.);
#2116=FACE_BOUND('',#1754,.T.);
#2117=FACE_BOUND('',#1755,.T.);
#2118=FACE_BOUND('',#1756,.T.);
#2119=FACE_BOUND('',#1757,.T.);
#2120=FACE_BOUND('',#1758,.T.);
#2121=FACE_BOUND('',#1759,.T.);
#2122=FACE_BOUND('',#1760,.T.);
#2123=FACE_BOUND('',#1761,.T.);
#2124=FACE_BOUND('',#1762,.T.);
#2125=FACE_BOUND('',#1763,.T.);
#2126=FACE_BOUND('',#1764,.T.);
#2127=FACE_BOUND('',#1765,.T.);
#2128=FACE_BOUND('',#1766,.T.);
#2129=FACE_BOUND('',#1767,.T.);
#2130=FACE_BOUND('',#1768,.T.);
#2131=FACE_BOUND('',#1769,.T.);
#2132=FACE_BOUND('',#1770,.T.);
#2133=FACE_BOUND('',#1771,.T.);
#2134=FACE_BOUND('',#1772,.T.);
#2135=FACE_BOUND('',#1773,.T.);
#2136=FACE_BOUND('',#1774,.T.);
#2137=FACE_BOUND('',#1775,.T.);
#2138=FACE_BOUND('',#1776,.T.);
#2139=FACE_BOUND('',#1777,.T.);
#2140=FACE_BOUND('',#1778,.T.);
#2141=FACE_BOUND('',#1779,.T.);
#2142=FACE_BOUND('',#1780,.T.);
#2143=FACE_BOUND('',#1781,.T.);
#2144=FACE_BOUND('',#1782,.T.);
#2145=FACE_BOUND('',#1783,.T.);
#2146=FACE_BOUND('',#1784,.T.);
#2147=FACE_BOUND('',#1785,.T.);
#2148=FACE_BOUND('',#1786,.T.);
#2149=FACE_BOUND('',#1787,.T.);
#2150=FACE_BOUND('',#1788,.T.);
#2151=FACE_BOUND('',#1789,.T.);
#2152=FACE_BOUND('',#1790,.T.);
#2153=FACE_BOUND('',#1791,.T.);
#2154=FACE_BOUND('',#1792,.T.);
#2155=FACE_BOUND('',#1793,.T.);
#2156=FACE_BOUND('',#1794,.T.);
#2157=FACE_BOUND('',#1795,.T.);
#2158=FACE_BOUND('',#1796,.T.);
#2159=FACE_BOUND('',#1797,.T.);
#2160=FACE_BOUND('',#1798,.T.);
#2161=FACE_BOUND('',#1799,.T.);
#2162=FACE_BOUND('',#1800,.T.);
#2163=FACE_BOUND('',#1801,.T.);
#2164=FACE_BOUND('',#1802,.T.);
#2165=FACE_BOUND('',#1803,.T.);
#2166=FACE_BOUND('',#1804,.T.);
#2167=FACE_BOUND('',#1805,.T.);
#2168=FACE_BOUND('',#1806,.T.);
#2169=FACE_BOUND('',#1807,.T.);
#2170=FACE_BOUND('',#1808,.T.);
#2171=FACE_BOUND('',#1809,.T.);
#2172=PLANE('',#2505);
#2173=PLANE('',#2512);
#2174=PLANE('',#2513);
#2175=PLANE('',#2514);
#2176=PLANE('',#2515);
#2177=PLANE('',#2588);
#2178=PLANE('',#2589);
#2179=PLANE('',#2590);
#2180=PLANE('',#2591);
#2181=PLANE('',#2592);
#2182=PLANE('',#2593);
#2183=PLANE('',#2594);
#2184=PLANE('',#2595);
#2185=PLANE('',#2596);
#2186=PLANE('',#2597);
#2187=PLANE('',#2598);
#2188=PLANE('',#2599);
#2189=PLANE('',#2600);
#2190=PLANE('',#2601);
#2191=PLANE('',#2602);
#2192=PLANE('',#2603);
#2193=PLANE('',#2604);
#2194=PLANE('',#2605);
#2195=PLANE('',#2606);
#2196=PLANE('',#2607);
#2197=PLANE('',#2608);
#2198=PLANE('',#2609);
#2199=PLANE('',#2610);
#2200=PLANE('',#2611);
#2201=PLANE('',#2612);
#2202=PLANE('',#2613);
#2203=PLANE('',#2614);
#2204=PLANE('',#2615);
#2205=PLANE('',#2616);
#2206=PLANE('',#2617);
#2207=PLANE('',#2618);
#2208=PLANE('',#2621);
#2209=PLANE('',#2624);
#2210=PLANE('',#2627);
#2211=PLANE('',#2630);
#2212=PLANE('',#2633);
#2213=PLANE('',#2636);
#2214=PLANE('',#2637);
#2215=PLANE('',#2638);
#2216=PLANE('',#2639);
#2217=PLANE('',#2640);
#2218=PLANE('',#2641);
#2219=PLANE('',#2642);
#2220=PLANE('',#2643);
#2221=PLANE('',#2646);
#2222=PLANE('',#2649);
#2223=PLANE('',#2652);
#2224=PLANE('',#2655);
#2225=PLANE('',#2658);
#2226=PLANE('',#2661);
#2227=PLANE('',#2664);
#2228=PLANE('',#2667);
#2229=PLANE('',#2670);
#2230=PLANE('',#2673);
#2231=PLANE('',#2676);
#2232=PLANE('',#2679);
#2233=PLANE('',#2682);
#2234=PLANE('',#2685);
#2235=PLANE('',#2688);
#2236=PLANE('',#2691);
#2237=PLANE('',#2694);
#2238=PLANE('',#2697);
#2239=PLANE('',#2700);
#2240=PLANE('',#2703);
#2241=PLANE('',#2706);
#2242=PLANE('',#2709);
#2243=PLANE('',#2712);
#2244=PLANE('',#2715);
#2245=PLANE('',#2718);
#2246=PLANE('',#2721);
#2247=PLANE('',#2724);
#2248=PLANE('',#2727);
#2249=PLANE('',#2730);
#2250=PLANE('',#2733);
#2251=PLANE('',#2736);
#2252=PLANE('',#2739);
#2253=PLANE('',#2742);
#2254=PLANE('',#2745);
#2255=PLANE('',#2748);
#2256=PLANE('',#2751);
#2257=PLANE('',#2754);
#2258=PLANE('',#2757);
#2259=PLANE('',#2760);
#2260=PLANE('',#2763);
#2261=PLANE('',#2766);
#2262=PLANE('',#2769);
#2263=PLANE('',#2772);
#2264=PLANE('',#2775);
#2265=PLANE('',#2778);
#2266=PLANE('',#2781);
#2267=PLANE('',#2784);
#2268=PLANE('',#2787);
#2269=PLANE('',#2790);
#2270=PLANE('',#2793);
#2271=PLANE('',#2796);
#2272=PLANE('',#2799);
#2273=PLANE('',#2802);
#2274=PLANE('',#2805);
#2275=PLANE('',#2808);
#2276=PLANE('',#2811);
#2277=PLANE('',#2814);
#2278=PLANE('',#2817);
#2279=PLANE('',#2820);
#2280=PLANE('',#2823);
#2281=PLANE('',#2826);
#2282=PLANE('',#2829);
#2283=PLANE('',#2832);
#2284=PLANE('',#2835);
#2285=PLANE('',#2838);
#2286=PLANE('',#2841);
#2287=PLANE('',#2844);
#2288=PLANE('',#2847);
#2289=PLANE('',#2850);
#2290=PLANE('',#2853);
#2291=PLANE('',#2856);
#2292=PLANE('',#2859);
#2293=ADVANCED_FACE('',(#1810,#1811,#1812,#1813,#1814,#1815,#1816,#1817,
#1818,#1819,#1820,#1821,#1822,#1823),#2172,.T.);
#2294=ADVANCED_FACE('',(#1824),#2173,.T.);
#2295=ADVANCED_FACE('',(#1825),#2174,.F.);
#2296=ADVANCED_FACE('',(#1826),#2175,.F.);
#2297=ADVANCED_FACE('',(#1827,#1828,#1829,#1830,#1831,#1832,#1833,#1834,
#1835,#1836,#1837,#1838,#1839,#1840,#1841,#1842,#1843,#1844,#1845,#1846,
#1847,#1848,#1849,#1850,#1851,#1852,#1853,#1854,#1855,#1856,#1857,#1858,
#1859,#1860,#1861,#1862,#1863,#1864,#1865,#1866,#1867,#1868,#1869,#1870,
#1871,#1872,#1873,#1874,#1875,#1876,#1877,#1878,#1879,#1880,#1881,#1882,
#1883,#1884,#1885,#1886,#1887,#1888,#1889,#1890,#1891,#1892,#1893,#1894,
#1895,#1896,#1897,#1898,#1899),#2176,.T.);
#2298=ADVANCED_FACE('',(#1900),#2177,.F.);
#2299=ADVANCED_FACE('',(#1901),#2178,.F.);
#2300=ADVANCED_FACE('',(#1902),#2179,.F.);
#2301=ADVANCED_FACE('',(#1903),#2180,.T.);
#2302=ADVANCED_FACE('',(#1904),#2181,.T.);
#2303=ADVANCED_FACE('',(#1905),#2182,.T.);
#2304=ADVANCED_FACE('',(#1906),#2183,.F.);
#2305=ADVANCED_FACE('',(#1907),#2184,.F.);
#2306=ADVANCED_FACE('',(#1908),#2185,.T.);
#2307=ADVANCED_FACE('',(#1909),#2186,.T.);
#2308=ADVANCED_FACE('',(#1910),#2187,.T.);
#2309=ADVANCED_FACE('',(#1911),#2188,.F.);
#2310=ADVANCED_FACE('',(#1912),#2189,.F.);
#2311=ADVANCED_FACE('',(#1913),#2190,.T.);
#2312=ADVANCED_FACE('',(#1914),#2191,.T.);
#2313=ADVANCED_FACE('',(#1915),#2192,.T.);
#2314=ADVANCED_FACE('',(#1916),#2193,.F.);
#2315=ADVANCED_FACE('',(#1917),#2194,.F.);
#2316=ADVANCED_FACE('',(#1918),#2195,.T.);
#2317=ADVANCED_FACE('',(#1919),#2196,.T.);
#2318=ADVANCED_FACE('',(#1920),#2197,.T.);
#2319=ADVANCED_FACE('',(#1921),#2198,.F.);
#2320=ADVANCED_FACE('',(#1922),#2199,.F.);
#2321=ADVANCED_FACE('',(#1923),#2200,.T.);
#2322=ADVANCED_FACE('',(#1924),#2201,.T.);
#2323=ADVANCED_FACE('',(#1925),#2202,.T.);
#2324=ADVANCED_FACE('',(#1926),#2203,.T.);
#2325=ADVANCED_FACE('',(#1927),#2204,.F.);
#2326=ADVANCED_FACE('',(#1928),#2205,.F.);
#2327=ADVANCED_FACE('',(#1929),#2206,.T.);
#2328=ADVANCED_FACE('',(#1930),#2207,.T.);
#2329=ADVANCED_FACE('',(#1931,#1932),#12,.T.);
#2330=ADVANCED_FACE('',(#1933),#2208,.T.);
#2331=ADVANCED_FACE('',(#1934,#1935),#13,.T.);
#2332=ADVANCED_FACE('',(#1936),#2209,.T.);
#2333=ADVANCED_FACE('',(#1937,#1938),#14,.T.);
#2334=ADVANCED_FACE('',(#1939),#2210,.T.);
#2335=ADVANCED_FACE('',(#1940,#1941),#15,.T.);
#2336=ADVANCED_FACE('',(#1942),#2211,.T.);
#2337=ADVANCED_FACE('',(#1943,#1944),#16,.T.);
#2338=ADVANCED_FACE('',(#1945),#2212,.T.);
#2339=ADVANCED_FACE('',(#1946,#1947),#17,.T.);
#2340=ADVANCED_FACE('',(#1948),#2213,.T.);
#2341=ADVANCED_FACE('',(#1949),#2214,.F.);
#2342=ADVANCED_FACE('',(#1950),#2215,.F.);
#2343=ADVANCED_FACE('',(#1951),#2216,.F.);
#2344=ADVANCED_FACE('',(#1952),#2217,.F.);
#2345=ADVANCED_FACE('',(#1953),#2218,.F.);
#2346=ADVANCED_FACE('',(#1954),#2219,.F.);
#2347=ADVANCED_FACE('',(#1955),#2220,.T.);
#2348=ADVANCED_FACE('',(#1956,#1957),#18,.F.);
#2349=ADVANCED_FACE('',(#1958),#2221,.T.);
#2350=ADVANCED_FACE('',(#1959,#1960),#19,.F.);
#2351=ADVANCED_FACE('',(#1961),#2222,.T.);
#2352=ADVANCED_FACE('',(#1962,#1963),#20,.F.);
#2353=ADVANCED_FACE('',(#1964),#2223,.T.);
#2354=ADVANCED_FACE('',(#1965,#1966),#21,.F.);
#2355=ADVANCED_FACE('',(#1967),#2224,.T.);
#2356=ADVANCED_FACE('',(#1968,#1969),#22,.F.);
#2357=ADVANCED_FACE('',(#1970),#2225,.T.);
#2358=ADVANCED_FACE('',(#1971,#1972),#23,.F.);
#2359=ADVANCED_FACE('',(#1973),#2226,.T.);
#2360=ADVANCED_FACE('',(#1974,#1975),#24,.F.);
#2361=ADVANCED_FACE('',(#1976),#2227,.T.);
#2362=ADVANCED_FACE('',(#1977,#1978),#25,.F.);
#2363=ADVANCED_FACE('',(#1979),#2228,.T.);
#2364=ADVANCED_FACE('',(#1980,#1981),#26,.F.);
#2365=ADVANCED_FACE('',(#1982),#2229,.T.);
#2366=ADVANCED_FACE('',(#1983,#1984),#27,.F.);
#2367=ADVANCED_FACE('',(#1985),#2230,.T.);
#2368=ADVANCED_FACE('',(#1986,#1987),#28,.F.);
#2369=ADVANCED_FACE('',(#1988),#2231,.T.);
#2370=ADVANCED_FACE('',(#1989,#1990),#29,.F.);
#2371=ADVANCED_FACE('',(#1991),#2232,.T.);
#2372=ADVANCED_FACE('',(#1992,#1993),#30,.F.);
#2373=ADVANCED_FACE('',(#1994),#2233,.T.);
#2374=ADVANCED_FACE('',(#1995,#1996),#31,.F.);
#2375=ADVANCED_FACE('',(#1997),#2234,.T.);
#2376=ADVANCED_FACE('',(#1998,#1999),#32,.F.);
#2377=ADVANCED_FACE('',(#2000),#2235,.T.);
#2378=ADVANCED_FACE('',(#2001,#2002),#33,.F.);
#2379=ADVANCED_FACE('',(#2003),#2236,.T.);
#2380=ADVANCED_FACE('',(#2004,#2005),#34,.F.);
#2381=ADVANCED_FACE('',(#2006),#2237,.T.);
#2382=ADVANCED_FACE('',(#2007,#2008),#35,.F.);
#2383=ADVANCED_FACE('',(#2009),#2238,.T.);
#2384=ADVANCED_FACE('',(#2010,#2011),#36,.F.);
#2385=ADVANCED_FACE('',(#2012),#2239,.T.);
#2386=ADVANCED_FACE('',(#2013,#2014),#37,.F.);
#2387=ADVANCED_FACE('',(#2015),#2240,.T.);
#2388=ADVANCED_FACE('',(#2016,#2017),#38,.F.);
#2389=ADVANCED_FACE('',(#2018),#2241,.T.);
#2390=ADVANCED_FACE('',(#2019,#2020),#39,.F.);
#2391=ADVANCED_FACE('',(#2021),#2242,.T.);
#2392=ADVANCED_FACE('',(#2022,#2023),#40,.F.);
#2393=ADVANCED_FACE('',(#2024),#2243,.T.);
#2394=ADVANCED_FACE('',(#2025,#2026),#41,.F.);
#2395=ADVANCED_FACE('',(#2027),#2244,.T.);
#2396=ADVANCED_FACE('',(#2028,#2029),#42,.F.);
#2397=ADVANCED_FACE('',(#2030),#2245,.T.);
#2398=ADVANCED_FACE('',(#2031,#2032),#43,.F.);
#2399=ADVANCED_FACE('',(#2033),#2246,.T.);
#2400=ADVANCED_FACE('',(#2034,#2035),#44,.F.);
#2401=ADVANCED_FACE('',(#2036),#2247,.T.);
#2402=ADVANCED_FACE('',(#2037,#2038),#45,.F.);
#2403=ADVANCED_FACE('',(#2039),#2248,.T.);
#2404=ADVANCED_FACE('',(#2040,#2041),#46,.F.);
#2405=ADVANCED_FACE('',(#2042),#2249,.T.);
#2406=ADVANCED_FACE('',(#2043,#2044),#47,.F.);
#2407=ADVANCED_FACE('',(#2045),#2250,.T.);
#2408=ADVANCED_FACE('',(#2046,#2047),#48,.F.);
#2409=ADVANCED_FACE('',(#2048),#2251,.T.);
#2410=ADVANCED_FACE('',(#2049,#2050),#49,.F.);
#2411=ADVANCED_FACE('',(#2051),#2252,.T.);
#2412=ADVANCED_FACE('',(#2052,#2053),#50,.F.);
#2413=ADVANCED_FACE('',(#2054),#2253,.T.);
#2414=ADVANCED_FACE('',(#2055,#2056),#51,.F.);
#2415=ADVANCED_FACE('',(#2057),#2254,.T.);
#2416=ADVANCED_FACE('',(#2058,#2059),#52,.F.);
#2417=ADVANCED_FACE('',(#2060),#2255,.T.);
#2418=ADVANCED_FACE('',(#2061,#2062),#53,.F.);
#2419=ADVANCED_FACE('',(#2063),#2256,.T.);
#2420=ADVANCED_FACE('',(#2064,#2065),#54,.F.);
#2421=ADVANCED_FACE('',(#2066),#2257,.T.);
#2422=ADVANCED_FACE('',(#2067,#2068),#55,.F.);
#2423=ADVANCED_FACE('',(#2069),#2258,.T.);
#2424=ADVANCED_FACE('',(#2070,#2071),#56,.F.);
#2425=ADVANCED_FACE('',(#2072),#2259,.T.);
#2426=ADVANCED_FACE('',(#2073,#2074),#57,.F.);
#2427=ADVANCED_FACE('',(#2075),#2260,.T.);
#2428=ADVANCED_FACE('',(#2076,#2077),#58,.F.);
#2429=ADVANCED_FACE('',(#2078),#2261,.T.);
#2430=ADVANCED_FACE('',(#2079,#2080),#59,.F.);
#2431=ADVANCED_FACE('',(#2081),#2262,.T.);
#2432=ADVANCED_FACE('',(#2082,#2083),#60,.F.);
#2433=ADVANCED_FACE('',(#2084),#2263,.T.);
#2434=ADVANCED_FACE('',(#2085,#2086),#61,.F.);
#2435=ADVANCED_FACE('',(#2087),#2264,.T.);
#2436=ADVANCED_FACE('',(#2088,#2089),#62,.F.);
#2437=ADVANCED_FACE('',(#2090),#2265,.T.);
#2438=ADVANCED_FACE('',(#2091,#2092),#63,.F.);
#2439=ADVANCED_FACE('',(#2093),#2266,.T.);
#2440=ADVANCED_FACE('',(#2094,#2095),#64,.F.);
#2441=ADVANCED_FACE('',(#2096),#2267,.T.);
#2442=ADVANCED_FACE('',(#2097,#2098),#65,.F.);
#2443=ADVANCED_FACE('',(#2099),#2268,.T.);
#2444=ADVANCED_FACE('',(#2100,#2101),#66,.F.);
#2445=ADVANCED_FACE('',(#2102),#2269,.T.);
#2446=ADVANCED_FACE('',(#2103,#2104),#67,.F.);
#2447=ADVANCED_FACE('',(#2105),#2270,.T.);
#2448=ADVANCED_FACE('',(#2106,#2107),#68,.F.);
#2449=ADVANCED_FACE('',(#2108),#2271,.T.);
#2450=ADVANCED_FACE('',(#2109,#2110),#69,.F.);
#2451=ADVANCED_FACE('',(#2111),#2272,.T.);
#2452=ADVANCED_FACE('',(#2112,#2113),#70,.F.);
#2453=ADVANCED_FACE('',(#2114),#2273,.T.);
#2454=ADVANCED_FACE('',(#2115,#2116),#71,.F.);
#2455=ADVANCED_FACE('',(#2117),#2274,.T.);
#2456=ADVANCED_FACE('',(#2118,#2119),#72,.F.);
#2457=ADVANCED_FACE('',(#2120),#2275,.T.);
#2458=ADVANCED_FACE('',(#2121,#2122),#73,.F.);
#2459=ADVANCED_FACE('',(#2123),#2276,.T.);
#2460=ADVANCED_FACE('',(#2124,#2125),#74,.F.);
#2461=ADVANCED_FACE('',(#2126),#2277,.T.);
#2462=ADVANCED_FACE('',(#2127,#2128),#75,.F.);
#2463=ADVANCED_FACE('',(#2129),#2278,.T.);
#2464=ADVANCED_FACE('',(#2130,#2131),#76,.F.);
#2465=ADVANCED_FACE('',(#2132),#2279,.T.);
#2466=ADVANCED_FACE('',(#2133,#2134),#77,.F.);
#2467=ADVANCED_FACE('',(#2135),#2280,.T.);
#2468=ADVANCED_FACE('',(#2136,#2137),#78,.F.);
#2469=ADVANCED_FACE('',(#2138),#2281,.T.);
#2470=ADVANCED_FACE('',(#2139,#2140),#79,.F.);
#2471=ADVANCED_FACE('',(#2141),#2282,.T.);
#2472=ADVANCED_FACE('',(#2142,#2143),#80,.F.);
#2473=ADVANCED_FACE('',(#2144),#2283,.T.);
#2474=ADVANCED_FACE('',(#2145,#2146),#81,.F.);
#2475=ADVANCED_FACE('',(#2147),#2284,.T.);
#2476=ADVANCED_FACE('',(#2148,#2149),#82,.F.);
#2477=ADVANCED_FACE('',(#2150),#2285,.T.);
#2478=ADVANCED_FACE('',(#2151,#2152),#83,.F.);
#2479=ADVANCED_FACE('',(#2153),#2286,.T.);
#2480=ADVANCED_FACE('',(#2154,#2155),#84,.F.);
#2481=ADVANCED_FACE('',(#2156),#2287,.T.);
#2482=ADVANCED_FACE('',(#2157,#2158),#85,.F.);
#2483=ADVANCED_FACE('',(#2159),#2288,.T.);
#2484=ADVANCED_FACE('',(#2160,#2161),#86,.F.);
#2485=ADVANCED_FACE('',(#2162),#2289,.T.);
#2486=ADVANCED_FACE('',(#2163,#2164),#87,.F.);
#2487=ADVANCED_FACE('',(#2165),#2290,.T.);
#2488=ADVANCED_FACE('',(#2166,#2167),#88,.F.);
#2489=ADVANCED_FACE('',(#2168),#2291,.T.);
#2490=ADVANCED_FACE('',(#2169,#2170),#89,.F.);
#2491=ADVANCED_FACE('',(#2171),#2292,.T.);
#2492=CLOSED_SHELL('',(#2293,#2294,#2295,#2296,#2297,#2298,#2299,#2300,
#2301,#2302,#2303,#2304,#2305,#2306,#2307,#2308,#2309,#2310,#2311,#2312,
#2313,#2314,#2315,#2316,#2317,#2318,#2319,#2320,#2321,#2322,#2323,#2324,
#2325,#2326,#2327,#2328,#2329,#2330,#2331,#2332,#2333,#2334,#2335,#2336,
#2337,#2338,#2339,#2340,#2341,#2342,#2343,#2344,#2345,#2346,#2347,#2348,
#2349,#2350,#2351,#2352,#2353,#2354,#2355,#2356,#2357,#2358,#2359,#2360,
#2361,#2362,#2363,#2364,#2365,#2366,#2367,#2368,#2369,#2370,#2371,#2372,
#2373,#2374,#2375,#2376,#2377,#2378,#2379,#2380,#2381,#2382,#2383,#2384,
#2385,#2386,#2387,#2388,#2389,#2390,#2391,#2392,#2393,#2394,#2395,#2396,
#2397,#2398,#2399,#2400,#2401,#2402,#2403,#2404,#2405,#2406,#2407,#2408,
#2409,#2410,#2411,#2412,#2413,#2414,#2415,#2416,#2417,#2418,#2419,#2420,
#2421,#2422,#2423,#2424,#2425,#2426,#2427,#2428,#2429,#2430,#2431,#2432,
#2433,#2434,#2435,#2436,#2437,#2438,#2439,#2440,#2441,#2442,#2443,#2444,
#2445,#2446,#2447,#2448,#2449,#2450,#2451,#2452,#2453,#2454,#2455,#2456,
#2457,#2458,#2459,#2460,#2461,#2462,#2463,#2464,#2465,#2466,#2467,#2468,
#2469,#2470,#2471,#2472,#2473,#2474,#2475,#2476,#2477,#2478,#2479,#2480,
#2481,#2482,#2483,#2484,#2485,#2486,#2487,#2488,#2489,#2490,#2491));
#2493=STYLED_ITEM('',(#2494),#2501);
#2494=PRESENTATION_STYLE_ASSIGNMENT((#2495));
#2495=SURFACE_STYLE_USAGE(.BOTH.,#2496);
#2496=SURFACE_SIDE_STYLE('',(#2497));
#2497=SURFACE_STYLE_FILL_AREA(#2498);
#2498=FILL_AREA_STYLE('',(#2499));
#2499=FILL_AREA_STYLE_COLOUR('',#2500);
#2500=COLOUR_RGB('',0.615686274509804,0.811764705882353,0.929411764705882);
#2501=MANIFOLD_SOLID_BREP('psu 24 v',#2492);
#2502=SHAPE_DEFINITION_REPRESENTATION(#4362,#2503);
#2503=SHAPE_REPRESENTATION('psu 24 v',(#2504),#4357);
#2504=AXIS2_PLACEMENT_3D('',#3674,#2860,#2861);
#2505=AXIS2_PLACEMENT_3D('',#3675,#2862,#2863);
#2506=AXIS2_PLACEMENT_3D('',#3688,#2870,#2871);
#2507=AXIS2_PLACEMENT_3D('',#3690,#2872,#2873);
#2508=AXIS2_PLACEMENT_3D('',#3692,#2874,#2875);
#2509=AXIS2_PLACEMENT_3D('',#3694,#2876,#2877);
#2510=AXIS2_PLACEMENT_3D('',#3696,#2878,#2879);
#2511=AXIS2_PLACEMENT_3D('',#3698,#2880,#2881);
#2512=AXIS2_PLACEMENT_3D('',#3756,#2910,#2911);
#2513=AXIS2_PLACEMENT_3D('',#3762,#2915,#2916);
#2514=AXIS2_PLACEMENT_3D('',#3768,#2920,#2921);
#2515=AXIS2_PLACEMENT_3D('',#3771,#2924,#2925);
#2516=AXIS2_PLACEMENT_3D('',#3772,#2926,#2927);
#2517=AXIS2_PLACEMENT_3D('',#3774,#2928,#2929);
#2518=AXIS2_PLACEMENT_3D('',#3776,#2930,#2931);
#2519=AXIS2_PLACEMENT_3D('',#3778,#2932,#2933);
#2520=AXIS2_PLACEMENT_3D('',#3780,#2934,#2935);
#2521=AXIS2_PLACEMENT_3D('',#3782,#2936,#2937);
#2522=AXIS2_PLACEMENT_3D('',#3784,#2938,#2939);
#2523=AXIS2_PLACEMENT_3D('',#3786,#2940,#2941);
#2524=AXIS2_PLACEMENT_3D('',#3788,#2942,#2943);
#2525=AXIS2_PLACEMENT_3D('',#3790,#2944,#2945);
#2526=AXIS2_PLACEMENT_3D('',#3792,#2946,#2947);
#2527=AXIS2_PLACEMENT_3D('',#3794,#2948,#2949);
#2528=AXIS2_PLACEMENT_3D('',#3796,#2950,#2951);
#2529=AXIS2_PLACEMENT_3D('',#3798,#2952,#2953);
#2530=AXIS2_PLACEMENT_3D('',#3800,#2954,#2955);
#2531=AXIS2_PLACEMENT_3D('',#3802,#2956,#2957);
#2532=AXIS2_PLACEMENT_3D('',#3804,#2958,#2959);
#2533=AXIS2_PLACEMENT_3D('',#3806,#2960,#2961);
#2534=AXIS2_PLACEMENT_3D('',#3808,#2962,#2963);
#2535=AXIS2_PLACEMENT_3D('',#3810,#2964,#2965);
#2536=AXIS2_PLACEMENT_3D('',#3812,#2966,#2967);
#2537=AXIS2_PLACEMENT_3D('',#3814,#2968,#2969);
#2538=AXIS2_PLACEMENT_3D('',#3816,#2970,#2971);
#2539=AXIS2_PLACEMENT_3D('',#3818,#2972,#2973);
#2540=AXIS2_PLACEMENT_3D('',#3820,#2974,#2975);
#2541=AXIS2_PLACEMENT_3D('',#3822,#2976,#2977);
#2542=AXIS2_PLACEMENT_3D('',#3824,#2978,#2979);
#2543=AXIS2_PLACEMENT_3D('',#3826,#2980,#2981);
#2544=AXIS2_PLACEMENT_3D('',#3828,#2982,#2983);
#2545=AXIS2_PLACEMENT_3D('',#3830,#2984,#2985);
#2546=AXIS2_PLACEMENT_3D('',#3832,#2986,#2987);
#2547=AXIS2_PLACEMENT_3D('',#3834,#2988,#2989);
#2548=AXIS2_PLACEMENT_3D('',#3836,#2990,#2991);
#2549=AXIS2_PLACEMENT_3D('',#3838,#2992,#2993);
#2550=AXIS2_PLACEMENT_3D('',#3840,#2994,#2995);
#2551=AXIS2_PLACEMENT_3D('',#3842,#2996,#2997);
#2552=AXIS2_PLACEMENT_3D('',#3844,#2998,#2999);
#2553=AXIS2_PLACEMENT_3D('',#3846,#3000,#3001);
#2554=AXIS2_PLACEMENT_3D('',#3848,#3002,#3003);
#2555=AXIS2_PLACEMENT_3D('',#3850,#3004,#3005);
#2556=AXIS2_PLACEMENT_3D('',#3852,#3006,#3007);
#2557=AXIS2_PLACEMENT_3D('',#3854,#3008,#3009);
#2558=AXIS2_PLACEMENT_3D('',#3856,#3010,#3011);
#2559=AXIS2_PLACEMENT_3D('',#3858,#3012,#3013);
#2560=AXIS2_PLACEMENT_3D('',#3860,#3014,#3015);
#2561=AXIS2_PLACEMENT_3D('',#3862,#3016,#3017);
#2562=AXIS2_PLACEMENT_3D('',#3864,#3018,#3019);
#2563=AXIS2_PLACEMENT_3D('',#3866,#3020,#3021);
#2564=AXIS2_PLACEMENT_3D('',#3868,#3022,#3023);
#2565=AXIS2_PLACEMENT_3D('',#3870,#3024,#3025);
#2566=AXIS2_PLACEMENT_3D('',#3872,#3026,#3027);
#2567=AXIS2_PLACEMENT_3D('',#3874,#3028,#3029);
#2568=AXIS2_PLACEMENT_3D('',#3876,#3030,#3031);
#2569=AXIS2_PLACEMENT_3D('',#3878,#3032,#3033);
#2570=AXIS2_PLACEMENT_3D('',#3880,#3034,#3035);
#2571=AXIS2_PLACEMENT_3D('',#3882,#3036,#3037);
#2572=AXIS2_PLACEMENT_3D('',#3884,#3038,#3039);
#2573=AXIS2_PLACEMENT_3D('',#3886,#3040,#3041);
#2574=AXIS2_PLACEMENT_3D('',#3888,#3042,#3043);
#2575=AXIS2_PLACEMENT_3D('',#3890,#3044,#3045);
#2576=AXIS2_PLACEMENT_3D('',#3892,#3046,#3047);
#2577=AXIS2_PLACEMENT_3D('',#3894,#3048,#3049);
#2578=AXIS2_PLACEMENT_3D('',#3896,#3050,#3051);
#2579=AXIS2_PLACEMENT_3D('',#3898,#3052,#3053);
#2580=AXIS2_PLACEMENT_3D('',#3900,#3054,#3055);
#2581=AXIS2_PLACEMENT_3D('',#3902,#3056,#3057);
#2582=AXIS2_PLACEMENT_3D('',#3904,#3058,#3059);
#2583=AXIS2_PLACEMENT_3D('',#3906,#3060,#3061);
#2584=AXIS2_PLACEMENT_3D('',#3908,#3062,#3063);
#2585=AXIS2_PLACEMENT_3D('',#3910,#3064,#3065);
#2586=AXIS2_PLACEMENT_3D('',#3912,#3066,#3067);
#2587=AXIS2_PLACEMENT_3D('',#3914,#3068,#3069);
#2588=AXIS2_PLACEMENT_3D('',#3916,#3070,#3071);
#2589=AXIS2_PLACEMENT_3D('',#3917,#3072,#3073);
#2590=AXIS2_PLACEMENT_3D('',#3923,#3077,#3078);
#2591=AXIS2_PLACEMENT_3D('',#3927,#3081,#3082);
#2592=AXIS2_PLACEMENT_3D('',#3931,#3085,#3086);
#2593=AXIS2_PLACEMENT_3D('',#3933,#3088,#3089);
#2594=AXIS2_PLACEMENT_3D('',#3934,#3090,#3091);
#2595=AXIS2_PLACEMENT_3D('',#3940,#3095,#3096);
#2596=AXIS2_PLACEMENT_3D('',#3944,#3099,#3100);
#2597=AXIS2_PLACEMENT_3D('',#3948,#3103,#3104);
#2598=AXIS2_PLACEMENT_3D('',#3950,#3106,#3107);
#2599=AXIS2_PLACEMENT_3D('',#3951,#3108,#3109);
#2600=AXIS2_PLACEMENT_3D('',#3957,#3113,#3114);
#2601=AXIS2_PLACEMENT_3D('',#3961,#3117,#3118);
#2602=AXIS2_PLACEMENT_3D('',#3965,#3121,#3122);
#2603=AXIS2_PLACEMENT_3D('',#3967,#3124,#3125);
#2604=AXIS2_PLACEMENT_3D('',#3968,#3126,#3127);
#2605=AXIS2_PLACEMENT_3D('',#3974,#3131,#3132);
#2606=AXIS2_PLACEMENT_3D('',#3978,#3135,#3136);
#2607=AXIS2_PLACEMENT_3D('',#3982,#3139,#3140);
#2608=AXIS2_PLACEMENT_3D('',#3984,#3142,#3143);
#2609=AXIS2_PLACEMENT_3D('',#3985,#3144,#3145);
#2610=AXIS2_PLACEMENT_3D('',#3991,#3149,#3150);
#2611=AXIS2_PLACEMENT_3D('',#3995,#3153,#3154);
#2612=AXIS2_PLACEMENT_3D('',#3999,#3157,#3158);
#2613=AXIS2_PLACEMENT_3D('',#4001,#3160,#3161);
#2614=AXIS2_PLACEMENT_3D('',#4002,#3162,#3163);
#2615=AXIS2_PLACEMENT_3D('',#4008,#3167,#3168);
#2616=AXIS2_PLACEMENT_3D('',#4012,#3171,#3172);
#2617=AXIS2_PLACEMENT_3D('',#4016,#3175,#3176);
#2618=AXIS2_PLACEMENT_3D('',#4018,#3178,#3179);
#2619=AXIS2_PLACEMENT_3D('',#4019,#3180,#3181);
#2620=AXIS2_PLACEMENT_3D('',#4020,#3182,#3183);
#2621=AXIS2_PLACEMENT_3D('',#4022,#3184,#3185);
#2622=AXIS2_PLACEMENT_3D('',#4023,#3186,#3187);
#2623=AXIS2_PLACEMENT_3D('',#4024,#3188,#3189);
#2624=AXIS2_PLACEMENT_3D('',#4026,#3190,#3191);
#2625=AXIS2_PLACEMENT_3D('',#4027,#3192,#3193);
#2626=AXIS2_PLACEMENT_3D('',#4028,#3194,#3195);
#2627=AXIS2_PLACEMENT_3D('',#4030,#3196,#3197);
#2628=AXIS2_PLACEMENT_3D('',#4031,#3198,#3199);
#2629=AXIS2_PLACEMENT_3D('',#4032,#3200,#3201);
#2630=AXIS2_PLACEMENT_3D('',#4034,#3202,#3203);
#2631=AXIS2_PLACEMENT_3D('',#4035,#3204,#3205);
#2632=AXIS2_PLACEMENT_3D('',#4036,#3206,#3207);
#2633=AXIS2_PLACEMENT_3D('',#4038,#3208,#3209);
#2634=AXIS2_PLACEMENT_3D('',#4039,#3210,#3211);
#2635=AXIS2_PLACEMENT_3D('',#4040,#3212,#3213);
#2636=AXIS2_PLACEMENT_3D('',#4042,#3214,#3215);
#2637=AXIS2_PLACEMENT_3D('',#4043,#3216,#3217);
#2638=AXIS2_PLACEMENT_3D('',#4049,#3221,#3222);
#2639=AXIS2_PLACEMENT_3D('',#4053,#3225,#3226);
#2640=AXIS2_PLACEMENT_3D('',#4057,#3229,#3230);
#2641=AXIS2_PLACEMENT_3D('',#4061,#3233,#3234);
#2642=AXIS2_PLACEMENT_3D('',#4065,#3237,#3238);
#2643=AXIS2_PLACEMENT_3D('',#4067,#3240,#3241);
#2644=AXIS2_PLACEMENT_3D('',#4068,#3242,#3243);
#2645=AXIS2_PLACEMENT_3D('',#4069,#3244,#3245);
#2646=AXIS2_PLACEMENT_3D('',#4071,#3246,#3247);
#2647=AXIS2_PLACEMENT_3D('',#4072,#3248,#3249);
#2648=AXIS2_PLACEMENT_3D('',#4073,#3250,#3251);
#2649=AXIS2_PLACEMENT_3D('',#4075,#3252,#3253);
#2650=AXIS2_PLACEMENT_3D('',#4076,#3254,#3255);
#2651=AXIS2_PLACEMENT_3D('',#4077,#3256,#3257);
#2652=AXIS2_PLACEMENT_3D('',#4079,#3258,#3259);
#2653=AXIS2_PLACEMENT_3D('',#4080,#3260,#3261);
#2654=AXIS2_PLACEMENT_3D('',#4081,#3262,#3263);
#2655=AXIS2_PLACEMENT_3D('',#4083,#3264,#3265);
#2656=AXIS2_PLACEMENT_3D('',#4084,#3266,#3267);
#2657=AXIS2_PLACEMENT_3D('',#4085,#3268,#3269);
#2658=AXIS2_PLACEMENT_3D('',#4087,#3270,#3271);
#2659=AXIS2_PLACEMENT_3D('',#4088,#3272,#3273);
#2660=AXIS2_PLACEMENT_3D('',#4089,#3274,#3275);
#2661=AXIS2_PLACEMENT_3D('',#4091,#3276,#3277);
#2662=AXIS2_PLACEMENT_3D('',#4092,#3278,#3279);
#2663=AXIS2_PLACEMENT_3D('',#4093,#3280,#3281);
#2664=AXIS2_PLACEMENT_3D('',#4095,#3282,#3283);
#2665=AXIS2_PLACEMENT_3D('',#4096,#3284,#3285);
#2666=AXIS2_PLACEMENT_3D('',#4097,#3286,#3287);
#2667=AXIS2_PLACEMENT_3D('',#4099,#3288,#3289);
#2668=AXIS2_PLACEMENT_3D('',#4100,#3290,#3291);
#2669=AXIS2_PLACEMENT_3D('',#4101,#3292,#3293);
#2670=AXIS2_PLACEMENT_3D('',#4103,#3294,#3295);
#2671=AXIS2_PLACEMENT_3D('',#4104,#3296,#3297);
#2672=AXIS2_PLACEMENT_3D('',#4105,#3298,#3299);
#2673=AXIS2_PLACEMENT_3D('',#4107,#3300,#3301);
#2674=AXIS2_PLACEMENT_3D('',#4108,#3302,#3303);
#2675=AXIS2_PLACEMENT_3D('',#4109,#3304,#3305);
#2676=AXIS2_PLACEMENT_3D('',#4111,#3306,#3307);
#2677=AXIS2_PLACEMENT_3D('',#4112,#3308,#3309);
#2678=AXIS2_PLACEMENT_3D('',#4113,#3310,#3311);
#2679=AXIS2_PLACEMENT_3D('',#4115,#3312,#3313);
#2680=AXIS2_PLACEMENT_3D('',#4116,#3314,#3315);
#2681=AXIS2_PLACEMENT_3D('',#4117,#3316,#3317);
#2682=AXIS2_PLACEMENT_3D('',#4119,#3318,#3319);
#2683=AXIS2_PLACEMENT_3D('',#4120,#3320,#3321);
#2684=AXIS2_PLACEMENT_3D('',#4121,#3322,#3323);
#2685=AXIS2_PLACEMENT_3D('',#4123,#3324,#3325);
#2686=AXIS2_PLACEMENT_3D('',#4124,#3326,#3327);
#2687=AXIS2_PLACEMENT_3D('',#4125,#3328,#3329);
#2688=AXIS2_PLACEMENT_3D('',#4127,#3330,#3331);
#2689=AXIS2_PLACEMENT_3D('',#4128,#3332,#3333);
#2690=AXIS2_PLACEMENT_3D('',#4129,#3334,#3335);
#2691=AXIS2_PLACEMENT_3D('',#4131,#3336,#3337);
#2692=AXIS2_PLACEMENT_3D('',#4132,#3338,#3339);
#2693=AXIS2_PLACEMENT_3D('',#4133,#3340,#3341);
#2694=AXIS2_PLACEMENT_3D('',#4135,#3342,#3343);
#2695=AXIS2_PLACEMENT_3D('',#4136,#3344,#3345);
#2696=AXIS2_PLACEMENT_3D('',#4137,#3346,#3347);
#2697=AXIS2_PLACEMENT_3D('',#4139,#3348,#3349);
#2698=AXIS2_PLACEMENT_3D('',#4140,#3350,#3351);
#2699=AXIS2_PLACEMENT_3D('',#4141,#3352,#3353);
#2700=AXIS2_PLACEMENT_3D('',#4143,#3354,#3355);
#2701=AXIS2_PLACEMENT_3D('',#4144,#3356,#3357);
#2702=AXIS2_PLACEMENT_3D('',#4145,#3358,#3359);
#2703=AXIS2_PLACEMENT_3D('',#4147,#3360,#3361);
#2704=AXIS2_PLACEMENT_3D('',#4148,#3362,#3363);
#2705=AXIS2_PLACEMENT_3D('',#4149,#3364,#3365);
#2706=AXIS2_PLACEMENT_3D('',#4151,#3366,#3367);
#2707=AXIS2_PLACEMENT_3D('',#4152,#3368,#3369);
#2708=AXIS2_PLACEMENT_3D('',#4153,#3370,#3371);
#2709=AXIS2_PLACEMENT_3D('',#4155,#3372,#3373);
#2710=AXIS2_PLACEMENT_3D('',#4156,#3374,#3375);
#2711=AXIS2_PLACEMENT_3D('',#4157,#3376,#3377);
#2712=AXIS2_PLACEMENT_3D('',#4159,#3378,#3379);
#2713=AXIS2_PLACEMENT_3D('',#4160,#3380,#3381);
#2714=AXIS2_PLACEMENT_3D('',#4161,#3382,#3383);
#2715=AXIS2_PLACEMENT_3D('',#4163,#3384,#3385);
#2716=AXIS2_PLACEMENT_3D('',#4164,#3386,#3387);
#2717=AXIS2_PLACEMENT_3D('',#4165,#3388,#3389);
#2718=AXIS2_PLACEMENT_3D('',#4167,#3390,#3391);
#2719=AXIS2_PLACEMENT_3D('',#4168,#3392,#3393);
#2720=AXIS2_PLACEMENT_3D('',#4169,#3394,#3395);
#2721=AXIS2_PLACEMENT_3D('',#4171,#3396,#3397);
#2722=AXIS2_PLACEMENT_3D('',#4172,#3398,#3399);
#2723=AXIS2_PLACEMENT_3D('',#4173,#3400,#3401);
#2724=AXIS2_PLACEMENT_3D('',#4175,#3402,#3403);
#2725=AXIS2_PLACEMENT_3D('',#4176,#3404,#3405);
#2726=AXIS2_PLACEMENT_3D('',#4177,#3406,#3407);
#2727=AXIS2_PLACEMENT_3D('',#4179,#3408,#3409);
#2728=AXIS2_PLACEMENT_3D('',#4180,#3410,#3411);
#2729=AXIS2_PLACEMENT_3D('',#4181,#3412,#3413);
#2730=AXIS2_PLACEMENT_3D('',#4183,#3414,#3415);
#2731=AXIS2_PLACEMENT_3D('',#4184,#3416,#3417);
#2732=AXIS2_PLACEMENT_3D('',#4185,#3418,#3419);
#2733=AXIS2_PLACEMENT_3D('',#4187,#3420,#3421);
#2734=AXIS2_PLACEMENT_3D('',#4188,#3422,#3423);
#2735=AXIS2_PLACEMENT_3D('',#4189,#3424,#3425);
#2736=AXIS2_PLACEMENT_3D('',#4191,#3426,#3427);
#2737=AXIS2_PLACEMENT_3D('',#4192,#3428,#3429);
#2738=AXIS2_PLACEMENT_3D('',#4193,#3430,#3431);
#2739=AXIS2_PLACEMENT_3D('',#4195,#3432,#3433);
#2740=AXIS2_PLACEMENT_3D('',#4196,#3434,#3435);
#2741=AXIS2_PLACEMENT_3D('',#4197,#3436,#3437);
#2742=AXIS2_PLACEMENT_3D('',#4199,#3438,#3439);
#2743=AXIS2_PLACEMENT_3D('',#4200,#3440,#3441);
#2744=AXIS2_PLACEMENT_3D('',#4201,#3442,#3443);
#2745=AXIS2_PLACEMENT_3D('',#4203,#3444,#3445);
#2746=AXIS2_PLACEMENT_3D('',#4204,#3446,#3447);
#2747=AXIS2_PLACEMENT_3D('',#4205,#3448,#3449);
#2748=AXIS2_PLACEMENT_3D('',#4207,#3450,#3451);
#2749=AXIS2_PLACEMENT_3D('',#4208,#3452,#3453);
#2750=AXIS2_PLACEMENT_3D('',#4209,#3454,#3455);
#2751=AXIS2_PLACEMENT_3D('',#4211,#3456,#3457);
#2752=AXIS2_PLACEMENT_3D('',#4212,#3458,#3459);
#2753=AXIS2_PLACEMENT_3D('',#4213,#3460,#3461);
#2754=AXIS2_PLACEMENT_3D('',#4215,#3462,#3463);
#2755=AXIS2_PLACEMENT_3D('',#4216,#3464,#3465);
#2756=AXIS2_PLACEMENT_3D('',#4217,#3466,#3467);
#2757=AXIS2_PLACEMENT_3D('',#4219,#3468,#3469);
#2758=AXIS2_PLACEMENT_3D('',#4220,#3470,#3471);
#2759=AXIS2_PLACEMENT_3D('',#4221,#3472,#3473);
#2760=AXIS2_PLACEMENT_3D('',#4223,#3474,#3475);
#2761=AXIS2_PLACEMENT_3D('',#4224,#3476,#3477);
#2762=AXIS2_PLACEMENT_3D('',#4225,#3478,#3479);
#2763=AXIS2_PLACEMENT_3D('',#4227,#3480,#3481);
#2764=AXIS2_PLACEMENT_3D('',#4228,#3482,#3483);
#2765=AXIS2_PLACEMENT_3D('',#4229,#3484,#3485);
#2766=AXIS2_PLACEMENT_3D('',#4231,#3486,#3487);
#2767=AXIS2_PLACEMENT_3D('',#4232,#3488,#3489);
#2768=AXIS2_PLACEMENT_3D('',#4233,#3490,#3491);
#2769=AXIS2_PLACEMENT_3D('',#4235,#3492,#3493);
#2770=AXIS2_PLACEMENT_3D('',#4236,#3494,#3495);
#2771=AXIS2_PLACEMENT_3D('',#4237,#3496,#3497);
#2772=AXIS2_PLACEMENT_3D('',#4239,#3498,#3499);
#2773=AXIS2_PLACEMENT_3D('',#4240,#3500,#3501);
#2774=AXIS2_PLACEMENT_3D('',#4241,#3502,#3503);
#2775=AXIS2_PLACEMENT_3D('',#4243,#3504,#3505);
#2776=AXIS2_PLACEMENT_3D('',#4244,#3506,#3507);
#2777=AXIS2_PLACEMENT_3D('',#4245,#3508,#3509);
#2778=AXIS2_PLACEMENT_3D('',#4247,#3510,#3511);
#2779=AXIS2_PLACEMENT_3D('',#4248,#3512,#3513);
#2780=AXIS2_PLACEMENT_3D('',#4249,#3514,#3515);
#2781=AXIS2_PLACEMENT_3D('',#4251,#3516,#3517);
#2782=AXIS2_PLACEMENT_3D('',#4252,#3518,#3519);
#2783=AXIS2_PLACEMENT_3D('',#4253,#3520,#3521);
#2784=AXIS2_PLACEMENT_3D('',#4255,#3522,#3523);
#2785=AXIS2_PLACEMENT_3D('',#4256,#3524,#3525);
#2786=AXIS2_PLACEMENT_3D('',#4257,#3526,#3527);
#2787=AXIS2_PLACEMENT_3D('',#4259,#3528,#3529);
#2788=AXIS2_PLACEMENT_3D('',#4260,#3530,#3531);
#2789=AXIS2_PLACEMENT_3D('',#4261,#3532,#3533);
#2790=AXIS2_PLACEMENT_3D('',#4263,#3534,#3535);
#2791=AXIS2_PLACEMENT_3D('',#4264,#3536,#3537);
#2792=AXIS2_PLACEMENT_3D('',#4265,#3538,#3539);
#2793=AXIS2_PLACEMENT_3D('',#4267,#3540,#3541);
#2794=AXIS2_PLACEMENT_3D('',#4268,#3542,#3543);
#2795=AXIS2_PLACEMENT_3D('',#4269,#3544,#3545);
#2796=AXIS2_PLACEMENT_3D('',#4271,#3546,#3547);
#2797=AXIS2_PLACEMENT_3D('',#4272,#3548,#3549);
#2798=AXIS2_PLACEMENT_3D('',#4273,#3550,#3551);
#2799=AXIS2_PLACEMENT_3D('',#4275,#3552,#3553);
#2800=AXIS2_PLACEMENT_3D('',#4276,#3554,#3555);
#2801=AXIS2_PLACEMENT_3D('',#4277,#3556,#3557);
#2802=AXIS2_PLACEMENT_3D('',#4279,#3558,#3559);
#2803=AXIS2_PLACEMENT_3D('',#4280,#3560,#3561);
#2804=AXIS2_PLACEMENT_3D('',#4281,#3562,#3563);
#2805=AXIS2_PLACEMENT_3D('',#4283,#3564,#3565);
#2806=AXIS2_PLACEMENT_3D('',#4284,#3566,#3567);
#2807=AXIS2_PLACEMENT_3D('',#4285,#3568,#3569);
#2808=AXIS2_PLACEMENT_3D('',#4287,#3570,#3571);
#2809=AXIS2_PLACEMENT_3D('',#4288,#3572,#3573);
#2810=AXIS2_PLACEMENT_3D('',#4289,#3574,#3575);
#2811=AXIS2_PLACEMENT_3D('',#4291,#3576,#3577);
#2812=AXIS2_PLACEMENT_3D('',#4292,#3578,#3579);
#2813=AXIS2_PLACEMENT_3D('',#4293,#3580,#3581);
#2814=AXIS2_PLACEMENT_3D('',#4295,#3582,#3583);
#2815=AXIS2_PLACEMENT_3D('',#4296,#3584,#3585);
#2816=AXIS2_PLACEMENT_3D('',#4297,#3586,#3587);
#2817=AXIS2_PLACEMENT_3D('',#4299,#3588,#3589);
#2818=AXIS2_PLACEMENT_3D('',#4300,#3590,#3591);
#2819=AXIS2_PLACEMENT_3D('',#4301,#3592,#3593);
#2820=AXIS2_PLACEMENT_3D('',#4303,#3594,#3595);
#2821=AXIS2_PLACEMENT_3D('',#4304,#3596,#3597);
#2822=AXIS2_PLACEMENT_3D('',#4305,#3598,#3599);
#2823=AXIS2_PLACEMENT_3D('',#4307,#3600,#3601);
#2824=AXIS2_PLACEMENT_3D('',#4308,#3602,#3603);
#2825=AXIS2_PLACEMENT_3D('',#4309,#3604,#3605);
#2826=AXIS2_PLACEMENT_3D('',#4311,#3606,#3607);
#2827=AXIS2_PLACEMENT_3D('',#4312,#3608,#3609);
#2828=AXIS2_PLACEMENT_3D('',#4313,#3610,#3611);
#2829=AXIS2_PLACEMENT_3D('',#4315,#3612,#3613);
#2830=AXIS2_PLACEMENT_3D('',#4316,#3614,#3615);
#2831=AXIS2_PLACEMENT_3D('',#4317,#3616,#3617);
#2832=AXIS2_PLACEMENT_3D('',#4319,#3618,#3619);
#2833=AXIS2_PLACEMENT_3D('',#4320,#3620,#3621);
#2834=AXIS2_PLACEMENT_3D('',#4321,#3622,#3623);
#2835=AXIS2_PLACEMENT_3D('',#4323,#3624,#3625);
#2836=AXIS2_PLACEMENT_3D('',#4324,#3626,#3627);
#2837=AXIS2_PLACEMENT_3D('',#4325,#3628,#3629);
#2838=AXIS2_PLACEMENT_3D('',#4327,#3630,#3631);
#2839=AXIS2_PLACEMENT_3D('',#4328,#3632,#3633);
#2840=AXIS2_PLACEMENT_3D('',#4329,#3634,#3635);
#2841=AXIS2_PLACEMENT_3D('',#4331,#3636,#3637);
#2842=AXIS2_PLACEMENT_3D('',#4332,#3638,#3639);
#2843=AXIS2_PLACEMENT_3D('',#4333,#3640,#3641);
#2844=AXIS2_PLACEMENT_3D('',#4335,#3642,#3643);
#2845=AXIS2_PLACEMENT_3D('',#4336,#3644,#3645);
#2846=AXIS2_PLACEMENT_3D('',#4337,#3646,#3647);
#2847=AXIS2_PLACEMENT_3D('',#4339,#3648,#3649);
#2848=AXIS2_PLACEMENT_3D('',#4340,#3650,#3651);
#2849=AXIS2_PLACEMENT_3D('',#4341,#3652,#3653);
#2850=AXIS2_PLACEMENT_3D('',#4343,#3654,#3655);
#2851=AXIS2_PLACEMENT_3D('',#4344,#3656,#3657);
#2852=AXIS2_PLACEMENT_3D('',#4345,#3658,#3659);
#2853=AXIS2_PLACEMENT_3D('',#4347,#3660,#3661);
#2854=AXIS2_PLACEMENT_3D('',#4348,#3662,#3663);
#2855=AXIS2_PLACEMENT_3D('',#4349,#3664,#3665);
#2856=AXIS2_PLACEMENT_3D('',#4351,#3666,#3667);
#2857=AXIS2_PLACEMENT_3D('',#4352,#3668,#3669);
#2858=AXIS2_PLACEMENT_3D('',#4353,#3670,#3671);
#2859=AXIS2_PLACEMENT_3D('',#4355,#3672,#3673);
#2860=DIRECTION('',(0.,0.,1.));
#2861=DIRECTION('',(1.,0.,0.));
#2862=DIRECTION('',(0.,-1.,0.));
#2863=DIRECTION('',(0.,0.,-1.));
#2864=DIRECTION('',(0.813733508166426,0.,-0.581238141975526));
#2865=DIRECTION('',(0.,0.,-1.));
#2866=DIRECTION('',(-1.,0.,0.));
#2867=DIRECTION('',(0.,0.,1.));
#2868=DIRECTION('',(0.768221510053212,0.,0.640184123117375));
#2869=DIRECTION('',(1.,0.,0.));
#2870=DIRECTION('',(0.,-1.,0.));
#2871=DIRECTION('',(0.,0.,-1.));
#2872=DIRECTION('',(0.,-1.,0.));
#2873=DIRECTION('',(0.,0.,-1.));
#2874=DIRECTION('',(0.,-1.,0.));
#2875=DIRECTION('',(0.,0.,-1.));
#2876=DIRECTION('',(0.,-1.,0.));
#2877=DIRECTION('',(0.,0.,-1.));
#2878=DIRECTION('',(0.,-1.,0.));
#2879=DIRECTION('',(0.,0.,-1.));
#2880=DIRECTION('',(0.,-1.,0.));
#2881=DIRECTION('',(0.,0.,-1.));
#2882=DIRECTION('',(-2.42931317905793E-16,0.,1.));
#2883=DIRECTION('',(-1.,0.,0.));
#2884=DIRECTION('',(0.,0.,1.));
#2885=DIRECTION('',(-1.,0.,0.));
#2886=DIRECTION('',(-3.6439697685869E-16,0.,1.));
#2887=DIRECTION('',(-1.,0.,0.));
#2888=DIRECTION('',(0.,0.,1.));
#2889=DIRECTION('',(-1.,0.,0.));
#2890=DIRECTION('',(-3.03664147382242E-16,0.,1.));
#2891=DIRECTION('',(-1.,0.,0.));
#2892=DIRECTION('',(-1.21465658952897E-16,0.,1.));
#2893=DIRECTION('',(-1.,0.,0.));
#2894=DIRECTION('',(-3.6439697685869E-16,0.,1.));
#2895=DIRECTION('',(-1.,0.,0.));
#2896=DIRECTION('',(-1.21465658952897E-16,0.,1.));
#2897=DIRECTION('',(-1.,0.,0.));
#2898=DIRECTION('',(-2.42931317905793E-16,0.,1.));
#2899=DIRECTION('',(-1.,0.,0.));
#2900=DIRECTION('',(0.,0.,1.));
#2901=DIRECTION('',(-1.,0.,0.));
#2902=DIRECTION('',(-1.,0.,0.));
#2903=DIRECTION('',(0.,0.,-1.));
#2904=DIRECTION('',(-1.,0.,0.));
#2905=DIRECTION('',(0.,0.,-1.));
#2906=DIRECTION('',(0.,0.,1.));
#2907=DIRECTION('',(-1.,0.,0.));
#2908=DIRECTION('',(0.,0.,1.));
#2909=DIRECTION('',(-1.,0.,0.));
#2910=DIRECTION('',(1.,-6.458269488568E-17,0.));
#2911=DIRECTION('',(6.458269488568E-17,1.,0.));
#2912=DIRECTION('',(-6.458269488568E-17,-1.,0.));
#2913=DIRECTION('',(0.,0.,-1.));
#2914=DIRECTION('',(-6.458269488568E-17,-1.,0.));
#2915=DIRECTION('',(0.,-1.,0.));
#2916=DIRECTION('',(0.,0.,-1.));
#2917=DIRECTION('',(-1.,0.,0.));
#2918=DIRECTION('',(0.,0.,-1.));
#2919=DIRECTION('',(-1.,0.,0.));
#2920=DIRECTION('',(1.,-6.458269488568E-17,0.));
#2921=DIRECTION('',(6.458269488568E-17,1.,0.));
#2922=DIRECTION('',(-6.458269488568E-17,-1.,0.));
#2923=DIRECTION('',(-6.458269488568E-17,-1.,0.));
#2924=DIRECTION('',(0.,0.,1.));
#2925=DIRECTION('',(1.,0.,0.));
#2926=DIRECTION('',(0.,0.,1.));
#2927=DIRECTION('',(1.,0.,0.));
#2928=DIRECTION('',(0.,0.,1.));
#2929=DIRECTION('',(1.,0.,0.));
#2930=DIRECTION('',(0.,0.,1.));
#2931=DIRECTION('',(1.,0.,0.));
#2932=DIRECTION('',(0.,0.,1.));
#2933=DIRECTION('',(1.,0.,0.));
#2934=DIRECTION('',(0.,0.,1.));
#2935=DIRECTION('',(1.,0.,0.));
#2936=DIRECTION('',(0.,0.,1.));
#2937=DIRECTION('',(1.,0.,0.));
#2938=DIRECTION('',(0.,0.,1.));
#2939=DIRECTION('',(1.,0.,0.));
#2940=DIRECTION('',(0.,0.,1.));
#2941=DIRECTION('',(1.,0.,0.));
#2942=DIRECTION('',(0.,0.,1.));
#2943=DIRECTION('',(1.,0.,0.));
#2944=DIRECTION('',(0.,0.,1.));
#2945=DIRECTION('',(1.,0.,0.));
#2946=DIRECTION('',(0.,0.,1.));
#2947=DIRECTION('',(1.,0.,0.));
#2948=DIRECTION('',(0.,0.,1.));
#2949=DIRECTION('',(1.,0.,0.));
#2950=DIRECTION('',(0.,0.,1.));
#2951=DIRECTION('',(1.,0.,0.));
#2952=DIRECTION('',(0.,0.,1.));
#2953=DIRECTION('',(1.,0.,0.));
#2954=DIRECTION('',(0.,0.,1.));
#2955=DIRECTION('',(1.,0.,0.));
#2956=DIRECTION('',(0.,0.,1.));
#2957=DIRECTION('',(1.,0.,0.));
#2958=DIRECTION('',(0.,0.,1.));
#2959=DIRECTION('',(1.,0.,0.));
#2960=DIRECTION('',(0.,0.,1.));
#2961=DIRECTION('',(1.,0.,0.));
#2962=DIRECTION('',(0.,0.,1.));
#2963=DIRECTION('',(1.,0.,0.));
#2964=DIRECTION('',(0.,0.,1.));
#2965=DIRECTION('',(1.,0.,0.));
#2966=DIRECTION('',(0.,0.,1.));
#2967=DIRECTION('',(1.,0.,0.));
#2968=DIRECTION('',(0.,0.,1.));
#2969=DIRECTION('',(1.,0.,0.));
#2970=DIRECTION('',(0.,0.,1.));
#2971=DIRECTION('',(1.,0.,0.));
#2972=DIRECTION('',(0.,0.,1.));
#2973=DIRECTION('',(1.,0.,0.));
#2974=DIRECTION('',(0.,0.,1.));
#2975=DIRECTION('',(1.,0.,0.));
#2976=DIRECTION('',(0.,0.,1.));
#2977=DIRECTION('',(1.,0.,0.));
#2978=DIRECTION('',(0.,0.,1.));
#2979=DIRECTION('',(1.,0.,0.));
#2980=DIRECTION('',(0.,0.,1.));
#2981=DIRECTION('',(1.,0.,0.));
#2982=DIRECTION('',(0.,0.,1.));
#2983=DIRECTION('',(1.,0.,0.));
#2984=DIRECTION('',(0.,0.,1.));
#2985=DIRECTION('',(1.,0.,0.));
#2986=DIRECTION('',(0.,0.,1.));
#2987=DIRECTION('',(1.,0.,0.));
#2988=DIRECTION('',(0.,0.,1.));
#2989=DIRECTION('',(1.,0.,0.));
#2990=DIRECTION('',(0.,0.,1.));
#2991=DIRECTION('',(1.,0.,0.));
#2992=DIRECTION('',(0.,0.,1.));
#2993=DIRECTION('',(1.,0.,0.));
#2994=DIRECTION('',(0.,0.,1.));
#2995=DIRECTION('',(1.,0.,0.));
#2996=DIRECTION('',(0.,0.,1.));
#2997=DIRECTION('',(1.,0.,0.));
#2998=DIRECTION('',(0.,0.,1.));
#2999=DIRECTION('',(1.,0.,0.));
#3000=DIRECTION('',(0.,0.,1.));
#3001=DIRECTION('',(1.,0.,0.));
#3002=DIRECTION('',(0.,0.,1.));
#3003=DIRECTION('',(1.,0.,0.));
#3004=DIRECTION('',(0.,0.,1.));
#3005=DIRECTION('',(1.,0.,0.));
#3006=DIRECTION('',(0.,0.,1.));
#3007=DIRECTION('',(1.,0.,0.));
#3008=DIRECTION('',(0.,0.,1.));
#3009=DIRECTION('',(1.,0.,0.));
#3010=DIRECTION('',(0.,0.,1.));
#3011=DIRECTION('',(1.,0.,0.));
#3012=DIRECTION('',(0.,0.,1.));
#3013=DIRECTION('',(1.,0.,0.));
#3014=DIRECTION('',(0.,0.,1.));
#3015=DIRECTION('',(1.,0.,0.));
#3016=DIRECTION('',(0.,0.,1.));
#3017=DIRECTION('',(1.,0.,0.));
#3018=DIRECTION('',(0.,0.,1.));
#3019=DIRECTION('',(1.,0.,0.));
#3020=DIRECTION('',(0.,0.,1.));
#3021=DIRECTION('',(1.,0.,0.));
#3022=DIRECTION('',(0.,0.,1.));
#3023=DIRECTION('',(1.,0.,0.));
#3024=DIRECTION('',(0.,0.,1.));
#3025=DIRECTION('',(1.,0.,0.));
#3026=DIRECTION('',(0.,0.,1.));
#3027=DIRECTION('',(1.,0.,0.));
#3028=DIRECTION('',(0.,0.,1.));
#3029=DIRECTION('',(1.,0.,0.));
#3030=DIRECTION('',(0.,0.,1.));
#3031=DIRECTION('',(1.,0.,0.));
#3032=DIRECTION('',(0.,0.,1.));
#3033=DIRECTION('',(1.,0.,0.));
#3034=DIRECTION('',(0.,0.,1.));
#3035=DIRECTION('',(1.,0.,0.));
#3036=DIRECTION('',(0.,0.,1.));
#3037=DIRECTION('',(1.,0.,0.));
#3038=DIRECTION('',(0.,0.,1.));
#3039=DIRECTION('',(1.,0.,0.));
#3040=DIRECTION('',(0.,0.,1.));
#3041=DIRECTION('',(1.,0.,0.));
#3042=DIRECTION('',(0.,0.,1.));
#3043=DIRECTION('',(1.,0.,0.));
#3044=DIRECTION('',(0.,0.,1.));
#3045=DIRECTION('',(1.,0.,0.));
#3046=DIRECTION('',(0.,0.,1.));
#3047=DIRECTION('',(1.,0.,0.));
#3048=DIRECTION('',(0.,0.,1.));
#3049=DIRECTION('',(1.,0.,0.));
#3050=DIRECTION('',(0.,0.,1.));
#3051=DIRECTION('',(1.,0.,0.));
#3052=DIRECTION('',(0.,0.,1.));
#3053=DIRECTION('',(1.,0.,0.));
#3054=DIRECTION('',(0.,0.,1.));
#3055=DIRECTION('',(1.,0.,0.));
#3056=DIRECTION('',(0.,0.,1.));
#3057=DIRECTION('',(1.,0.,0.));
#3058=DIRECTION('',(0.,0.,1.));
#3059=DIRECTION('',(1.,0.,0.));
#3060=DIRECTION('',(0.,0.,1.));
#3061=DIRECTION('',(1.,0.,0.));
#3062=DIRECTION('',(0.,0.,1.));
#3063=DIRECTION('',(1.,0.,0.));
#3064=DIRECTION('',(0.,0.,1.));
#3065=DIRECTION('',(1.,0.,0.));
#3066=DIRECTION('',(0.,0.,1.));
#3067=DIRECTION('',(1.,0.,0.));
#3068=DIRECTION('',(0.,0.,1.));
#3069=DIRECTION('',(1.,0.,0.));
#3070=DIRECTION('',(0.,0.,1.));
#3071=DIRECTION('',(1.,0.,0.));
#3072=DIRECTION('',(-1.,0.,-2.42931317905793E-16));
#3073=DIRECTION('',(-2.42931317905793E-16,0.,1.));
#3074=DIRECTION('',(0.,1.,0.));
#3075=DIRECTION('',(-2.42931317905793E-16,0.,1.));
#3076=DIRECTION('',(0.,1.,0.));
#3077=DIRECTION('',(0.,0.,-1.));
#3078=DIRECTION('',(-1.,0.,0.));
#3079=DIRECTION('',(0.,1.,0.));
#3080=DIRECTION('',(-1.,0.,0.));
#3081=DIRECTION('',(-1.,0.,0.));
#3082=DIRECTION('',(0.,0.,1.));
#3083=DIRECTION('',(0.,1.,0.));
#3084=DIRECTION('',(0.,0.,1.));
#3085=DIRECTION('',(0.,0.,-1.));
#3086=DIRECTION('',(-1.,0.,0.));
#3087=DIRECTION('',(-1.,0.,0.));
#3088=DIRECTION('',(0.,-1.,0.));
#3089=DIRECTION('',(1.,0.,0.));
#3090=DIRECTION('',(-1.,0.,-3.6439697685869E-16));
#3091=DIRECTION('',(-3.6439697685869E-16,0.,1.));
#3092=DIRECTION('',(0.,1.,0.));
#3093=DIRECTION('',(-3.6439697685869E-16,0.,1.));
#3094=DIRECTION('',(0.,1.,0.));
#3095=DIRECTION('',(0.,0.,-1.));
#3096=DIRECTION('',(-1.,0.,0.));
#3097=DIRECTION('',(0.,1.,0.));
#3098=DIRECTION('',(-1.,0.,0.));
#3099=DIRECTION('',(-1.,0.,-1.21465658952897E-16));
#3100=DIRECTION('',(-1.21465658952897E-16,0.,1.));
#3101=DIRECTION('',(0.,1.,0.));
#3102=DIRECTION('',(-1.21465658952897E-16,0.,1.));
#3103=DIRECTION('',(0.,0.,-1.));
#3104=DIRECTION('',(-1.,0.,0.));
#3105=DIRECTION('',(-1.,0.,0.));
#3106=DIRECTION('',(0.,-1.,0.));
#3107=DIRECTION('',(1.,0.,0.));
#3108=DIRECTION('',(-1.,0.,-3.03664147382242E-16));
#3109=DIRECTION('',(-3.03664147382242E-16,0.,1.));
#3110=DIRECTION('',(0.,1.,0.));
#3111=DIRECTION('',(-3.03664147382242E-16,0.,1.));
#3112=DIRECTION('',(0.,1.,0.));
#3113=DIRECTION('',(0.,0.,-1.));
#3114=DIRECTION('',(-1.,0.,0.));
#3115=DIRECTION('',(0.,1.,0.));
#3116=DIRECTION('',(-1.,0.,0.));
#3117=DIRECTION('',(-1.,0.,-1.21465658952897E-16));
#3118=DIRECTION('',(-1.21465658952897E-16,0.,1.));
#3119=DIRECTION('',(0.,1.,0.));
#3120=DIRECTION('',(-1.21465658952897E-16,0.,1.));
#3121=DIRECTION('',(0.,0.,-1.));
#3122=DIRECTION('',(-1.,0.,0.));
#3123=DIRECTION('',(-1.,0.,0.));
#3124=DIRECTION('',(0.,-1.,0.));
#3125=DIRECTION('',(1.,0.,0.));
#3126=DIRECTION('',(-1.,0.,-3.6439697685869E-16));
#3127=DIRECTION('',(-3.6439697685869E-16,0.,1.));
#3128=DIRECTION('',(0.,1.,0.));
#3129=DIRECTION('',(-3.6439697685869E-16,0.,1.));
#3130=DIRECTION('',(0.,1.,0.));
#3131=DIRECTION('',(0.,0.,-1.));
#3132=DIRECTION('',(-1.,0.,0.));
#3133=DIRECTION('',(0.,1.,0.));
#3134=DIRECTION('',(-1.,0.,0.));
#3135=DIRECTION('',(-1.,0.,0.));
#3136=DIRECTION('',(0.,0.,1.));
#3137=DIRECTION('',(0.,1.,0.));
#3138=DIRECTION('',(0.,0.,1.));
#3139=DIRECTION('',(0.,0.,-1.));
#3140=DIRECTION('',(-1.,0.,0.));
#3141=DIRECTION('',(-1.,0.,0.));
#3142=DIRECTION('',(0.,-1.,0.));
#3143=DIRECTION('',(1.,0.,0.));
#3144=DIRECTION('',(-1.,0.,-2.42931317905793E-16));
#3145=DIRECTION('',(-2.42931317905793E-16,0.,1.));
#3146=DIRECTION('',(0.,1.,0.));
#3147=DIRECTION('',(-2.42931317905793E-16,0.,1.));
#3148=DIRECTION('',(0.,1.,0.));
#3149=DIRECTION('',(0.,0.,-1.));
#3150=DIRECTION('',(-1.,0.,0.));
#3151=DIRECTION('',(0.,1.,0.));
#3152=DIRECTION('',(-1.,0.,0.));
#3153=DIRECTION('',(-1.,0.,0.));
#3154=DIRECTION('',(0.,0.,1.));
#3155=DIRECTION('',(0.,1.,0.));
#3156=DIRECTION('',(0.,0.,1.));
#3157=DIRECTION('',(0.,0.,-1.));
#3158=DIRECTION('',(-1.,0.,0.));
#3159=DIRECTION('',(-1.,0.,0.));
#3160=DIRECTION('',(0.,-1.,0.));
#3161=DIRECTION('',(1.,0.,0.));
#3162=DIRECTION('',(0.,0.,-1.));
#3163=DIRECTION('',(-1.,0.,0.));
#3164=DIRECTION('',(0.,1.,0.));
#3165=DIRECTION('',(-1.,0.,0.));
#3166=DIRECTION('',(0.,1.,0.));
#3167=DIRECTION('',(-1.,0.,0.));
#3168=DIRECTION('',(0.,0.,1.));
#3169=DIRECTION('',(0.,1.,0.));
#3170=DIRECTION('',(0.,0.,1.));
#3171=DIRECTION('',(0.,0.,-1.));
#3172=DIRECTION('',(-1.,0.,0.));
#3173=DIRECTION('',(0.,1.,0.));
#3174=DIRECTION('',(-1.,0.,0.));
#3175=DIRECTION('',(-1.,0.,0.));
#3176=DIRECTION('',(0.,0.,1.));
#3177=DIRECTION('',(0.,0.,1.));
#3178=DIRECTION('',(0.,-1.,0.));
#3179=DIRECTION('',(1.,0.,0.));
#3180=DIRECTION('',(0.,1.,0.));
#3181=DIRECTION('',(0.,0.,1.));
#3182=DIRECTION('',(0.,-1.,0.));
#3183=DIRECTION('',(0.,0.,-1.));
#3184=DIRECTION('',(0.,-1.,0.));
#3185=DIRECTION('',(1.,0.,0.));
#3186=DIRECTION('',(0.,1.,0.));
#3187=DIRECTION('',(0.,0.,1.));
#3188=DIRECTION('',(0.,-1.,0.));
#3189=DIRECTION('',(0.,0.,-1.));
#3190=DIRECTION('',(0.,-1.,0.));
#3191=DIRECTION('',(1.,0.,0.));
#3192=DIRECTION('',(0.,1.,0.));
#3193=DIRECTION('',(0.,0.,1.));
#3194=DIRECTION('',(0.,-1.,0.));
#3195=DIRECTION('',(0.,0.,-1.));
#3196=DIRECTION('',(0.,-1.,0.));
#3197=DIRECTION('',(1.,0.,0.));
#3198=DIRECTION('',(0.,1.,0.));
#3199=DIRECTION('',(0.,0.,1.));
#3200=DIRECTION('',(0.,-1.,0.));
#3201=DIRECTION('',(0.,0.,-1.));
#3202=DIRECTION('',(0.,-1.,0.));
#3203=DIRECTION('',(1.,0.,0.));
#3204=DIRECTION('',(0.,1.,0.));
#3205=DIRECTION('',(0.,0.,1.));
#3206=DIRECTION('',(0.,-1.,0.));
#3207=DIRECTION('',(0.,0.,-1.));
#3208=DIRECTION('',(0.,-1.,0.));
#3209=DIRECTION('',(1.,0.,0.));
#3210=DIRECTION('',(0.,1.,0.));
#3211=DIRECTION('',(0.,0.,1.));
#3212=DIRECTION('',(0.,-1.,0.));
#3213=DIRECTION('',(0.,0.,-1.));
#3214=DIRECTION('',(0.,-1.,0.));
#3215=DIRECTION('',(1.,0.,0.));
#3216=DIRECTION('',(-0.581238141975526,0.,-0.813733508166426));
#3217=DIRECTION('',(-0.813733508166426,0.,0.581238141975526));
#3218=DIRECTION('',(0.,-1.,0.));
#3219=DIRECTION('',(0.813733508166426,0.,-0.581238141975526));
#3220=DIRECTION('',(0.,-1.,0.));
#3221=DIRECTION('',(0.,0.,-1.));
#3222=DIRECTION('',(-1.,0.,0.));
#3223=DIRECTION('',(0.,-1.,0.));
#3224=DIRECTION('',(1.,0.,0.));
#3225=DIRECTION('',(0.640184123117375,0.,-0.768221510053212));
#3226=DIRECTION('',(-0.768221510053213,0.,-0.640184123117375));
#3227=DIRECTION('',(0.,-1.,0.));
#3228=DIRECTION('',(0.768221510053212,0.,0.640184123117375));
#3229=DIRECTION('',(1.,0.,0.));
#3230=DIRECTION('',(0.,0.,-1.));
#3231=DIRECTION('',(0.,-1.,0.));
#3232=DIRECTION('',(0.,0.,1.));
#3233=DIRECTION('',(0.,0.,1.));
#3234=DIRECTION('',(1.,0.,0.));
#3235=DIRECTION('',(0.,-1.,0.));
#3236=DIRECTION('',(-1.,0.,0.));
#3237=DIRECTION('',(-1.,0.,0.));
#3238=DIRECTION('',(0.,0.,1.));
#3239=DIRECTION('',(0.,0.,-1.));
#3240=DIRECTION('',(0.,-1.,0.));
#3241=DIRECTION('',(1.,0.,0.));
#3242=DIRECTION('',(0.,0.,1.));
#3243=DIRECTION('',(1.,0.,0.));
#3244=DIRECTION('',(0.,0.,1.));
#3245=DIRECTION('',(1.,0.,0.));
#3246=DIRECTION('',(0.,0.,1.));
#3247=DIRECTION('',(1.,0.,0.));
#3248=DIRECTION('',(0.,0.,1.));
#3249=DIRECTION('',(1.,0.,0.));
#3250=DIRECTION('',(0.,0.,1.));
#3251=DIRECTION('',(1.,0.,0.));
#3252=DIRECTION('',(0.,0.,1.));
#3253=DIRECTION('',(1.,0.,0.));
#3254=DIRECTION('',(0.,0.,1.));
#3255=DIRECTION('',(1.,0.,0.));
#3256=DIRECTION('',(0.,0.,1.));
#3257=DIRECTION('',(1.,0.,0.));
#3258=DIRECTION('',(0.,0.,1.));
#3259=DIRECTION('',(1.,0.,0.));
#3260=DIRECTION('',(0.,0.,1.));
#3261=DIRECTION('',(1.,0.,0.));
#3262=DIRECTION('',(0.,0.,1.));
#3263=DIRECTION('',(1.,0.,0.));
#3264=DIRECTION('',(0.,0.,1.));
#3265=DIRECTION('',(1.,0.,0.));
#3266=DIRECTION('',(0.,0.,1.));
#3267=DIRECTION('',(1.,0.,0.));
#3268=DIRECTION('',(0.,0.,1.));
#3269=DIRECTION('',(1.,0.,0.));
#3270=DIRECTION('',(0.,0.,1.));
#3271=DIRECTION('',(1.,0.,0.));
#3272=DIRECTION('',(0.,0.,1.));
#3273=DIRECTION('',(1.,0.,0.));
#3274=DIRECTION('',(0.,0.,1.));
#3275=DIRECTION('',(1.,0.,0.));
#3276=DIRECTION('',(0.,0.,1.));
#3277=DIRECTION('',(1.,0.,0.));
#3278=DIRECTION('',(0.,0.,1.));
#3279=DIRECTION('',(1.,0.,0.));
#3280=DIRECTION('',(0.,0.,1.));
#3281=DIRECTION('',(1.,0.,0.));
#3282=DIRECTION('',(0.,0.,1.));
#3283=DIRECTION('',(1.,0.,0.));
#3284=DIRECTION('',(0.,0.,1.));
#3285=DIRECTION('',(1.,0.,0.));
#3286=DIRECTION('',(0.,0.,1.));
#3287=DIRECTION('',(1.,0.,0.));
#3288=DIRECTION('',(0.,0.,1.));
#3289=DIRECTION('',(1.,0.,0.));
#3290=DIRECTION('',(0.,0.,1.));
#3291=DIRECTION('',(1.,0.,0.));
#3292=DIRECTION('',(0.,0.,1.));
#3293=DIRECTION('',(1.,0.,0.));
#3294=DIRECTION('',(0.,0.,1.));
#3295=DIRECTION('',(1.,0.,0.));
#3296=DIRECTION('',(0.,0.,1.));
#3297=DIRECTION('',(1.,0.,0.));
#3298=DIRECTION('',(0.,0.,1.));
#3299=DIRECTION('',(1.,0.,0.));
#3300=DIRECTION('',(0.,0.,1.));
#3301=DIRECTION('',(1.,0.,0.));
#3302=DIRECTION('',(0.,0.,1.));
#3303=DIRECTION('',(1.,0.,0.));
#3304=DIRECTION('',(0.,0.,1.));
#3305=DIRECTION('',(1.,0.,0.));
#3306=DIRECTION('',(0.,0.,1.));
#3307=DIRECTION('',(1.,0.,0.));
#3308=DIRECTION('',(0.,0.,1.));
#3309=DIRECTION('',(1.,0.,0.));
#3310=DIRECTION('',(0.,0.,1.));
#3311=DIRECTION('',(1.,0.,0.));
#3312=DIRECTION('',(0.,0.,1.));
#3313=DIRECTION('',(1.,0.,0.));
#3314=DIRECTION('',(0.,0.,1.));
#3315=DIRECTION('',(1.,0.,0.));
#3316=DIRECTION('',(0.,0.,1.));
#3317=DIRECTION('',(1.,0.,0.));
#3318=DIRECTION('',(0.,0.,1.));
#3319=DIRECTION('',(1.,0.,0.));
#3320=DIRECTION('',(0.,0.,1.));
#3321=DIRECTION('',(1.,0.,0.));
#3322=DIRECTION('',(0.,0.,1.));
#3323=DIRECTION('',(1.,0.,0.));
#3324=DIRECTION('',(0.,0.,1.));
#3325=DIRECTION('',(1.,0.,0.));
#3326=DIRECTION('',(0.,0.,1.));
#3327=DIRECTION('',(1.,0.,0.));
#3328=DIRECTION('',(0.,0.,1.));
#3329=DIRECTION('',(1.,0.,0.));
#3330=DIRECTION('',(0.,0.,1.));
#3331=DIRECTION('',(1.,0.,0.));
#3332=DIRECTION('',(0.,0.,1.));
#3333=DIRECTION('',(1.,0.,0.));
#3334=DIRECTION('',(0.,0.,1.));
#3335=DIRECTION('',(1.,0.,0.));
#3336=DIRECTION('',(0.,0.,1.));
#3337=DIRECTION('',(1.,0.,0.));
#3338=DIRECTION('',(0.,0.,1.));
#3339=DIRECTION('',(1.,0.,0.));
#3340=DIRECTION('',(0.,0.,1.));
#3341=DIRECTION('',(1.,0.,0.));
#3342=DIRECTION('',(0.,0.,1.));
#3343=DIRECTION('',(1.,0.,0.));
#3344=DIRECTION('',(0.,0.,1.));
#3345=DIRECTION('',(1.,0.,0.));
#3346=DIRECTION('',(0.,0.,1.));
#3347=DIRECTION('',(1.,0.,0.));
#3348=DIRECTION('',(0.,0.,1.));
#3349=DIRECTION('',(1.,0.,0.));
#3350=DIRECTION('',(0.,0.,1.));
#3351=DIRECTION('',(1.,0.,0.));
#3352=DIRECTION('',(0.,0.,1.));
#3353=DIRECTION('',(1.,0.,0.));
#3354=DIRECTION('',(0.,0.,1.));
#3355=DIRECTION('',(1.,0.,0.));
#3356=DIRECTION('',(0.,0.,1.));
#3357=DIRECTION('',(1.,0.,0.));
#3358=DIRECTION('',(0.,0.,1.));
#3359=DIRECTION('',(1.,0.,0.));
#3360=DIRECTION('',(0.,0.,1.));
#3361=DIRECTION('',(1.,0.,0.));
#3362=DIRECTION('',(0.,0.,1.));
#3363=DIRECTION('',(1.,0.,0.));
#3364=DIRECTION('',(0.,0.,1.));
#3365=DIRECTION('',(1.,0.,0.));
#3366=DIRECTION('',(0.,0.,1.));
#3367=DIRECTION('',(1.,0.,0.));
#3368=DIRECTION('',(0.,0.,1.));
#3369=DIRECTION('',(1.,0.,0.));
#3370=DIRECTION('',(0.,0.,1.));
#3371=DIRECTION('',(1.,0.,0.));
#3372=DIRECTION('',(0.,0.,1.));
#3373=DIRECTION('',(1.,0.,0.));
#3374=DIRECTION('',(0.,0.,1.));
#3375=DIRECTION('',(1.,0.,0.));
#3376=DIRECTION('',(0.,0.,1.));
#3377=DIRECTION('',(1.,0.,0.));
#3378=DIRECTION('',(0.,0.,1.));
#3379=DIRECTION('',(1.,0.,0.));
#3380=DIRECTION('',(0.,0.,1.));
#3381=DIRECTION('',(1.,0.,0.));
#3382=DIRECTION('',(0.,0.,1.));
#3383=DIRECTION('',(1.,0.,0.));
#3384=DIRECTION('',(0.,0.,1.));
#3385=DIRECTION('',(1.,0.,0.));
#3386=DIRECTION('',(0.,0.,1.));
#3387=DIRECTION('',(1.,0.,0.));
#3388=DIRECTION('',(0.,0.,1.));
#3389=DIRECTION('',(1.,0.,0.));
#3390=DIRECTION('',(0.,0.,1.));
#3391=DIRECTION('',(1.,0.,0.));
#3392=DIRECTION('',(0.,0.,1.));
#3393=DIRECTION('',(1.,0.,0.));
#3394=DIRECTION('',(0.,0.,1.));
#3395=DIRECTION('',(1.,0.,0.));
#3396=DIRECTION('',(0.,0.,1.));
#3397=DIRECTION('',(1.,0.,0.));
#3398=DIRECTION('',(0.,0.,1.));
#3399=DIRECTION('',(1.,0.,0.));
#3400=DIRECTION('',(0.,0.,1.));
#3401=DIRECTION('',(1.,0.,0.));
#3402=DIRECTION('',(0.,0.,1.));
#3403=DIRECTION('',(1.,0.,0.));
#3404=DIRECTION('',(0.,0.,1.));
#3405=DIRECTION('',(1.,0.,0.));
#3406=DIRECTION('',(0.,0.,1.));
#3407=DIRECTION('',(1.,0.,0.));
#3408=DIRECTION('',(0.,0.,1.));
#3409=DIRECTION('',(1.,0.,0.));
#3410=DIRECTION('',(0.,0.,1.));
#3411=DIRECTION('',(1.,0.,0.));
#3412=DIRECTION('',(0.,0.,1.));
#3413=DIRECTION('',(1.,0.,0.));
#3414=DIRECTION('',(0.,0.,1.));
#3415=DIRECTION('',(1.,0.,0.));
#3416=DIRECTION('',(0.,0.,1.));
#3417=DIRECTION('',(1.,0.,0.));
#3418=DIRECTION('',(0.,0.,1.));
#3419=DIRECTION('',(1.,0.,0.));
#3420=DIRECTION('',(0.,0.,1.));
#3421=DIRECTION('',(1.,0.,0.));
#3422=DIRECTION('',(0.,0.,1.));
#3423=DIRECTION('',(1.,0.,0.));
#3424=DIRECTION('',(0.,0.,1.));
#3425=DIRECTION('',(1.,0.,0.));
#3426=DIRECTION('',(0.,0.,1.));
#3427=DIRECTION('',(1.,0.,0.));
#3428=DIRECTION('',(0.,0.,1.));
#3429=DIRECTION('',(1.,0.,0.));
#3430=DIRECTION('',(0.,0.,1.));
#3431=DIRECTION('',(1.,0.,0.));
#3432=DIRECTION('',(0.,0.,1.));
#3433=DIRECTION('',(1.,0.,0.));
#3434=DIRECTION('',(0.,0.,1.));
#3435=DIRECTION('',(1.,0.,0.));
#3436=DIRECTION('',(0.,0.,1.));
#3437=DIRECTION('',(1.,0.,0.));
#3438=DIRECTION('',(0.,0.,1.));
#3439=DIRECTION('',(1.,0.,0.));
#3440=DIRECTION('',(0.,0.,1.));
#3441=DIRECTION('',(1.,0.,0.));
#3442=DIRECTION('',(0.,0.,1.));
#3443=DIRECTION('',(1.,0.,0.));
#3444=DIRECTION('',(0.,0.,1.));
#3445=DIRECTION('',(1.,0.,0.));
#3446=DIRECTION('',(0.,0.,1.));
#3447=DIRECTION('',(1.,0.,0.));
#3448=DIRECTION('',(0.,0.,1.));
#3449=DIRECTION('',(1.,0.,0.));
#3450=DIRECTION('',(0.,0.,1.));
#3451=DIRECTION('',(1.,0.,0.));
#3452=DIRECTION('',(0.,0.,1.));
#3453=DIRECTION('',(1.,0.,0.));
#3454=DIRECTION('',(0.,0.,1.));
#3455=DIRECTION('',(1.,0.,0.));
#3456=DIRECTION('',(0.,0.,1.));
#3457=DIRECTION('',(1.,0.,0.));
#3458=DIRECTION('',(0.,0.,1.));
#3459=DIRECTION('',(1.,0.,0.));
#3460=DIRECTION('',(0.,0.,1.));
#3461=DIRECTION('',(1.,0.,0.));
#3462=DIRECTION('',(0.,0.,1.));
#3463=DIRECTION('',(1.,0.,0.));
#3464=DIRECTION('',(0.,0.,1.));
#3465=DIRECTION('',(1.,0.,0.));
#3466=DIRECTION('',(0.,0.,1.));
#3467=DIRECTION('',(1.,0.,0.));
#3468=DIRECTION('',(0.,0.,1.));
#3469=DIRECTION('',(1.,0.,0.));
#3470=DIRECTION('',(0.,0.,1.));
#3471=DIRECTION('',(1.,0.,0.));
#3472=DIRECTION('',(0.,0.,1.));
#3473=DIRECTION('',(1.,0.,0.));
#3474=DIRECTION('',(0.,0.,1.));
#3475=DIRECTION('',(1.,0.,0.));
#3476=DIRECTION('',(0.,0.,1.));
#3477=DIRECTION('',(1.,0.,0.));
#3478=DIRECTION('',(0.,0.,1.));
#3479=DIRECTION('',(1.,0.,0.));
#3480=DIRECTION('',(0.,0.,1.));
#3481=DIRECTION('',(1.,0.,0.));
#3482=DIRECTION('',(0.,0.,1.));
#3483=DIRECTION('',(1.,0.,0.));
#3484=DIRECTION('',(0.,0.,1.));
#3485=DIRECTION('',(1.,0.,0.));
#3486=DIRECTION('',(0.,0.,1.));
#3487=DIRECTION('',(1.,0.,0.));
#3488=DIRECTION('',(0.,0.,1.));
#3489=DIRECTION('',(1.,0.,0.));
#3490=DIRECTION('',(0.,0.,1.));
#3491=DIRECTION('',(1.,0.,0.));
#3492=DIRECTION('',(0.,0.,1.));
#3493=DIRECTION('',(1.,0.,0.));
#3494=DIRECTION('',(0.,0.,1.));
#3495=DIRECTION('',(1.,0.,0.));
#3496=DIRECTION('',(0.,0.,1.));
#3497=DIRECTION('',(1.,0.,0.));
#3498=DIRECTION('',(0.,0.,1.));
#3499=DIRECTION('',(1.,0.,0.));
#3500=DIRECTION('',(0.,0.,1.));
#3501=DIRECTION('',(1.,0.,0.));
#3502=DIRECTION('',(0.,0.,1.));
#3503=DIRECTION('',(1.,0.,0.));
#3504=DIRECTION('',(0.,0.,1.));
#3505=DIRECTION('',(1.,0.,0.));
#3506=DIRECTION('',(0.,0.,1.));
#3507=DIRECTION('',(1.,0.,0.));
#3508=DIRECTION('',(0.,0.,1.));
#3509=DIRECTION('',(1.,0.,0.));
#3510=DIRECTION('',(0.,0.,1.));
#3511=DIRECTION('',(1.,0.,0.));
#3512=DIRECTION('',(0.,0.,1.));
#3513=DIRECTION('',(1.,0.,0.));
#3514=DIRECTION('',(0.,0.,1.));
#3515=DIRECTION('',(1.,0.,0.));
#3516=DIRECTION('',(0.,0.,1.));
#3517=DIRECTION('',(1.,0.,0.));
#3518=DIRECTION('',(0.,0.,1.));
#3519=DIRECTION('',(1.,0.,0.));
#3520=DIRECTION('',(0.,0.,1.));
#3521=DIRECTION('',(1.,0.,0.));
#3522=DIRECTION('',(0.,0.,1.));
#3523=DIRECTION('',(1.,0.,0.));
#3524=DIRECTION('',(0.,0.,1.));
#3525=DIRECTION('',(1.,0.,0.));
#3526=DIRECTION('',(0.,0.,1.));
#3527=DIRECTION('',(1.,0.,0.));
#3528=DIRECTION('',(0.,0.,1.));
#3529=DIRECTION('',(1.,0.,0.));
#3530=DIRECTION('',(0.,0.,1.));
#3531=DIRECTION('',(1.,0.,0.));
#3532=DIRECTION('',(0.,0.,1.));
#3533=DIRECTION('',(1.,0.,0.));
#3534=DIRECTION('',(0.,0.,1.));
#3535=DIRECTION('',(1.,0.,0.));
#3536=DIRECTION('',(0.,0.,1.));
#3537=DIRECTION('',(1.,0.,0.));
#3538=DIRECTION('',(0.,0.,1.));
#3539=DIRECTION('',(1.,0.,0.));
#3540=DIRECTION('',(0.,0.,1.));
#3541=DIRECTION('',(1.,0.,0.));
#3542=DIRECTION('',(0.,0.,1.));
#3543=DIRECTION('',(1.,0.,0.));
#3544=DIRECTION('',(0.,0.,1.));
#3545=DIRECTION('',(1.,0.,0.));
#3546=DIRECTION('',(0.,0.,1.));
#3547=DIRECTION('',(1.,0.,0.));
#3548=DIRECTION('',(0.,0.,1.));
#3549=DIRECTION('',(1.,0.,0.));
#3550=DIRECTION('',(0.,0.,1.));
#3551=DIRECTION('',(1.,0.,0.));
#3552=DIRECTION('',(0.,0.,1.));
#3553=DIRECTION('',(1.,0.,0.));
#3554=DIRECTION('',(0.,0.,1.));
#3555=DIRECTION('',(1.,0.,0.));
#3556=DIRECTION('',(0.,0.,1.));
#3557=DIRECTION('',(1.,0.,0.));
#3558=DIRECTION('',(0.,0.,1.));
#3559=DIRECTION('',(1.,0.,0.));
#3560=DIRECTION('',(0.,0.,1.));
#3561=DIRECTION('',(1.,0.,0.));
#3562=DIRECTION('',(0.,0.,1.));
#3563=DIRECTION('',(1.,0.,0.));
#3564=DIRECTION('',(0.,0.,1.));
#3565=DIRECTION('',(1.,0.,0.));
#3566=DIRECTION('',(0.,0.,1.));
#3567=DIRECTION('',(1.,0.,0.));
#3568=DIRECTION('',(0.,0.,1.));
#3569=DIRECTION('',(1.,0.,0.));
#3570=DIRECTION('',(0.,0.,1.));
#3571=DIRECTION('',(1.,0.,0.));
#3572=DIRECTION('',(0.,0.,1.));
#3573=DIRECTION('',(1.,0.,0.));
#3574=DIRECTION('',(0.,0.,1.));
#3575=DIRECTION('',(1.,0.,0.));
#3576=DIRECTION('',(0.,0.,1.));
#3577=DIRECTION('',(1.,0.,0.));
#3578=DIRECTION('',(0.,0.,1.));
#3579=DIRECTION('',(1.,0.,0.));
#3580=DIRECTION('',(0.,0.,1.));
#3581=DIRECTION('',(1.,0.,0.));
#3582=DIRECTION('',(0.,0.,1.));
#3583=DIRECTION('',(1.,0.,0.));
#3584=DIRECTION('',(0.,0.,1.));
#3585=DIRECTION('',(1.,0.,0.));
#3586=DIRECTION('',(0.,0.,1.));
#3587=DIRECTION('',(1.,0.,0.));
#3588=DIRECTION('',(0.,0.,1.));
#3589=DIRECTION('',(1.,0.,0.));
#3590=DIRECTION('',(0.,0.,1.));
#3591=DIRECTION('',(1.,0.,0.));
#3592=DIRECTION('',(0.,0.,1.));
#3593=DIRECTION('',(1.,0.,0.));
#3594=DIRECTION('',(0.,0.,1.));
#3595=DIRECTION('',(1.,0.,0.));
#3596=DIRECTION('',(0.,0.,1.));
#3597=DIRECTION('',(1.,0.,0.));
#3598=DIRECTION('',(0.,0.,1.));
#3599=DIRECTION('',(1.,0.,0.));
#3600=DIRECTION('',(0.,0.,1.));
#3601=DIRECTION('',(1.,0.,0.));
#3602=DIRECTION('',(0.,0.,1.));
#3603=DIRECTION('',(1.,0.,0.));
#3604=DIRECTION('',(0.,0.,1.));
#3605=DIRECTION('',(1.,0.,0.));
#3606=DIRECTION('',(0.,0.,1.));
#3607=DIRECTION('',(1.,0.,0.));
#3608=DIRECTION('',(0.,0.,1.));
#3609=DIRECTION('',(1.,0.,0.));
#3610=DIRECTION('',(0.,0.,1.));
#3611=DIRECTION('',(1.,0.,0.));
#3612=DIRECTION('',(0.,0.,1.));
#3613=DIRECTION('',(1.,0.,0.));
#3614=DIRECTION('',(0.,0.,1.));
#3615=DIRECTION('',(1.,0.,0.));
#3616=DIRECTION('',(0.,0.,1.));
#3617=DIRECTION('',(1.,0.,0.));
#3618=DIRECTION('',(0.,0.,1.));
#3619=DIRECTION('',(1.,0.,0.));
#3620=DIRECTION('',(0.,0.,1.));
#3621=DIRECTION('',(1.,0.,0.));
#3622=DIRECTION('',(0.,0.,1.));
#3623=DIRECTION('',(1.,0.,0.));
#3624=DIRECTION('',(0.,0.,1.));
#3625=DIRECTION('',(1.,0.,0.));
#3626=DIRECTION('',(0.,0.,1.));
#3627=DIRECTION('',(1.,0.,0.));
#3628=DIRECTION('',(0.,0.,1.));
#3629=DIRECTION('',(1.,0.,0.));
#3630=DIRECTION('',(0.,0.,1.));
#3631=DIRECTION('',(1.,0.,0.));
#3632=DIRECTION('',(0.,0.,1.));
#3633=DIRECTION('',(1.,0.,0.));
#3634=DIRECTION('',(0.,0.,1.));
#3635=DIRECTION('',(1.,0.,0.));
#3636=DIRECTION('',(0.,0.,1.));
#3637=DIRECTION('',(1.,0.,0.));
#3638=DIRECTION('',(0.,0.,1.));
#3639=DIRECTION('',(1.,0.,0.));
#3640=DIRECTION('',(0.,0.,1.));
#3641=DIRECTION('',(1.,0.,0.));
#3642=DIRECTION('',(0.,0.,1.));
#3643=DIRECTION('',(1.,0.,0.));
#3644=DIRECTION('',(0.,0.,1.));
#3645=DIRECTION('',(1.,0.,0.));
#3646=DIRECTION('',(0.,0.,1.));
#3647=DIRECTION('',(1.,0.,0.));
#3648=DIRECTION('',(0.,0.,1.));
#3649=DIRECTION('',(1.,0.,0.));
#3650=DIRECTION('',(0.,0.,1.));
#3651=DIRECTION('',(1.,0.,0.));
#3652=DIRECTION('',(0.,0.,1.));
#3653=DIRECTION('',(1.,0.,0.));
#3654=DIRECTION('',(0.,0.,1.));
#3655=DIRECTION('',(1.,0.,0.));
#3656=DIRECTION('',(0.,0.,1.));
#3657=DIRECTION('',(1.,0.,0.));
#3658=DIRECTION('',(0.,0.,1.));
#3659=DIRECTION('',(1.,0.,0.));
#3660=DIRECTION('',(0.,0.,1.));
#3661=DIRECTION('',(1.,0.,0.));
#3662=DIRECTION('',(0.,0.,1.));
#3663=DIRECTION('',(1.,0.,0.));
#3664=DIRECTION('',(0.,0.,1.));
#3665=DIRECTION('',(1.,0.,0.));
#3666=DIRECTION('',(0.,0.,1.));
#3667=DIRECTION('',(1.,0.,0.));
#3668=DIRECTION('',(0.,0.,1.));
#3669=DIRECTION('',(1.,0.,0.));
#3670=DIRECTION('',(0.,0.,1.));
#3671=DIRECTION('',(1.,0.,0.));
#3672=DIRECTION('',(0.,0.,1.));
#3673=DIRECTION('',(1.,0.,0.));
#3674=CARTESIAN_POINT('',(0.,0.,0.));
#3675=CARTESIAN_POINT('',(-6.93889390390723E-18,-0.107442,0.050038));
#3676=CARTESIAN_POINT('',(0.0371103901416064,-0.107442,0.00786740216426551));
#3677=CARTESIAN_POINT('',(0.0339931175112725,-0.107442,0.0100940251722932));
#3678=CARTESIAN_POINT('',(0.0402276627719403,-0.107442,0.00564077915623784));
#3679=CARTESIAN_POINT('',(0.0339931175112725,-0.107442,0.0132112982682884));
#3680=CARTESIAN_POINT('',(0.0339931175112725,-0.107442,0.0163285713642835));
#3681=CARTESIAN_POINT('',(0.0431964956223965,-0.107442,0.0163285713642835));
#3682=CARTESIAN_POINT('',(0.0523998737335205,-0.107442,0.0163285713642835));
#3683=CARTESIAN_POINT('',(0.0523998737335205,-0.107442,0.0132112982682884));
#3684=CARTESIAN_POINT('',(0.0523998737335205,-0.107442,0.0100940251722932));
#3685=CARTESIAN_POINT('',(0.0497279241681099,-0.107442,0.00786740216426551));
#3686=CARTESIAN_POINT('',(0.0470559746026993,-0.107442,0.00564077915623784));
#3687=CARTESIAN_POINT('',(0.0436418186873197,-0.107442,0.00564077915623784));
#3688=CARTESIAN_POINT('',(-0.0315986424684525,-0.107442,0.013411832973361));
#3689=CARTESIAN_POINT('',(-0.0315986424684525,-0.107442,0.00976064960018082));
#3690=CARTESIAN_POINT('',(-0.0199146424684525,-0.107442,0.013411832973361));
#3691=CARTESIAN_POINT('',(-0.0199146424684525,-0.107442,0.00976064960018082));
#3692=CARTESIAN_POINT('',(-0.00823064246845245,-0.107442,0.013411832973361));
#3693=CARTESIAN_POINT('',(-0.00823064246845245,-0.107442,0.00976064960018082));
#3694=CARTESIAN_POINT('',(0.00345335753154754,-0.107442,0.013411832973361));
#3695=CARTESIAN_POINT('',(0.00345335753154754,-0.107442,0.00976064960018082));
#3696=CARTESIAN_POINT('',(0.0151373575315475,-0.107442,0.013411832973361));
#3697=CARTESIAN_POINT('',(0.0151373575315475,-0.107442,0.00976064960018082));
#3698=CARTESIAN_POINT('',(0.0268213575315475,-0.107442,0.013411832973361));
#3699=CARTESIAN_POINT('',(0.0268213575315475,-0.107442,0.00976064960018082));
#3700=CARTESIAN_POINT('',(-0.0239365515563488,-0.107442,0.013411832973361));
#3701=CARTESIAN_POINT('',(-0.0239365515563488,-0.107442,0.00627103494480252));
#3702=CARTESIAN_POINT('',(-0.0239365515563488,-0.107442,0.0205526310019195));
#3703=CARTESIAN_POINT('',(-0.0256360289905072,-0.107442,0.00627103494480252));
#3704=CARTESIAN_POINT('',(-0.0273355064246655,-0.107442,0.00627103494480252));
#3705=CARTESIAN_POINT('',(-0.0273355064246655,-0.107442,0.013411832973361));
#3706=CARTESIAN_POINT('',(-0.0273355064246655,-0.107442,0.0205526310019195));
#3707=CARTESIAN_POINT('',(-0.0256360289905072,-0.107442,0.0205526310019195));
#3708=CARTESIAN_POINT('',(-0.0122525515563488,-0.107442,0.013411832973361));
#3709=CARTESIAN_POINT('',(-0.0122525515563488,-0.107442,0.00627103494480252));
#3710=CARTESIAN_POINT('',(-0.0122525515563488,-0.107442,0.0205526310019195));
#3711=CARTESIAN_POINT('',(-0.0139520289905071,-0.107442,0.00627103494480252));
#3712=CARTESIAN_POINT('',(-0.0156515064246654,-0.107442,0.00627103494480252));
#3713=CARTESIAN_POINT('',(-0.0156515064246654,-0.107442,0.013411832973361));
#3714=CARTESIAN_POINT('',(-0.0156515064246654,-0.107442,0.0205526310019195));
#3715=CARTESIAN_POINT('',(-0.0139520289905071,-0.107442,0.0205526310019195));
#3716=CARTESIAN_POINT('',(-0.000568551556348793,-0.107442,0.013411832973361));
#3717=CARTESIAN_POINT('',(-0.000568551556348794,-0.107442,0.00627103494480252));
#3718=CARTESIAN_POINT('',(-0.000568551556348795,-0.107442,0.0205526310019195));
#3719=CARTESIAN_POINT('',(-0.00226802899050713,-0.107442,0.00627103494480252));
#3720=CARTESIAN_POINT('',(-0.00396750642466546,-0.107442,0.00627103494480252));
#3721=CARTESIAN_POINT('',(-0.00396750642466546,-0.107442,0.013411832973361));
#3722=CARTESIAN_POINT('',(-0.00396750642466546,-0.107442,0.0205526310019195));
#3723=CARTESIAN_POINT('',(-0.00226802899050713,-0.107442,0.0205526310019195));
#3724=CARTESIAN_POINT('',(0.0111154484436512,-0.107442,0.013411832973361));
#3725=CARTESIAN_POINT('',(0.0111154484436512,-0.107442,0.00627103494480252));
#3726=CARTESIAN_POINT('',(0.0111154484436512,-0.107442,0.0205526310019195));
#3727=CARTESIAN_POINT('',(0.00941597100949287,-0.107442,0.00627103494480252));
#3728=CARTESIAN_POINT('',(0.00771649357533454,-0.107442,0.00627103494480252));
#3729=CARTESIAN_POINT('',(0.00771649357533454,-0.107442,0.013411832973361));
#3730=CARTESIAN_POINT('',(0.00771649357533454,-0.107442,0.0205526310019195));
#3731=CARTESIAN_POINT('',(0.00941597100949287,-0.107442,0.0205526310019195));
#3732=CARTESIAN_POINT('',(0.0227994484436512,-0.107442,0.013411832973361));
#3733=CARTESIAN_POINT('',(0.0227994484436512,-0.107442,0.00627103494480252));
#3734=CARTESIAN_POINT('',(0.0227994484436512,-0.107442,0.0205526310019195));
#3735=CARTESIAN_POINT('',(0.0210999710094929,-0.107442,0.00627103494480252));
#3736=CARTESIAN_POINT('',(0.0194004935753345,-0.107442,0.00627103494480252));
#3737=CARTESIAN_POINT('',(0.0194004935753345,-0.107442,0.013411832973361));
#3738=CARTESIAN_POINT('',(0.0194004935753345,-0.107442,0.0205526310019195));
#3739=CARTESIAN_POINT('',(0.0210999710094928,-0.107442,0.0205526310019195));
#3740=CARTESIAN_POINT('',(-6.93889390390723E-18,-0.107442,0.));
#3741=CARTESIAN_POINT('',(0.057404,-0.107442,0.));
#3742=CARTESIAN_POINT('',(-0.057404,-0.107442,0.));
#3743=CARTESIAN_POINT('',(0.057404,-0.107442,0.050038));
#3744=CARTESIAN_POINT('',(0.057404,-0.107442,0.050038));
#3745=CARTESIAN_POINT('',(-6.93889390390723E-18,-0.107442,0.050038));
#3746=CARTESIAN_POINT('',(-0.057404,-0.107442,0.050038));
#3747=CARTESIAN_POINT('',(-0.057404,-0.107442,0.050038));
#3748=CARTESIAN_POINT('',(-0.0356205515563488,-0.107442,0.013411832973361));
#3749=CARTESIAN_POINT('',(-0.0356205515563488,-0.107442,0.00627103494480252));
#3750=CARTESIAN_POINT('',(-0.0356205515563488,-0.107442,0.0205526310019195));
#3751=CARTESIAN_POINT('',(-0.0373200289905072,-0.107442,0.00627103494480252));
#3752=CARTESIAN_POINT('',(-0.0390195064246655,-0.107442,0.00627103494480252));
#3753=CARTESIAN_POINT('',(-0.0390195064246655,-0.107442,0.013411832973361));
#3754=CARTESIAN_POINT('',(-0.0390195064246655,-0.107442,0.0205526310019195));
#3755=CARTESIAN_POINT('',(-0.0373200289905072,-0.107442,0.0205526310019195));
#3756=CARTESIAN_POINT('',(0.057404,1.38777878078145E-17,0.050038));
#3757=CARTESIAN_POINT('',(0.057404,1.38777878078145E-17,0.));
#3758=CARTESIAN_POINT('',(0.057404,0.107442,0.));
#3759=CARTESIAN_POINT('',(0.057404,0.107442,0.050038));
#3760=CARTESIAN_POINT('',(0.057404,0.107442,0.050038));
#3761=CARTESIAN_POINT('',(0.057404,1.38777878078145E-17,0.050038));
#3762=CARTESIAN_POINT('',(6.93889390390723E-18,0.107442,0.050038));
#3763=CARTESIAN_POINT('',(6.93889390390723E-18,0.107442,0.));
#3764=CARTESIAN_POINT('',(-0.057404,0.107442,0.));
#3765=CARTESIAN_POINT('',(-0.057404,0.107442,0.050038));
#3766=CARTESIAN_POINT('',(-0.057404,0.107442,0.050038));
#3767=CARTESIAN_POINT('',(6.93889390390723E-18,0.107442,0.050038));
#3768=CARTESIAN_POINT('',(-0.057404,1.38777878078145E-17,0.050038));
#3769=CARTESIAN_POINT('',(-0.057404,1.38777878078145E-17,0.));
#3770=CARTESIAN_POINT('',(-0.057404,1.38777878078145E-17,0.050038));
#3771=CARTESIAN_POINT('',(0.,1.38777878078145E-17,0.050038));
#3772=CARTESIAN_POINT('',(-0.0166889921158552,0.0496536248830557,0.050038));
#3773=CARTESIAN_POINT('',(-0.0128789921158552,0.0496536248830557,0.050038));
#3774=CARTESIAN_POINT('',(0.00871100788414478,-0.0174023751169443,0.050038));
#3775=CARTESIAN_POINT('',(0.0125210078841448,-0.0174023751169443,0.050038));
#3776=CARTESIAN_POINT('',(0.0214110078841448,0.0161256248830557,0.050038));
#3777=CARTESIAN_POINT('',(0.0252210078841448,0.0161256248830557,0.050038));
#3778=CARTESIAN_POINT('',(0.0341110078841448,0.0496536248830557,0.050038));
#3779=CARTESIAN_POINT('',(0.0379210078841448,0.0496536248830557,0.050038));
#3780=CARTESIAN_POINT('',(-0.0243176136493683,0.0417252720800639,0.050038));
#3781=CARTESIAN_POINT('',(-0.0205076136493683,0.0417252720800639,0.050038));
#3782=CARTESIAN_POINT('',(0.00108238635063171,-0.0253307279199362,0.050038));
#3783=CARTESIAN_POINT('',(0.00489238635063171,-0.0253307279199362,0.050038));
#3784=CARTESIAN_POINT('',(0.0137823863506317,0.00819727208006382,0.050038));
#3785=CARTESIAN_POINT('',(0.0175923863506317,0.00819727208006382,0.050038));
#3786=CARTESIAN_POINT('',(0.0264823863506317,0.0417252720800639,0.050038));
#3787=CARTESIAN_POINT('',(0.0302923863506317,0.0417252720800639,0.050038));
#3788=CARTESIAN_POINT('',(-0.0166889921158552,0.0328896248830557,0.050038));
#3789=CARTESIAN_POINT('',(-0.0128789921158552,0.0328896248830557,0.050038));
#3790=CARTESIAN_POINT('',(-0.00398899211585522,0.0664176248830557,0.050038));
#3791=CARTESIAN_POINT('',(-0.00017899211585522,0.0664176248830557,0.050038));
#3792=CARTESIAN_POINT('',(0.0214110078841448,-0.000638375116944312,0.050038));
#3793=CARTESIAN_POINT('',(0.0252210078841448,-0.000638375116944312,0.050038));
#3794=CARTESIAN_POINT('',(0.0341110078841448,0.0328896248830557,0.050038));
#3795=CARTESIAN_POINT('',(0.0379210078841448,0.0328896248830557,0.050038));
#3796=CARTESIAN_POINT('',(-0.0243176136493683,0.0249612720800639,0.050038));
#3797=CARTESIAN_POINT('',(-0.0205076136493683,0.0249612720800639,0.050038));
#3798=CARTESIAN_POINT('',(-0.0116176136493683,0.0584892720800638,0.050038));
#3799=CARTESIAN_POINT('',(-0.0078076136493683,0.0584892720800638,0.050038));
#3800=CARTESIAN_POINT('',(0.0137823863506317,-0.00856672791993618,0.050038));
#3801=CARTESIAN_POINT('',(0.0175923863506317,-0.00856672791993618,0.050038));
#3802=CARTESIAN_POINT('',(0.0264823863506317,0.0249612720800639,0.050038));
#3803=CARTESIAN_POINT('',(0.0302923863506317,0.0249612720800639,0.050038));
#3804=CARTESIAN_POINT('',(-0.0116176136493683,-0.0253307279199362,0.050038));
#3805=CARTESIAN_POINT('',(-0.0078076136493683,-0.0253307279199362,0.050038));
#3806=CARTESIAN_POINT('',(0.0214110078841448,0.0496536248830557,0.050038));
#3807=CARTESIAN_POINT('',(0.0252210078841448,0.0496536248830557,0.050038));
#3808=CARTESIAN_POINT('',(0.00871100788414478,0.0161256248830557,0.050038));
#3809=CARTESIAN_POINT('',(0.0125210078841448,0.0161256248830557,0.050038));
#3810=CARTESIAN_POINT('',(-0.00398899211585522,-0.0174023751169443,0.050038));
#3811=CARTESIAN_POINT('',(-0.00017899211585522,-0.0174023751169443,0.050038));
#3812=CARTESIAN_POINT('',(0.00871100788414478,0.0328896248830557,0.050038));
#3813=CARTESIAN_POINT('',(0.0125210078841448,0.0328896248830557,0.050038));
#3814=CARTESIAN_POINT('',(-0.00398899211585522,-0.000638375116944312,0.050038));
#3815=CARTESIAN_POINT('',(-0.00017899211585522,-0.000638375116944312,0.050038));
#3816=CARTESIAN_POINT('',(0.0137823863506317,0.0417252720800639,0.050038));
#3817=CARTESIAN_POINT('',(0.0175923863506317,0.0417252720800639,0.050038));
#3818=CARTESIAN_POINT('',(0.00108238635063171,0.00819727208006382,0.050038));
#3819=CARTESIAN_POINT('',(0.00489238635063171,0.00819727208006382,0.050038));
#3820=CARTESIAN_POINT('',(-0.0166889921158552,0.0664176248830557,0.050038));
#3821=CARTESIAN_POINT('',(-0.0128789921158552,0.0664176248830557,0.050038));
#3822=CARTESIAN_POINT('',(0.00871100788414478,-0.000638375116944312,0.050038));
#3823=CARTESIAN_POINT('',(0.0125210078841448,-0.000638375116944312,0.050038));
#3824=CARTESIAN_POINT('',(0.0214110078841448,0.0328896248830557,0.050038));
#3825=CARTESIAN_POINT('',(0.0252210078841448,0.0328896248830557,0.050038));
#3826=CARTESIAN_POINT('',(0.0341110078841448,0.0664176248830557,0.050038));
#3827=CARTESIAN_POINT('',(0.0379210078841448,0.0664176248830557,0.050038));
#3828=CARTESIAN_POINT('',(-0.0243176136493683,0.0584892720800638,0.050038));
#3829=CARTESIAN_POINT('',(-0.0205076136493683,0.0584892720800638,0.050038));
#3830=CARTESIAN_POINT('',(0.00108238635063171,-0.00856672791993618,0.050038));
#3831=CARTESIAN_POINT('',(0.00489238635063171,-0.00856672791993618,0.050038));
#3832=CARTESIAN_POINT('',(0.0137823863506317,0.0249612720800639,0.050038));
#3833=CARTESIAN_POINT('',(0.0175923863506317,0.0249612720800639,0.050038));
#3834=CARTESIAN_POINT('',(0.0264823863506317,0.0584892720800638,0.050038));
#3835=CARTESIAN_POINT('',(0.0302923863506317,0.0584892720800638,0.050038));
#3836=CARTESIAN_POINT('',(-0.0293889921158552,0.0328896248830557,0.050038));
#3837=CARTESIAN_POINT('',(-0.0255789921158552,0.0328896248830557,0.050038));
#3838=CARTESIAN_POINT('',(-0.0370176136493683,0.0249612720800639,0.050038));
#3839=CARTESIAN_POINT('',(-0.0332076136493683,0.0249612720800639,0.050038));
#3840=CARTESIAN_POINT('',(-0.0293889921158552,0.0496536248830557,0.050038));
#3841=CARTESIAN_POINT('',(-0.0255789921158552,0.0496536248830557,0.050038));
#3842=CARTESIAN_POINT('',(-0.0370176136493683,0.0417252720800639,0.050038));
#3843=CARTESIAN_POINT('',(-0.0332076136493683,0.0417252720800639,0.050038));
#3844=CARTESIAN_POINT('',(-0.0293889921158552,0.0664176248830557,0.050038));
#3845=CARTESIAN_POINT('',(-0.0255789921158552,0.0664176248830557,0.050038));
#3846=CARTESIAN_POINT('',(-0.0370176136493683,0.0584892720800638,0.050038));
#3847=CARTESIAN_POINT('',(-0.0332076136493683,0.0584892720800638,0.050038));
#3848=CARTESIAN_POINT('',(-0.0166889921158552,-0.0174023751169443,0.050038));
#3849=CARTESIAN_POINT('',(-0.0128789921158552,-0.0174023751169443,0.050038));
#3850=CARTESIAN_POINT('',(-0.0116176136493683,0.0249612720800639,0.050038));
#3851=CARTESIAN_POINT('',(-0.0078076136493683,0.0249612720800639,0.050038));
#3852=CARTESIAN_POINT('',(-0.0293889921158552,-0.0174023751169443,0.050038));
#3853=CARTESIAN_POINT('',(-0.0255789921158552,-0.0174023751169443,0.050038));
#3854=CARTESIAN_POINT('',(-0.0370176136493683,-0.0253307279199362,0.050038));
#3855=CARTESIAN_POINT('',(-0.0332076136493683,-0.0253307279199362,0.050038));
#3856=CARTESIAN_POINT('',(-0.0166889921158552,-0.000638375116944312,0.050038));
#3857=CARTESIAN_POINT('',(-0.0128789921158552,-0.000638375116944312,0.050038));
#3858=CARTESIAN_POINT('',(-0.0243176136493683,-0.0253307279199362,0.050038));
#3859=CARTESIAN_POINT('',(-0.0205076136493683,-0.0253307279199362,0.050038));
#3860=CARTESIAN_POINT('',(-0.0293889921158552,-0.000638375116944312,0.050038));
#3861=CARTESIAN_POINT('',(-0.0255789921158552,-0.000638375116944312,0.050038));
#3862=CARTESIAN_POINT('',(-0.0370176136493683,-0.00856672791993618,0.050038));
#3863=CARTESIAN_POINT('',(-0.0332076136493683,-0.00856672791993618,0.050038));
#3864=CARTESIAN_POINT('',(-0.0293889921158552,0.0161256248830557,0.050038));
#3865=CARTESIAN_POINT('',(-0.0255789921158552,0.0161256248830557,0.050038));
#3866=CARTESIAN_POINT('',(-0.0370176136493683,0.00819727208006382,0.050038));
#3867=CARTESIAN_POINT('',(-0.0332076136493683,0.00819727208006382,0.050038));
#3868=CARTESIAN_POINT('',(-0.0166889921158552,0.0161256248830557,0.050038));
#3869=CARTESIAN_POINT('',(-0.0128789921158552,0.0161256248830557,0.050038));
#3870=CARTESIAN_POINT('',(-0.00398899211585522,0.0496536248830557,0.050038));
#3871=CARTESIAN_POINT('',(-0.00017899211585522,0.0496536248830557,0.050038));
#3872=CARTESIAN_POINT('',(0.0214110078841448,-0.0174023751169443,0.050038));
#3873=CARTESIAN_POINT('',(0.0252210078841448,-0.0174023751169443,0.050038));
#3874=CARTESIAN_POINT('',(0.0341110078841448,0.0161256248830557,0.050038));
#3875=CARTESIAN_POINT('',(0.0379210078841448,0.0161256248830557,0.050038));
#3876=CARTESIAN_POINT('',(-0.0243176136493683,0.00819727208006382,0.050038));
#3877=CARTESIAN_POINT('',(-0.0205076136493683,0.00819727208006382,0.050038));
#3878=CARTESIAN_POINT('',(-0.0116176136493683,0.0417252720800639,0.050038));
#3879=CARTESIAN_POINT('',(-0.0078076136493683,0.0417252720800639,0.050038));
#3880=CARTESIAN_POINT('',(0.0137823863506317,-0.0253307279199362,0.050038));
#3881=CARTESIAN_POINT('',(0.0175923863506317,-0.0253307279199362,0.050038));
#3882=CARTESIAN_POINT('',(0.0264823863506317,0.00819727208006382,0.050038));
#3883=CARTESIAN_POINT('',(0.0302923863506317,0.00819727208006382,0.050038));
#3884=CARTESIAN_POINT('',(0.00108238635063171,0.0417252720800639,0.050038));
#3885=CARTESIAN_POINT('',(0.00489238635063171,0.0417252720800639,0.050038));
#3886=CARTESIAN_POINT('',(-0.0116176136493683,0.00819727208006382,0.050038));
#3887=CARTESIAN_POINT('',(-0.0078076136493683,0.00819727208006382,0.050038));
#3888=CARTESIAN_POINT('',(0.0264823863506317,-0.00856672791993618,0.050038));
#3889=CARTESIAN_POINT('',(0.0302923863506317,-0.00856672791993618,0.050038));
#3890=CARTESIAN_POINT('',(0.00108238635063171,0.0584892720800638,0.050038));
#3891=CARTESIAN_POINT('',(0.00489238635063171,0.0584892720800638,0.050038));
#3892=CARTESIAN_POINT('',(0.0341110078841448,-0.000638375116944312,0.050038));
#3893=CARTESIAN_POINT('',(0.0379210078841448,-0.000638375116944312,0.050038));
#3894=CARTESIAN_POINT('',(0.00871100788414478,0.0664176248830557,0.050038));
#3895=CARTESIAN_POINT('',(0.0125210078841448,0.0664176248830557,0.050038));
#3896=CARTESIAN_POINT('',(-0.00398899211585522,0.0328896248830557,0.050038));
#3897=CARTESIAN_POINT('',(-0.00017899211585522,0.0328896248830557,0.050038));
#3898=CARTESIAN_POINT('',(0.0264823863506317,-0.0253307279199362,0.050038));
#3899=CARTESIAN_POINT('',(0.0302923863506317,-0.0253307279199362,0.050038));
#3900=CARTESIAN_POINT('',(0.0341110078841448,-0.0174023751169443,0.050038));
#3901=CARTESIAN_POINT('',(0.0379210078841448,-0.0174023751169443,0.050038));
#3902=CARTESIAN_POINT('',(0.00871100788414478,0.0496536248830557,0.050038));
#3903=CARTESIAN_POINT('',(0.0125210078841448,0.0496536248830557,0.050038));
#3904=CARTESIAN_POINT('',(-0.00398899211585522,0.0161256248830557,0.050038));
#3905=CARTESIAN_POINT('',(-0.00017899211585522,0.0161256248830557,0.050038));
#3906=CARTESIAN_POINT('',(0.0214110078841448,0.0664176248830557,0.050038));
#3907=CARTESIAN_POINT('',(0.0252210078841448,0.0664176248830557,0.050038));
#3908=CARTESIAN_POINT('',(-0.0116176136493683,-0.00856672791993618,0.050038));
#3909=CARTESIAN_POINT('',(-0.0078076136493683,-0.00856672791993618,0.050038));
#3910=CARTESIAN_POINT('',(0.00108238635063171,0.0249612720800639,0.050038));
#3911=CARTESIAN_POINT('',(0.00489238635063171,0.0249612720800639,0.050038));
#3912=CARTESIAN_POINT('',(0.0137823863506317,0.0584892720800638,0.050038));
#3913=CARTESIAN_POINT('',(0.0175923863506317,0.0584892720800638,0.050038));
#3914=CARTESIAN_POINT('',(-0.0243176136493683,-0.00856672791993618,0.050038));
#3915=CARTESIAN_POINT('',(-0.0205076136493683,-0.00856672791993618,0.050038));
#3916=CARTESIAN_POINT('',(0.,1.38777878078145E-17,0.));
#3917=CARTESIAN_POINT('',(0.0227994484436512,-0.114808,0.013411832973361));
#3918=CARTESIAN_POINT('',(0.0227994484436512,-0.114808,0.0205526310019195));
#3919=CARTESIAN_POINT('',(0.0227994484436512,-0.114808,0.0205526310019195));
#3920=CARTESIAN_POINT('',(0.0227994484436512,-0.114808,0.013411832973361));
#3921=CARTESIAN_POINT('',(0.0227994484436512,-0.114808,0.00627103494480252));
#3922=CARTESIAN_POINT('',(0.0227994484436512,-0.114808,0.00627103494480252));
#3923=CARTESIAN_POINT('',(0.0210999710094928,-0.114808,0.0205526310019195));
#3924=CARTESIAN_POINT('',(0.0194004935753345,-0.114808,0.0205526310019195));
#3925=CARTESIAN_POINT('',(0.0194004935753345,-0.114808,0.0205526310019195));
#3926=CARTESIAN_POINT('',(0.0210999710094928,-0.114808,0.0205526310019195));
#3927=CARTESIAN_POINT('',(0.0194004935753345,-0.114808,0.013411832973361));
#3928=CARTESIAN_POINT('',(0.0194004935753345,-0.114808,0.00627103494480252));
#3929=CARTESIAN_POINT('',(0.0194004935753345,-0.114808,0.00627103494480252));
#3930=CARTESIAN_POINT('',(0.0194004935753345,-0.114808,0.013411832973361));
#3931=CARTESIAN_POINT('',(0.0210999710094929,-0.114808,0.00627103494480252));
#3932=CARTESIAN_POINT('',(0.0210999710094929,-0.114808,0.00627103494480252));
#3933=CARTESIAN_POINT('',(-6.93889390390723E-18,-0.114808,0.025019));
#3934=CARTESIAN_POINT('',(0.0111154484436512,-0.114808,0.013411832973361));
#3935=CARTESIAN_POINT('',(0.0111154484436512,-0.114808,0.0205526310019195));
#3936=CARTESIAN_POINT('',(0.0111154484436512,-0.114808,0.0205526310019195));
#3937=CARTESIAN_POINT('',(0.0111154484436512,-0.114808,0.013411832973361));
#3938=CARTESIAN_POINT('',(0.0111154484436512,-0.114808,0.00627103494480252));
#3939=CARTESIAN_POINT('',(0.0111154484436512,-0.114808,0.00627103494480252));
#3940=CARTESIAN_POINT('',(0.00941597100949287,-0.114808,0.0205526310019195));
#3941=CARTESIAN_POINT('',(0.00771649357533454,-0.114808,0.0205526310019195));
#3942=CARTESIAN_POINT('',(0.00771649357533454,-0.114808,0.0205526310019195));
#3943=CARTESIAN_POINT('',(0.00941597100949287,-0.114808,0.0205526310019195));
#3944=CARTESIAN_POINT('',(0.00771649357533454,-0.114808,0.013411832973361));
#3945=CARTESIAN_POINT('',(0.00771649357533454,-0.114808,0.00627103494480252));
#3946=CARTESIAN_POINT('',(0.00771649357533454,-0.114808,0.00627103494480252));
#3947=CARTESIAN_POINT('',(0.00771649357533454,-0.114808,0.013411832973361));
#3948=CARTESIAN_POINT('',(0.00941597100949287,-0.114808,0.00627103494480252));
#3949=CARTESIAN_POINT('',(0.00941597100949287,-0.114808,0.00627103494480252));
#3950=CARTESIAN_POINT('',(-6.93889390390723E-18,-0.114808,0.025019));
#3951=CARTESIAN_POINT('',(-0.000568551556348793,-0.114808,0.013411832973361));
#3952=CARTESIAN_POINT('',(-0.000568551556348795,-0.114808,0.0205526310019195));
#3953=CARTESIAN_POINT('',(-0.000568551556348795,-0.114808,0.0205526310019195));
#3954=CARTESIAN_POINT('',(-0.000568551556348793,-0.114808,0.013411832973361));
#3955=CARTESIAN_POINT('',(-0.000568551556348794,-0.114808,0.00627103494480252));
#3956=CARTESIAN_POINT('',(-0.000568551556348794,-0.114808,0.00627103494480252));
#3957=CARTESIAN_POINT('',(-0.00226802899050713,-0.114808,0.0205526310019195));
#3958=CARTESIAN_POINT('',(-0.00396750642466546,-0.114808,0.0205526310019195));
#3959=CARTESIAN_POINT('',(-0.00396750642466546,-0.114808,0.0205526310019195));
#3960=CARTESIAN_POINT('',(-0.00226802899050713,-0.114808,0.0205526310019195));
#3961=CARTESIAN_POINT('',(-0.00396750642466546,-0.114808,0.013411832973361));
#3962=CARTESIAN_POINT('',(-0.00396750642466546,-0.114808,0.00627103494480252));
#3963=CARTESIAN_POINT('',(-0.00396750642466546,-0.114808,0.00627103494480252));
#3964=CARTESIAN_POINT('',(-0.00396750642466546,-0.114808,0.013411832973361));
#3965=CARTESIAN_POINT('',(-0.00226802899050713,-0.114808,0.00627103494480252));
#3966=CARTESIAN_POINT('',(-0.00226802899050713,-0.114808,0.00627103494480252));
#3967=CARTESIAN_POINT('',(-6.93889390390723E-18,-0.114808,0.025019));
#3968=CARTESIAN_POINT('',(-0.0122525515563488,-0.114808,0.013411832973361));
#3969=CARTESIAN_POINT('',(-0.0122525515563488,-0.114808,0.0205526310019195));
#3970=CARTESIAN_POINT('',(-0.0122525515563488,-0.114808,0.0205526310019195));
#3971=CARTESIAN_POINT('',(-0.0122525515563488,-0.114808,0.013411832973361));
#3972=CARTESIAN_POINT('',(-0.0122525515563488,-0.114808,0.00627103494480252));
#3973=CARTESIAN_POINT('',(-0.0122525515563488,-0.114808,0.00627103494480252));
#3974=CARTESIAN_POINT('',(-0.0139520289905071,-0.114808,0.0205526310019195));
#3975=CARTESIAN_POINT('',(-0.0156515064246654,-0.114808,0.0205526310019195));
#3976=CARTESIAN_POINT('',(-0.0156515064246654,-0.114808,0.0205526310019195));
#3977=CARTESIAN_POINT('',(-0.0139520289905071,-0.114808,0.0205526310019195));
#3978=CARTESIAN_POINT('',(-0.0156515064246654,-0.114808,0.013411832973361));
#3979=CARTESIAN_POINT('',(-0.0156515064246654,-0.114808,0.00627103494480252));
#3980=CARTESIAN_POINT('',(-0.0156515064246654,-0.114808,0.00627103494480252));
#3981=CARTESIAN_POINT('',(-0.0156515064246654,-0.114808,0.013411832973361));
#3982=CARTESIAN_POINT('',(-0.0139520289905071,-0.114808,0.00627103494480252));
#3983=CARTESIAN_POINT('',(-0.0139520289905071,-0.114808,0.00627103494480252));
#3984=CARTESIAN_POINT('',(-6.93889390390723E-18,-0.114808,0.025019));
#3985=CARTESIAN_POINT('',(-0.0239365515563488,-0.114808,0.013411832973361));
#3986=CARTESIAN_POINT('',(-0.0239365515563488,-0.114808,0.0205526310019195));
#3987=CARTESIAN_POINT('',(-0.0239365515563488,-0.114808,0.0205526310019195));
#3988=CARTESIAN_POINT('',(-0.0239365515563488,-0.114808,0.013411832973361));
#3989=CARTESIAN_POINT('',(-0.0239365515563488,-0.114808,0.00627103494480252));
#3990=CARTESIAN_POINT('',(-0.0239365515563488,-0.114808,0.00627103494480252));
#3991=CARTESIAN_POINT('',(-0.0256360289905072,-0.114808,0.0205526310019195));
#3992=CARTESIAN_POINT('',(-0.0273355064246655,-0.114808,0.0205526310019195));
#3993=CARTESIAN_POINT('',(-0.0273355064246655,-0.114808,0.0205526310019195));
#3994=CARTESIAN_POINT('',(-0.0256360289905072,-0.114808,0.0205526310019195));
#3995=CARTESIAN_POINT('',(-0.0273355064246655,-0.114808,0.013411832973361));
#3996=CARTESIAN_POINT('',(-0.0273355064246655,-0.114808,0.00627103494480252));
#3997=CARTESIAN_POINT('',(-0.0273355064246655,-0.114808,0.00627103494480252));
#3998=CARTESIAN_POINT('',(-0.0273355064246655,-0.114808,0.013411832973361));
#3999=CARTESIAN_POINT('',(-0.0256360289905072,-0.114808,0.00627103494480252));
#4000=CARTESIAN_POINT('',(-0.0256360289905072,-0.114808,0.00627103494480252));
#4001=CARTESIAN_POINT('',(-6.93889390390723E-18,-0.114808,0.025019));
#4002=CARTESIAN_POINT('',(-0.0373200289905072,-0.114808,0.00627103494480252));
#4003=CARTESIAN_POINT('',(-0.0356205515563488,-0.114808,0.00627103494480252));
#4004=CARTESIAN_POINT('',(-0.0356205515563488,-0.114808,0.00627103494480252));
#4005=CARTESIAN_POINT('',(-0.0373200289905072,-0.114808,0.00627103494480252));
#4006=CARTESIAN_POINT('',(-0.0390195064246655,-0.114808,0.00627103494480252));
#4007=CARTESIAN_POINT('',(-0.0390195064246655,-0.114808,0.00627103494480252));
#4008=CARTESIAN_POINT('',(-0.0356205515563488,-0.114808,0.013411832973361));
#4009=CARTESIAN_POINT('',(-0.0356205515563488,-0.114808,0.0205526310019195));
#4010=CARTESIAN_POINT('',(-0.0356205515563488,-0.114808,0.0205526310019195));
#4011=CARTESIAN_POINT('',(-0.0356205515563488,-0.114808,0.013411832973361));
#4012=CARTESIAN_POINT('',(-0.0373200289905072,-0.114808,0.0205526310019195));
#4013=CARTESIAN_POINT('',(-0.0390195064246655,-0.114808,0.0205526310019195));
#4014=CARTESIAN_POINT('',(-0.0390195064246655,-0.114808,0.0205526310019195));
#4015=CARTESIAN_POINT('',(-0.0373200289905072,-0.114808,0.0205526310019195));
#4016=CARTESIAN_POINT('',(-0.0390195064246655,-0.114808,0.013411832973361));
#4017=CARTESIAN_POINT('',(-0.0390195064246655,-0.114808,0.013411832973361));
#4018=CARTESIAN_POINT('',(-6.93889390390723E-18,-0.114808,0.025019));
#4019=CARTESIAN_POINT('',(0.0268213575315475,-0.113284,0.013411832973361));
#4020=CARTESIAN_POINT('',(0.0268213575315475,-0.113284,0.013411832973361));
#4021=CARTESIAN_POINT('',(0.0268213575315475,-0.113284,0.00976064960018082));
#4022=CARTESIAN_POINT('',(-6.93889390390723E-18,-0.113284,0.025019));
#4023=CARTESIAN_POINT('',(0.0151373575315475,-0.113284,0.013411832973361));
#4024=CARTESIAN_POINT('',(0.0151373575315475,-0.113284,0.013411832973361));
#4025=CARTESIAN_POINT('',(0.0151373575315475,-0.113284,0.00976064960018082));
#4026=CARTESIAN_POINT('',(-6.93889390390723E-18,-0.113284,0.025019));
#4027=CARTESIAN_POINT('',(0.00345335753154754,-0.113284,0.013411832973361));
#4028=CARTESIAN_POINT('',(0.00345335753154754,-0.113284,0.013411832973361));
#4029=CARTESIAN_POINT('',(0.00345335753154754,-0.113284,0.00976064960018082));
#4030=CARTESIAN_POINT('',(-6.93889390390723E-18,-0.113284,0.025019));
#4031=CARTESIAN_POINT('',(-0.00823064246845245,-0.113284,0.013411832973361));
#4032=CARTESIAN_POINT('',(-0.00823064246845245,-0.113284,0.013411832973361));
#4033=CARTESIAN_POINT('',(-0.00823064246845245,-0.113284,0.00976064960018082));
#4034=CARTESIAN_POINT('',(-6.93889390390723E-18,-0.113284,0.025019));
#4035=CARTESIAN_POINT('',(-0.0199146424684525,-0.113284,0.013411832973361));
#4036=CARTESIAN_POINT('',(-0.0199146424684525,-0.113284,0.013411832973361));
#4037=CARTESIAN_POINT('',(-0.0199146424684525,-0.113284,0.00976064960018082));
#4038=CARTESIAN_POINT('',(-6.93889390390723E-18,-0.113284,0.025019));
#4039=CARTESIAN_POINT('',(-0.0315986424684525,-0.113284,0.013411832973361));
#4040=CARTESIAN_POINT('',(-0.0315986424684525,-0.113284,0.013411832973361));
#4041=CARTESIAN_POINT('',(-0.0315986424684525,-0.113284,0.00976064960018082));
#4042=CARTESIAN_POINT('',(-6.93889390390723E-18,-0.113284,0.025019));
#4043=CARTESIAN_POINT('',(0.0371103901416064,-0.094742,0.00786740216426551));
#4044=CARTESIAN_POINT('',(0.0402276627719403,-0.094742,0.00564077915623784));
#4045=CARTESIAN_POINT('',(0.0402276627719403,-0.094742,0.00564077915623784));
#4046=CARTESIAN_POINT('',(0.0371103901416064,-0.094742,0.00786740216426551));
#4047=CARTESIAN_POINT('',(0.0339931175112725,-0.094742,0.0100940251722932));
#4048=CARTESIAN_POINT('',(0.0339931175112725,-0.094742,0.0100940251722932));
#4049=CARTESIAN_POINT('',(0.0436418186873197,-0.094742,0.00564077915623784));
#4050=CARTESIAN_POINT('',(0.0470559746026993,-0.094742,0.00564077915623784));
#4051=CARTESIAN_POINT('',(0.0470559746026993,-0.094742,0.00564077915623784));
#4052=CARTESIAN_POINT('',(0.0436418186873197,-0.094742,0.00564077915623784));
#4053=CARTESIAN_POINT('',(0.0497279241681099,-0.094742,0.00786740216426551));
#4054=CARTESIAN_POINT('',(0.0523998737335205,-0.094742,0.0100940251722932));
#4055=CARTESIAN_POINT('',(0.0523998737335205,-0.094742,0.0100940251722932));
#4056=CARTESIAN_POINT('',(0.0497279241681099,-0.094742,0.00786740216426551));
#4057=CARTESIAN_POINT('',(0.0523998737335205,-0.094742,0.0132112982682884));
#4058=CARTESIAN_POINT('',(0.0523998737335205,-0.094742,0.0163285713642835));
#4059=CARTESIAN_POINT('',(0.0523998737335205,-0.094742,0.0163285713642835));
#4060=CARTESIAN_POINT('',(0.0523998737335205,-0.094742,0.0132112982682884));
#4061=CARTESIAN_POINT('',(0.0431964956223965,-0.094742,0.0163285713642835));
#4062=CARTESIAN_POINT('',(0.0339931175112725,-0.094742,0.0163285713642835));
#4063=CARTESIAN_POINT('',(0.0339931175112725,-0.094742,0.0163285713642835));
#4064=CARTESIAN_POINT('',(0.0431964956223965,-0.094742,0.0163285713642835));
#4065=CARTESIAN_POINT('',(0.0339931175112725,-0.094742,0.0132112982682884));
#4066=CARTESIAN_POINT('',(0.0339931175112725,-0.094742,0.0132112982682884));
#4067=CARTESIAN_POINT('',(-6.93889390390723E-18,-0.094742,0.025019));
#4068=CARTESIAN_POINT('',(-0.0243176136493683,-0.00856672791993618,0.047498));
#4069=CARTESIAN_POINT('',(-0.0243176136493683,-0.00856672791993618,0.047498));
#4070=CARTESIAN_POINT('',(-0.0205076136493683,-0.00856672791993618,0.047498));
#4071=CARTESIAN_POINT('',(0.,1.38777878078145E-17,0.047498));
#4072=CARTESIAN_POINT('',(0.0137823863506317,0.0584892720800638,0.047498));
#4073=CARTESIAN_POINT('',(0.0137823863506317,0.0584892720800638,0.047498));
#4074=CARTESIAN_POINT('',(0.0175923863506317,0.0584892720800638,0.047498));
#4075=CARTESIAN_POINT('',(0.,1.38777878078145E-17,0.047498));
#4076=CARTESIAN_POINT('',(0.00108238635063171,0.0249612720800639,0.047498));
#4077=CARTESIAN_POINT('',(0.00108238635063171,0.0249612720800639,0.047498));
#4078=CARTESIAN_POINT('',(0.00489238635063171,0.0249612720800639,0.047498));
#4079=CARTESIAN_POINT('',(0.,1.38777878078145E-17,0.047498));
#4080=CARTESIAN_POINT('',(-0.0116176136493683,-0.00856672791993618,0.047498));
#4081=CARTESIAN_POINT('',(-0.0116176136493683,-0.00856672791993618,0.047498));
#4082=CARTESIAN_POINT('',(-0.0078076136493683,-0.00856672791993618,0.047498));
#4083=CARTESIAN_POINT('',(0.,1.38777878078145E-17,0.047498));
#4084=CARTESIAN_POINT('',(0.0214110078841448,0.0664176248830557,0.047498));
#4085=CARTESIAN_POINT('',(0.0214110078841448,0.0664176248830557,0.047498));
#4086=CARTESIAN_POINT('',(0.0252210078841448,0.0664176248830557,0.047498));
#4087=CARTESIAN_POINT('',(0.,1.38777878078145E-17,0.047498));
#4088=CARTESIAN_POINT('',(-0.00398899211585522,0.0161256248830557,0.047498));
#4089=CARTESIAN_POINT('',(-0.00398899211585522,0.0161256248830557,0.047498));
#4090=CARTESIAN_POINT('',(-0.00017899211585522,0.0161256248830557,0.047498));
#4091=CARTESIAN_POINT('',(0.,1.38777878078145E-17,0.047498));
#4092=CARTESIAN_POINT('',(0.00871100788414478,0.0496536248830557,0.047498));
#4093=CARTESIAN_POINT('',(0.00871100788414478,0.0496536248830557,0.047498));
#4094=CARTESIAN_POINT('',(0.0125210078841448,0.0496536248830557,0.047498));
#4095=CARTESIAN_POINT('',(0.,1.38777878078145E-17,0.047498));
#4096=CARTESIAN_POINT('',(0.0341110078841448,-0.0174023751169443,0.047498));
#4097=CARTESIAN_POINT('',(0.0341110078841448,-0.0174023751169443,0.047498));
#4098=CARTESIAN_POINT('',(0.0379210078841448,-0.0174023751169443,0.047498));
#4099=CARTESIAN_POINT('',(0.,1.38777878078145E-17,0.047498));
#4100=CARTESIAN_POINT('',(0.0264823863506317,-0.0253307279199362,0.047498));
#4101=CARTESIAN_POINT('',(0.0264823863506317,-0.0253307279199362,0.047498));
#4102=CARTESIAN_POINT('',(0.0302923863506317,-0.0253307279199362,0.047498));
#4103=CARTESIAN_POINT('',(0.,1.38777878078145E-17,0.047498));
#4104=CARTESIAN_POINT('',(-0.00398899211585522,0.0328896248830557,0.047498));
#4105=CARTESIAN_POINT('',(-0.00398899211585522,0.0328896248830557,0.047498));
#4106=CARTESIAN_POINT('',(-0.00017899211585522,0.0328896248830557,0.047498));
#4107=CARTESIAN_POINT('',(0.,1.38777878078145E-17,0.047498));
#4108=CARTESIAN_POINT('',(0.00871100788414478,0.0664176248830557,0.047498));
#4109=CARTESIAN_POINT('',(0.00871100788414478,0.0664176248830557,0.047498));
#4110=CARTESIAN_POINT('',(0.0125210078841448,0.0664176248830557,0.047498));
#4111=CARTESIAN_POINT('',(0.,1.38777878078145E-17,0.047498));
#4112=CARTESIAN_POINT('',(0.0341110078841448,-0.000638375116944312,0.047498));
#4113=CARTESIAN_POINT('',(0.0341110078841448,-0.000638375116944312,0.047498));
#4114=CARTESIAN_POINT('',(0.0379210078841448,-0.000638375116944312,0.047498));
#4115=CARTESIAN_POINT('',(0.,1.38777878078145E-17,0.047498));
#4116=CARTESIAN_POINT('',(0.00108238635063171,0.0584892720800638,0.047498));
#4117=CARTESIAN_POINT('',(0.00108238635063171,0.0584892720800638,0.047498));
#4118=CARTESIAN_POINT('',(0.00489238635063171,0.0584892720800638,0.047498));
#4119=CARTESIAN_POINT('',(0.,1.38777878078145E-17,0.047498));
#4120=CARTESIAN_POINT('',(0.0264823863506317,-0.00856672791993618,0.047498));
#4121=CARTESIAN_POINT('',(0.0264823863506317,-0.00856672791993618,0.047498));
#4122=CARTESIAN_POINT('',(0.0302923863506317,-0.00856672791993618,0.047498));
#4123=CARTESIAN_POINT('',(0.,1.38777878078145E-17,0.047498));
#4124=CARTESIAN_POINT('',(-0.0116176136493683,0.00819727208006382,0.047498));
#4125=CARTESIAN_POINT('',(-0.0116176136493683,0.00819727208006382,0.047498));
#4126=CARTESIAN_POINT('',(-0.0078076136493683,0.00819727208006382,0.047498));
#4127=CARTESIAN_POINT('',(0.,1.38777878078145E-17,0.047498));
#4128=CARTESIAN_POINT('',(0.00108238635063171,0.0417252720800639,0.047498));
#4129=CARTESIAN_POINT('',(0.00108238635063171,0.0417252720800639,0.047498));
#4130=CARTESIAN_POINT('',(0.00489238635063171,0.0417252720800639,0.047498));
#4131=CARTESIAN_POINT('',(0.,1.38777878078145E-17,0.047498));
#4132=CARTESIAN_POINT('',(0.0264823863506317,0.00819727208006382,0.047498));
#4133=CARTESIAN_POINT('',(0.0264823863506317,0.00819727208006382,0.047498));
#4134=CARTESIAN_POINT('',(0.0302923863506317,0.00819727208006382,0.047498));
#4135=CARTESIAN_POINT('',(0.,1.38777878078145E-17,0.047498));
#4136=CARTESIAN_POINT('',(0.0137823863506317,-0.0253307279199362,0.047498));
#4137=CARTESIAN_POINT('',(0.0137823863506317,-0.0253307279199362,0.047498));
#4138=CARTESIAN_POINT('',(0.0175923863506317,-0.0253307279199362,0.047498));
#4139=CARTESIAN_POINT('',(0.,1.38777878078145E-17,0.047498));
#4140=CARTESIAN_POINT('',(-0.0116176136493683,0.0417252720800639,0.047498));
#4141=CARTESIAN_POINT('',(-0.0116176136493683,0.0417252720800639,0.047498));
#4142=CARTESIAN_POINT('',(-0.0078076136493683,0.0417252720800639,0.047498));
#4143=CARTESIAN_POINT('',(0.,1.38777878078145E-17,0.047498));
#4144=CARTESIAN_POINT('',(-0.0243176136493683,0.00819727208006382,0.047498));
#4145=CARTESIAN_POINT('',(-0.0243176136493683,0.00819727208006382,0.047498));
#4146=CARTESIAN_POINT('',(-0.0205076136493683,0.00819727208006382,0.047498));
#4147=CARTESIAN_POINT('',(0.,1.38777878078145E-17,0.047498));
#4148=CARTESIAN_POINT('',(0.0341110078841448,0.0161256248830557,0.047498));
#4149=CARTESIAN_POINT('',(0.0341110078841448,0.0161256248830557,0.047498));
#4150=CARTESIAN_POINT('',(0.0379210078841448,0.0161256248830557,0.047498));
#4151=CARTESIAN_POINT('',(0.,1.38777878078145E-17,0.047498));
#4152=CARTESIAN_POINT('',(0.0214110078841448,-0.0174023751169443,0.047498));
#4153=CARTESIAN_POINT('',(0.0214110078841448,-0.0174023751169443,0.047498));
#4154=CARTESIAN_POINT('',(0.0252210078841448,-0.0174023751169443,0.047498));
#4155=CARTESIAN_POINT('',(0.,1.38777878078145E-17,0.047498));
#4156=CARTESIAN_POINT('',(-0.00398899211585522,0.0496536248830557,0.047498));
#4157=CARTESIAN_POINT('',(-0.00398899211585522,0.0496536248830557,0.047498));
#4158=CARTESIAN_POINT('',(-0.00017899211585522,0.0496536248830557,0.047498));
#4159=CARTESIAN_POINT('',(0.,1.38777878078145E-17,0.047498));
#4160=CARTESIAN_POINT('',(-0.0166889921158552,0.0161256248830557,0.047498));
#4161=CARTESIAN_POINT('',(-0.0166889921158552,0.0161256248830557,0.047498));
#4162=CARTESIAN_POINT('',(-0.0128789921158552,0.0161256248830557,0.047498));
#4163=CARTESIAN_POINT('',(0.,1.38777878078145E-17,0.047498));
#4164=CARTESIAN_POINT('',(-0.0370176136493683,0.00819727208006382,0.047498));
#4165=CARTESIAN_POINT('',(-0.0370176136493683,0.00819727208006382,0.047498));
#4166=CARTESIAN_POINT('',(-0.0332076136493683,0.00819727208006382,0.047498));
#4167=CARTESIAN_POINT('',(0.,1.38777878078145E-17,0.047498));
#4168=CARTESIAN_POINT('',(-0.0293889921158552,0.0161256248830557,0.047498));
#4169=CARTESIAN_POINT('',(-0.0293889921158552,0.0161256248830557,0.047498));
#4170=CARTESIAN_POINT('',(-0.0255789921158552,0.0161256248830557,0.047498));
#4171=CARTESIAN_POINT('',(0.,1.38777878078145E-17,0.047498));
#4172=CARTESIAN_POINT('',(-0.0370176136493683,-0.00856672791993618,0.047498));
#4173=CARTESIAN_POINT('',(-0.0370176136493683,-0.00856672791993618,0.047498));
#4174=CARTESIAN_POINT('',(-0.0332076136493683,-0.00856672791993618,0.047498));
#4175=CARTESIAN_POINT('',(0.,1.38777878078145E-17,0.047498));
#4176=CARTESIAN_POINT('',(-0.0293889921158552,-0.000638375116944312,0.047498));
#4177=CARTESIAN_POINT('',(-0.0293889921158552,-0.000638375116944312,0.047498));
#4178=CARTESIAN_POINT('',(-0.0255789921158552,-0.000638375116944312,0.047498));
#4179=CARTESIAN_POINT('',(0.,1.38777878078145E-17,0.047498));
#4180=CARTESIAN_POINT('',(-0.0243176136493683,-0.0253307279199362,0.047498));
#4181=CARTESIAN_POINT('',(-0.0243176136493683,-0.0253307279199362,0.047498));
#4182=CARTESIAN_POINT('',(-0.0205076136493683,-0.0253307279199362,0.047498));
#4183=CARTESIAN_POINT('',(0.,1.38777878078145E-17,0.047498));
#4184=CARTESIAN_POINT('',(-0.0166889921158552,-0.000638375116944312,0.047498));
#4185=CARTESIAN_POINT('',(-0.0166889921158552,-0.000638375116944312,0.047498));
#4186=CARTESIAN_POINT('',(-0.0128789921158552,-0.000638375116944312,0.047498));
#4187=CARTESIAN_POINT('',(0.,1.38777878078145E-17,0.047498));
#4188=CARTESIAN_POINT('',(-0.0370176136493683,-0.0253307279199362,0.047498));
#4189=CARTESIAN_POINT('',(-0.0370176136493683,-0.0253307279199362,0.047498));
#4190=CARTESIAN_POINT('',(-0.0332076136493683,-0.0253307279199362,0.047498));
#4191=CARTESIAN_POINT('',(0.,1.38777878078145E-17,0.047498));
#4192=CARTESIAN_POINT('',(-0.0293889921158552,-0.0174023751169443,0.047498));
#4193=CARTESIAN_POINT('',(-0.0293889921158552,-0.0174023751169443,0.047498));
#4194=CARTESIAN_POINT('',(-0.0255789921158552,-0.0174023751169443,0.047498));
#4195=CARTESIAN_POINT('',(0.,1.38777878078145E-17,0.047498));
#4196=CARTESIAN_POINT('',(-0.0116176136493683,0.0249612720800639,0.047498));
#4197=CARTESIAN_POINT('',(-0.0116176136493683,0.0249612720800639,0.047498));
#4198=CARTESIAN_POINT('',(-0.0078076136493683,0.0249612720800639,0.047498));
#4199=CARTESIAN_POINT('',(0.,1.38777878078145E-17,0.047498));
#4200=CARTESIAN_POINT('',(-0.0166889921158552,-0.0174023751169443,0.047498));
#4201=CARTESIAN_POINT('',(-0.0166889921158552,-0.0174023751169443,0.047498));
#4202=CARTESIAN_POINT('',(-0.0128789921158552,-0.0174023751169443,0.047498));
#4203=CARTESIAN_POINT('',(0.,1.38777878078145E-17,0.047498));
#4204=CARTESIAN_POINT('',(-0.0370176136493683,0.0584892720800638,0.047498));
#4205=CARTESIAN_POINT('',(-0.0370176136493683,0.0584892720800638,0.047498));
#4206=CARTESIAN_POINT('',(-0.0332076136493683,0.0584892720800638,0.047498));
#4207=CARTESIAN_POINT('',(0.,1.38777878078145E-17,0.047498));
#4208=CARTESIAN_POINT('',(-0.0293889921158552,0.0664176248830557,0.047498));
#4209=CARTESIAN_POINT('',(-0.0293889921158552,0.0664176248830557,0.047498));
#4210=CARTESIAN_POINT('',(-0.0255789921158552,0.0664176248830557,0.047498));
#4211=CARTESIAN_POINT('',(0.,1.38777878078145E-17,0.047498));
#4212=CARTESIAN_POINT('',(-0.0370176136493683,0.0417252720800639,0.047498));
#4213=CARTESIAN_POINT('',(-0.0370176136493683,0.0417252720800639,0.047498));
#4214=CARTESIAN_POINT('',(-0.0332076136493683,0.0417252720800639,0.047498));
#4215=CARTESIAN_POINT('',(0.,1.38777878078145E-17,0.047498));
#4216=CARTESIAN_POINT('',(-0.0293889921158552,0.0496536248830557,0.047498));
#4217=CARTESIAN_POINT('',(-0.0293889921158552,0.0496536248830557,0.047498));
#4218=CARTESIAN_POINT('',(-0.0255789921158552,0.0496536248830557,0.047498));
#4219=CARTESIAN_POINT('',(0.,1.38777878078145E-17,0.047498));
#4220=CARTESIAN_POINT('',(-0.0370176136493683,0.0249612720800639,0.047498));
#4221=CARTESIAN_POINT('',(-0.0370176136493683,0.0249612720800639,0.047498));
#4222=CARTESIAN_POINT('',(-0.0332076136493683,0.0249612720800639,0.047498));
#4223=CARTESIAN_POINT('',(0.,1.38777878078145E-17,0.047498));
#4224=CARTESIAN_POINT('',(-0.0293889921158552,0.0328896248830557,0.047498));
#4225=CARTESIAN_POINT('',(-0.0293889921158552,0.0328896248830557,0.047498));
#4226=CARTESIAN_POINT('',(-0.0255789921158552,0.0328896248830557,0.047498));
#4227=CARTESIAN_POINT('',(0.,1.38777878078145E-17,0.047498));
#4228=CARTESIAN_POINT('',(0.0264823863506317,0.0584892720800638,0.047498));
#4229=CARTESIAN_POINT('',(0.0264823863506317,0.0584892720800638,0.047498));
#4230=CARTESIAN_POINT('',(0.0302923863506317,0.0584892720800638,0.047498));
#4231=CARTESIAN_POINT('',(0.,1.38777878078145E-17,0.047498));
#4232=CARTESIAN_POINT('',(0.0137823863506317,0.0249612720800639,0.047498));
#4233=CARTESIAN_POINT('',(0.0137823863506317,0.0249612720800639,0.047498));
#4234=CARTESIAN_POINT('',(0.0175923863506317,0.0249612720800639,0.047498));
#4235=CARTESIAN_POINT('',(0.,1.38777878078145E-17,0.047498));
#4236=CARTESIAN_POINT('',(0.00108238635063171,-0.00856672791993618,0.047498));
#4237=CARTESIAN_POINT('',(0.00108238635063171,-0.00856672791993618,0.047498));
#4238=CARTESIAN_POINT('',(0.00489238635063171,-0.00856672791993618,0.047498));
#4239=CARTESIAN_POINT('',(0.,1.38777878078145E-17,0.047498));
#4240=CARTESIAN_POINT('',(-0.0243176136493683,0.0584892720800638,0.047498));
#4241=CARTESIAN_POINT('',(-0.0243176136493683,0.0584892720800638,0.047498));
#4242=CARTESIAN_POINT('',(-0.0205076136493683,0.0584892720800638,0.047498));
#4243=CARTESIAN_POINT('',(0.,1.38777878078145E-17,0.047498));
#4244=CARTESIAN_POINT('',(0.0341110078841448,0.0664176248830557,0.047498));
#4245=CARTESIAN_POINT('',(0.0341110078841448,0.0664176248830557,0.047498));
#4246=CARTESIAN_POINT('',(0.0379210078841448,0.0664176248830557,0.047498));
#4247=CARTESIAN_POINT('',(0.,1.38777878078145E-17,0.047498));
#4248=CARTESIAN_POINT('',(0.0214110078841448,0.0328896248830557,0.047498));
#4249=CARTESIAN_POINT('',(0.0214110078841448,0.0328896248830557,0.047498));
#4250=CARTESIAN_POINT('',(0.0252210078841448,0.0328896248830557,0.047498));
#4251=CARTESIAN_POINT('',(0.,1.38777878078145E-17,0.047498));
#4252=CARTESIAN_POINT('',(0.00871100788414478,-0.000638375116944312,0.047498));
#4253=CARTESIAN_POINT('',(0.00871100788414478,-0.000638375116944312,0.047498));
#4254=CARTESIAN_POINT('',(0.0125210078841448,-0.000638375116944312,0.047498));
#4255=CARTESIAN_POINT('',(0.,1.38777878078145E-17,0.047498));
#4256=CARTESIAN_POINT('',(-0.0166889921158552,0.0664176248830557,0.047498));
#4257=CARTESIAN_POINT('',(-0.0166889921158552,0.0664176248830557,0.047498));
#4258=CARTESIAN_POINT('',(-0.0128789921158552,0.0664176248830557,0.047498));
#4259=CARTESIAN_POINT('',(0.,1.38777878078145E-17,0.047498));
#4260=CARTESIAN_POINT('',(0.00108238635063171,0.00819727208006382,0.047498));
#4261=CARTESIAN_POINT('',(0.00108238635063171,0.00819727208006382,0.047498));
#4262=CARTESIAN_POINT('',(0.00489238635063171,0.00819727208006382,0.047498));
#4263=CARTESIAN_POINT('',(0.,1.38777878078145E-17,0.047498));
#4264=CARTESIAN_POINT('',(0.0137823863506317,0.0417252720800639,0.047498));
#4265=CARTESIAN_POINT('',(0.0137823863506317,0.0417252720800639,0.047498));
#4266=CARTESIAN_POINT('',(0.0175923863506317,0.0417252720800639,0.047498));
#4267=CARTESIAN_POINT('',(0.,1.38777878078145E-17,0.047498));
#4268=CARTESIAN_POINT('',(-0.00398899211585522,-0.000638375116944312,0.047498));
#4269=CARTESIAN_POINT('',(-0.00398899211585522,-0.000638375116944312,0.047498));
#4270=CARTESIAN_POINT('',(-0.00017899211585522,-0.000638375116944312,0.047498));
#4271=CARTESIAN_POINT('',(0.,1.38777878078145E-17,0.047498));
#4272=CARTESIAN_POINT('',(0.00871100788414478,0.0328896248830557,0.047498));
#4273=CARTESIAN_POINT('',(0.00871100788414478,0.0328896248830557,0.047498));
#4274=CARTESIAN_POINT('',(0.0125210078841448,0.0328896248830557,0.047498));
#4275=CARTESIAN_POINT('',(0.,1.38777878078145E-17,0.047498));
#4276=CARTESIAN_POINT('',(-0.00398899211585522,-0.0174023751169443,0.047498));
#4277=CARTESIAN_POINT('',(-0.00398899211585522,-0.0174023751169443,0.047498));
#4278=CARTESIAN_POINT('',(-0.00017899211585522,-0.0174023751169443,0.047498));
#4279=CARTESIAN_POINT('',(0.,1.38777878078145E-17,0.047498));
#4280=CARTESIAN_POINT('',(0.00871100788414478,0.0161256248830557,0.047498));
#4281=CARTESIAN_POINT('',(0.00871100788414478,0.0161256248830557,0.047498));
#4282=CARTESIAN_POINT('',(0.0125210078841448,0.0161256248830557,0.047498));
#4283=CARTESIAN_POINT('',(0.,1.38777878078145E-17,0.047498));
#4284=CARTESIAN_POINT('',(0.0214110078841448,0.0496536248830557,0.047498));
#4285=CARTESIAN_POINT('',(0.0214110078841448,0.0496536248830557,0.047498));
#4286=CARTESIAN_POINT('',(0.0252210078841448,0.0496536248830557,0.047498));
#4287=CARTESIAN_POINT('',(0.,1.38777878078145E-17,0.047498));
#4288=CARTESIAN_POINT('',(-0.0116176136493683,-0.0253307279199362,0.047498));
#4289=CARTESIAN_POINT('',(-0.0116176136493683,-0.0253307279199362,0.047498));
#4290=CARTESIAN_POINT('',(-0.0078076136493683,-0.0253307279199362,0.047498));
#4291=CARTESIAN_POINT('',(0.,1.38777878078145E-17,0.047498));
#4292=CARTESIAN_POINT('',(0.0264823863506317,0.0249612720800639,0.047498));
#4293=CARTESIAN_POINT('',(0.0264823863506317,0.0249612720800639,0.047498));
#4294=CARTESIAN_POINT('',(0.0302923863506317,0.0249612720800639,0.047498));
#4295=CARTESIAN_POINT('',(0.,1.38777878078145E-17,0.047498));
#4296=CARTESIAN_POINT('',(0.0137823863506317,-0.00856672791993618,0.047498));
#4297=CARTESIAN_POINT('',(0.0137823863506317,-0.00856672791993618,0.047498));
#4298=CARTESIAN_POINT('',(0.0175923863506317,-0.00856672791993618,0.047498));
#4299=CARTESIAN_POINT('',(0.,1.38777878078145E-17,0.047498));
#4300=CARTESIAN_POINT('',(-0.0116176136493683,0.0584892720800638,0.047498));
#4301=CARTESIAN_POINT('',(-0.0116176136493683,0.0584892720800638,0.047498));
#4302=CARTESIAN_POINT('',(-0.0078076136493683,0.0584892720800638,0.047498));
#4303=CARTESIAN_POINT('',(0.,1.38777878078145E-17,0.047498));
#4304=CARTESIAN_POINT('',(-0.0243176136493683,0.0249612720800639,0.047498));
#4305=CARTESIAN_POINT('',(-0.0243176136493683,0.0249612720800639,0.047498));
#4306=CARTESIAN_POINT('',(-0.0205076136493683,0.0249612720800639,0.047498));
#4307=CARTESIAN_POINT('',(0.,1.38777878078145E-17,0.047498));
#4308=CARTESIAN_POINT('',(0.0341110078841448,0.0328896248830557,0.047498));
#4309=CARTESIAN_POINT('',(0.0341110078841448,0.0328896248830557,0.047498));
#4310=CARTESIAN_POINT('',(0.0379210078841448,0.0328896248830557,0.047498));
#4311=CARTESIAN_POINT('',(0.,1.38777878078145E-17,0.047498));
#4312=CARTESIAN_POINT('',(0.0214110078841448,-0.000638375116944312,0.047498));
#4313=CARTESIAN_POINT('',(0.0214110078841448,-0.000638375116944312,0.047498));
#4314=CARTESIAN_POINT('',(0.0252210078841448,-0.000638375116944312,0.047498));
#4315=CARTESIAN_POINT('',(0.,1.38777878078145E-17,0.047498));
#4316=CARTESIAN_POINT('',(-0.00398899211585522,0.0664176248830557,0.047498));
#4317=CARTESIAN_POINT('',(-0.00398899211585522,0.0664176248830557,0.047498));
#4318=CARTESIAN_POINT('',(-0.00017899211585522,0.0664176248830557,0.047498));
#4319=CARTESIAN_POINT('',(0.,1.38777878078145E-17,0.047498));
#4320=CARTESIAN_POINT('',(-0.0166889921158552,0.0328896248830557,0.047498));
#4321=CARTESIAN_POINT('',(-0.0166889921158552,0.0328896248830557,0.047498));
#4322=CARTESIAN_POINT('',(-0.0128789921158552,0.0328896248830557,0.047498));
#4323=CARTESIAN_POINT('',(0.,1.38777878078145E-17,0.047498));
#4324=CARTESIAN_POINT('',(0.0264823863506317,0.0417252720800639,0.047498));
#4325=CARTESIAN_POINT('',(0.0264823863506317,0.0417252720800639,0.047498));
#4326=CARTESIAN_POINT('',(0.0302923863506317,0.0417252720800639,0.047498));
#4327=CARTESIAN_POINT('',(0.,1.38777878078145E-17,0.047498));
#4328=CARTESIAN_POINT('',(0.0137823863506317,0.00819727208006382,0.047498));
#4329=CARTESIAN_POINT('',(0.0137823863506317,0.00819727208006382,0.047498));
#4330=CARTESIAN_POINT('',(0.0175923863506317,0.00819727208006382,0.047498));
#4331=CARTESIAN_POINT('',(0.,1.38777878078145E-17,0.047498));
#4332=CARTESIAN_POINT('',(0.00108238635063171,-0.0253307279199362,0.047498));
#4333=CARTESIAN_POINT('',(0.00108238635063171,-0.0253307279199362,0.047498));
#4334=CARTESIAN_POINT('',(0.00489238635063171,-0.0253307279199362,0.047498));
#4335=CARTESIAN_POINT('',(0.,1.38777878078145E-17,0.047498));
#4336=CARTESIAN_POINT('',(-0.0243176136493683,0.0417252720800639,0.047498));
#4337=CARTESIAN_POINT('',(-0.0243176136493683,0.0417252720800639,0.047498));
#4338=CARTESIAN_POINT('',(-0.0205076136493683,0.0417252720800639,0.047498));
#4339=CARTESIAN_POINT('',(0.,1.38777878078145E-17,0.047498));
#4340=CARTESIAN_POINT('',(0.0341110078841448,0.0496536248830557,0.047498));
#4341=CARTESIAN_POINT('',(0.0341110078841448,0.0496536248830557,0.047498));
#4342=CARTESIAN_POINT('',(0.0379210078841448,0.0496536248830557,0.047498));
#4343=CARTESIAN_POINT('',(0.,1.38777878078145E-17,0.047498));
#4344=CARTESIAN_POINT('',(0.0214110078841448,0.0161256248830557,0.047498));
#4345=CARTESIAN_POINT('',(0.0214110078841448,0.0161256248830557,0.047498));
#4346=CARTESIAN_POINT('',(0.0252210078841448,0.0161256248830557,0.047498));
#4347=CARTESIAN_POINT('',(0.,1.38777878078145E-17,0.047498));
#4348=CARTESIAN_POINT('',(0.00871100788414478,-0.0174023751169443,0.047498));
#4349=CARTESIAN_POINT('',(0.00871100788414478,-0.0174023751169443,0.047498));
#4350=CARTESIAN_POINT('',(0.0125210078841448,-0.0174023751169443,0.047498));
#4351=CARTESIAN_POINT('',(0.,1.38777878078145E-17,0.047498));
#4352=CARTESIAN_POINT('',(-0.0166889921158552,0.0496536248830557,0.047498));
#4353=CARTESIAN_POINT('',(-0.0166889921158552,0.0496536248830557,0.047498));
#4354=CARTESIAN_POINT('',(-0.0128789921158552,0.0496536248830557,0.047498));
#4355=CARTESIAN_POINT('',(0.,1.38777878078145E-17,0.047498));
#4356=MECHANICAL_DESIGN_GEOMETRIC_PRESENTATION_REPRESENTATION('',(#2493),
#4357);
#4357=(
GEOMETRIC_REPRESENTATION_CONTEXT(3)
GLOBAL_UNCERTAINTY_ASSIGNED_CONTEXT((#4358))
GLOBAL_UNIT_ASSIGNED_CONTEXT((#4361,#4360,#4359))
REPRESENTATION_CONTEXT('psu 24 v','TOP_LEVEL_ASSEMBLY_PART')
);
#4358=UNCERTAINTY_MEASURE_WITH_UNIT(LENGTH_MEASURE(1.E-8),#4361,
'DISTANCE_ACCURACY_VALUE','Maximum Tolerance applied to model');
#4359=(
NAMED_UNIT(*)
SI_UNIT($,.STERADIAN.)
SOLID_ANGLE_UNIT()
);
#4360=(
NAMED_UNIT(*)
PLANE_ANGLE_UNIT()
SI_UNIT($,.RADIAN.)
);
#4361=(
LENGTH_UNIT()
NAMED_UNIT(*)
SI_UNIT($,.METRE.)
);
#4362=PRODUCT_DEFINITION_SHAPE('','',#4363);
#4363=PRODUCT_DEFINITION('','',#4365,#4364);
#4364=PRODUCT_DEFINITION_CONTEXT('',#4371,'design');
#4365=PRODUCT_DEFINITION_FORMATION_WITH_SPECIFIED_SOURCE('','',#4367,
 .NOT_KNOWN.);
#4366=PRODUCT_RELATED_PRODUCT_CATEGORY('','',(#4367));
#4367=PRODUCT('psu 24 v','psu 24 v','psu 24 v',(#4369));
#4368=PRODUCT_CATEGORY('','');
#4369=PRODUCT_CONTEXT('',#4371,'mechanical');
#4370=APPLICATION_PROTOCOL_DEFINITION('international standard',
'ap242_managed_model_based_3d_engineering',2020,#4371);
#4371=APPLICATION_CONTEXT('managed model based 3d engineering');
ENDSEC;
END-ISO-10303-21;
